[2026-08-31 22:41:58.236] [info] Loaded model AB03_ik from file C:\Users\edgar\Documents\GitHub\WR26\IK\solution\results\Model_ik.osim
[2026-08-31 22:41:58.448] [cout] [info] 
               MODEL: AB03_ik
         coordinates: 42
              forces: 0
           actuators: 0
             muscles: 0
            analyses: 0
              probes: 0
              bodies: 23
              joints: 23
         constraints: 2
             markers: 57
         controllers: 0
  contact geometries: 0
misc modelcomponents: 0
[2026-08-31 22:41:58.448] [info] Running tool .
[2026-08-31 22:41:58.540] [info] Frame 0 (t = 0):	 total squared error = 0.017926456359668885, marker error: RMS = 0.024862696305404792, max = 0.05257448074384014 (LTTC)
[2026-08-31 22:41:58.562] [info] Frame 1 (t = 0.005):	 total squared error = 0.017890828980145497, marker error: RMS = 0.024837977720547147, max = 0.05253380345000734 (LTTC)
[2026-08-31 22:41:58.571] [info] Frame 2 (t = 0.01):	 total squared error = 0.01784690383188077, marker error: RMS = 0.02480746816911, max = 0.05246414030345576 (LTTC)
[2026-08-31 22:41:58.580] [info] Frame 3 (t = 0.015):	 total squared error = 0.017799208797859397, marker error: RMS = 0.024774297580675043, max = 0.052391124523894925 (LTTC)
[2026-08-31 22:41:58.590] [info] Frame 4 (t = 0.02):	 total squared error = 0.017744930399380673, marker error: RMS = 0.024736494329285666, max = 0.052302365316833896 (LTTC)
[2026-08-31 22:41:58.600] [info] Frame 5 (t = 0.025):	 total squared error = 0.0177201915525203, marker error: RMS = 0.024719245296285674, max = 0.05220779543871334 (LTTC)
[2026-08-31 22:41:58.611] [info] Frame 6 (t = 0.03):	 total squared error = 0.017659509525883563, marker error: RMS = 0.02467688400792962, max = 0.052145637984431524 (LTTC)
[2026-08-31 22:41:58.622] [info] Frame 7 (t = 0.035):	 total squared error = 0.017608503854771536, marker error: RMS = 0.024641221319073658, max = 0.05205516429915076 (LTTC)
[2026-08-31 22:41:58.633] [info] Frame 8 (t = 0.04):	 total squared error = 0.017573145810537632, marker error: RMS = 0.02461646898299902, max = 0.051991120820791895 (LTTC)
[2026-08-31 22:41:58.639] [info] Frame 9 (t = 0.045):	 total squared error = 0.01751407512996728, marker error: RMS = 0.024575061041049024, max = 0.051746262863488476 (LTTC)
[2026-08-31 22:41:58.653] [info] Frame 10 (t = 0.05):	 total squared error = 0.017493228756972633, marker error: RMS = 0.0245604312812946, max = 0.051862998965112796 (LTTC)
[2026-08-31 22:41:58.663] [info] Frame 11 (t = 0.055):	 total squared error = 0.017444146999061712, marker error: RMS = 0.024525951771796194, max = 0.05178687971735247 (LTTC)
[2026-08-31 22:41:58.674] [info] Frame 12 (t = 0.06):	 total squared error = 0.017395817850604876, marker error: RMS = 0.024491953534822253, max = 0.05170557947600644 (LTTC)
[2026-08-31 22:41:58.685] [info] Frame 13 (t = 0.065):	 total squared error = 0.017358549814025702, marker error: RMS = 0.024465704225349116, max = 0.05161626505280656 (LTTC)
[2026-08-31 22:41:58.697] [info] Frame 14 (t = 0.07):	 total squared error = 0.017305926852846727, marker error: RMS = 0.02442859182134789, max = 0.05155551917992396 (LTTC)
[2026-08-31 22:41:58.707] [info] Frame 15 (t = 0.075):	 total squared error = 0.017262859982124824, marker error: RMS = 0.024398176855379445, max = 0.05148266182860009 (LTTC)
[2026-08-31 22:41:58.718] [info] Frame 16 (t = 0.08):	 total squared error = 0.017226673055070224, marker error: RMS = 0.02437259134346459, max = 0.0514205152741504 (LTTC)
[2026-08-31 22:41:58.728] [info] Frame 17 (t = 0.085):	 total squared error = 0.017188947039399438, marker error: RMS = 0.0243458890103325, max = 0.05135928793279515 (LTTC)
[2026-08-31 22:41:58.733] [info] Frame 18 (t = 0.09):	 total squared error = 0.01713428453034553, marker error: RMS = 0.024307147047691997, max = 0.05108973355329731 (LTTC)
[2026-08-31 22:41:58.747] [info] Frame 19 (t = 0.095):	 total squared error = 0.01712436785434313, marker error: RMS = 0.024300112000836774, max = 0.05123714662848741 (LTTC)
[2026-08-31 22:41:58.753] [info] Frame 20 (t = 0.1):	 total squared error = 0.017067510045708778, marker error: RMS = 0.024259736790871653, max = 0.05096495611953005 (LTTC)
[2026-08-31 22:41:58.770] [info] Frame 21 (t = 0.105):	 total squared error = 0.016987416985606484, marker error: RMS = 0.02420274776763316, max = 0.05092390863311816 (LTTC)
[2026-08-31 22:41:58.780] [info] Frame 22 (t = 0.11):	 total squared error = 0.01697318581006228, marker error: RMS = 0.02419260774105372, max = 0.050876485711851056 (LTTC)
[2026-08-31 22:41:58.789] [info] Frame 23 (t = 0.115):	 total squared error = 0.016953934930679503, marker error: RMS = 0.0241788842977814, max = 0.05090480636853752 (LTTC)
[2026-08-31 22:41:58.798] [info] Frame 24 (t = 0.12):	 total squared error = 0.016926837504901152, marker error: RMS = 0.024159554049964234, max = 0.05086642402714683 (LTTC)
[2026-08-31 22:41:58.809] [info] Frame 25 (t = 0.125):	 total squared error = 0.016903400487176253, marker error: RMS = 0.024142822512460027, max = 0.05081008214674967 (LTTC)
[2026-08-31 22:41:58.818] [info] Frame 26 (t = 0.13):	 total squared error = 0.0168761223199775, marker error: RMS = 0.024123334189390513, max = 0.05074982471158149 (LTTC)
[2026-08-31 22:41:58.829] [info] Frame 27 (t = 0.135):	 total squared error = 0.016799272934682773, marker error: RMS = 0.02406834588437167, max = 0.05054411017483576 (LTTC)
[2026-08-31 22:41:58.841] [info] Frame 28 (t = 0.14):	 total squared error = 0.016789328178677464, marker error: RMS = 0.024061220895641975, max = 0.050509850170266365 (LTTC)
[2026-08-31 22:41:58.850] [info] Frame 29 (t = 0.145):	 total squared error = 0.01677918860025692, marker error: RMS = 0.024053954152149018, max = 0.050500975576781904 (LTTC)
[2026-08-31 22:41:58.861] [info] Frame 30 (t = 0.15):	 total squared error = 0.016760398810487902, marker error: RMS = 0.024040482244924877, max = 0.050468312177547124 (LTTC)
[2026-08-31 22:41:58.873] [info] Frame 31 (t = 0.155):	 total squared error = 0.01670256136133056, marker error: RMS = 0.023998966472955022, max = 0.05034098101899074 (LTTC)
[2026-08-31 22:41:58.884] [info] Frame 32 (t = 0.16):	 total squared error = 0.016694759845002453, marker error: RMS = 0.023993361039370907, max = 0.05030609248025783 (LTTC)
[2026-08-31 22:41:58.896] [info] Frame 33 (t = 0.165):	 total squared error = 0.01665675494490114, marker error: RMS = 0.02396603555386257, max = 0.0502160573298054 (LTTC)
[2026-08-31 22:41:58.910] [info] Frame 34 (t = 0.17):	 total squared error = 0.016648236652279182, marker error: RMS = 0.023959906634639906, max = 0.05019737089720443 (LTTC)
[2026-08-31 22:41:58.919] [info] Frame 35 (t = 0.175):	 total squared error = 0.016621099465956145, marker error: RMS = 0.02394037094313786, max = 0.05014420635542222 (LTTC)
[2026-08-31 22:41:58.926] [info] Frame 36 (t = 0.18):	 total squared error = 0.016595470507317175, marker error: RMS = 0.023921906355902998, max = 0.05008763828568669 (LTTC)
[2026-08-31 22:41:58.932] [info] Frame 37 (t = 0.185):	 total squared error = 0.016549737496119397, marker error: RMS = 0.023888922188212303, max = 0.04978609854117111 (LTTC)
[2026-08-31 22:41:58.943] [info] Frame 38 (t = 0.19):	 total squared error = 0.016484837114315823, marker error: RMS = 0.023842035548885893, max = 0.04974984575442211 (LTTC)
[2026-08-31 22:41:58.954] [info] Frame 39 (t = 0.195):	 total squared error = 0.01648595776398585, marker error: RMS = 0.023842845933453677, max = 0.04976043820449059 (LTTC)
[2026-08-31 22:41:58.967] [info] Frame 40 (t = 0.2):	 total squared error = 0.016460279170625855, marker error: RMS = 0.023824269841274403, max = 0.04969756475627367 (LTTC)
[2026-08-31 22:41:58.980] [info] Frame 41 (t = 0.205):	 total squared error = 0.016435316224177585, marker error: RMS = 0.02380619755889252, max = 0.049633955804526904 (LTTC)
[2026-08-31 22:41:58.990] [info] Frame 42 (t = 0.21):	 total squared error = 0.01641544097789952, marker error: RMS = 0.023791798773802015, max = 0.049565938455044166 (LTTC)
[2026-08-31 22:41:59.003] [info] Frame 43 (t = 0.215):	 total squared error = 0.01638461586862779, marker error: RMS = 0.023769450016578285, max = 0.04946497407408813 (LTTC)
[2026-08-31 22:41:59.014] [info] Frame 44 (t = 0.22):	 total squared error = 0.016358987363691048, marker error: RMS = 0.023750852880287703, max = 0.049385052418465296 (LTTC)
[2026-08-31 22:41:59.019] [info] Frame 45 (t = 0.225):	 total squared error = 0.016326342937432785, marker error: RMS = 0.023727143584302262, max = 0.04908572572537101 (LTTC)
[2026-08-31 22:41:59.032] [info] Frame 46 (t = 0.23):	 total squared error = 0.01625416825849603, marker error: RMS = 0.023674639609459616, max = 0.04901626358104198 (LTTC)
[2026-08-31 22:41:59.044] [info] Frame 47 (t = 0.235):	 total squared error = 0.01623419031863086, marker error: RMS = 0.023660085928831384, max = 0.04893919429871621 (LTTC)
[2026-08-31 22:41:59.058] [info] Frame 48 (t = 0.24):	 total squared error = 0.016227089057037822, marker error: RMS = 0.023654910591043663, max = 0.0488745465707022 (LTTC)
[2026-08-31 22:41:59.067] [info] Frame 49 (t = 0.245):	 total squared error = 0.016183225644323337, marker error: RMS = 0.023622918185468883, max = 0.04879924500537774 (LTTC)
[2026-08-31 22:41:59.078] [info] Frame 50 (t = 0.25):	 total squared error = 0.016171176912189063, marker error: RMS = 0.023614122682739772, max = 0.0487125247492913 (LTTC)
[2026-08-31 22:41:59.083] [info] Frame 51 (t = 0.255):	 total squared error = 0.016146562876106125, marker error: RMS = 0.023596144392899362, max = 0.048342539912032335 (LTTC)
[2026-08-31 22:41:59.100] [info] Frame 52 (t = 0.26):	 total squared error = 0.01605539398151217, marker error: RMS = 0.023529434230864066, max = 0.04828541901965323 (LTTC)
[2026-08-31 22:41:59.109] [info] Frame 53 (t = 0.265):	 total squared error = 0.016057256289115023, marker error: RMS = 0.02353079881194228, max = 0.04824370192321808 (LTTC)
[2026-08-31 22:41:59.119] [info] Frame 54 (t = 0.27):	 total squared error = 0.016028567341066554, marker error: RMS = 0.023509768579411144, max = 0.048190577802779674 (LTTC)
[2026-08-31 22:41:59.131] [info] Frame 55 (t = 0.275):	 total squared error = 0.015970053507117273, marker error: RMS = 0.023466817002853694, max = 0.04795089598256169 (LTTC)
[2026-08-31 22:41:59.144] [info] Frame 56 (t = 0.28):	 total squared error = 0.01594394428254607, marker error: RMS = 0.023447626365087813, max = 0.04788285721964141 (LTTC)
[2026-08-31 22:41:59.162] [info] Frame 57 (t = 0.285):	 total squared error = 0.01587119127271339, marker error: RMS = 0.023394068856865666, max = 0.047624084684222315 (LTTC)
[2026-08-31 22:41:59.172] [info] Frame 58 (t = 0.29):	 total squared error = 0.015865305131563798, marker error: RMS = 0.023389730380987794, max = 0.04758987550090694 (LTTC)
[2026-08-31 22:41:59.182] [info] Frame 59 (t = 0.295):	 total squared error = 0.015846727051364203, marker error: RMS = 0.023376031824074526, max = 0.04753794031105063 (LTTC)
[2026-08-31 22:41:59.194] [info] Frame 60 (t = 0.3):	 total squared error = 0.01581014170703522, marker error: RMS = 0.023349032105048673, max = 0.04743296442020896 (LTTC)
[2026-08-31 22:41:59.204] [info] Frame 61 (t = 0.305):	 total squared error = 0.015771337139037105, marker error: RMS = 0.02332036045370943, max = 0.04732228388194459 (LTTC)
[2026-08-31 22:41:59.214] [info] Frame 62 (t = 0.31):	 total squared error = 0.015726297205080505, marker error: RMS = 0.02328703739250696, max = 0.04719150188500028 (LTTC)
[2026-08-31 22:41:59.220] [info] Frame 63 (t = 0.315):	 total squared error = 0.015674807121355848, marker error: RMS = 0.023248883637533673, max = 0.046764017306665386 (LTTC)
[2026-08-31 22:41:59.237] [info] Frame 64 (t = 0.32):	 total squared error = 0.015592076685673067, marker error: RMS = 0.023187449552448565, max = 0.0467623664280871 (LTTC)
[2026-08-31 22:41:59.248] [info] Frame 65 (t = 0.325):	 total squared error = 0.015586256263753482, marker error: RMS = 0.023183121285608278, max = 0.0467493856710908 (LTTC)
[2026-08-31 22:41:59.258] [info] Frame 66 (t = 0.33):	 total squared error = 0.015561950970895458, marker error: RMS = 0.02316503829041504, max = 0.04670176030855151 (LTTC)
[2026-08-31 22:41:59.270] [info] Frame 67 (t = 0.335):	 total squared error = 0.015529420586294772, marker error: RMS = 0.02314081376262234, max = 0.04665614092023141 (LTTC)
[2026-08-31 22:41:59.280] [info] Frame 68 (t = 0.34):	 total squared error = 0.01550110920052206, marker error: RMS = 0.023119710355334337, max = 0.04657309511824915 (LTTC)
[2026-08-31 22:41:59.288] [info] Frame 69 (t = 0.345):	 total squared error = 0.015464366816317732, marker error: RMS = 0.023092293696142168, max = 0.04649448577520096 (LTTC)
[2026-08-31 22:41:59.297] [info] Frame 70 (t = 0.35):	 total squared error = 0.015424687569911319, marker error: RMS = 0.023062648986463027, max = 0.046413108001060834 (LTTC)
[2026-08-31 22:41:59.305] [info] Frame 71 (t = 0.355):	 total squared error = 0.015382533461153067, marker error: RMS = 0.023031113484059406, max = 0.046315936319124486 (LTTC)
[2026-08-31 22:41:59.314] [info] Frame 72 (t = 0.36):	 total squared error = 0.015347917717867763, marker error: RMS = 0.023005185111088327, max = 0.04622441428454661 (LTTC)
[2026-08-31 22:41:59.322] [info] Frame 73 (t = 0.365):	 total squared error = 0.015305826425378052, marker error: RMS = 0.022973617871734624, max = 0.04610646202940877 (LTTC)
[2026-08-31 22:41:59.332] [info] Frame 74 (t = 0.37):	 total squared error = 0.015272529836289638, marker error: RMS = 0.022948615641734393, max = 0.04595766074447468 (LTTC)
[2026-08-31 22:41:59.341] [info] Frame 75 (t = 0.375):	 total squared error = 0.01523142908235861, marker error: RMS = 0.022917715691035276, max = 0.045903069337818646 (LTTC)
[2026-08-31 22:41:59.353] [info] Frame 76 (t = 0.38):	 total squared error = 0.015170184050338967, marker error: RMS = 0.022871593622641923, max = 0.045682330632162094 (LTTC)
[2026-08-31 22:41:59.362] [info] Frame 77 (t = 0.385):	 total squared error = 0.015145842195770993, marker error: RMS = 0.022853236544170877, max = 0.045642222485015156 (LTTC)
[2026-08-31 22:41:59.376] [info] Frame 78 (t = 0.39):	 total squared error = 0.015069090050354115, marker error: RMS = 0.02279525816567553, max = 0.04544625112261502 (LTTC)
[2026-08-31 22:41:59.386] [info] Frame 79 (t = 0.395):	 total squared error = 0.015050503207730452, marker error: RMS = 0.022781195518060165, max = 0.045419540227506695 (LTTC)
[2026-08-31 22:41:59.397] [info] Frame 80 (t = 0.4):	 total squared error = 0.014998287475556003, marker error: RMS = 0.022741643008879337, max = 0.045288240153762586 (LTTC)
[2026-08-31 22:41:59.414] [info] Frame 81 (t = 0.405):	 total squared error = 0.01495208492808371, marker error: RMS = 0.022706587930624064, max = 0.0451471006354779 (LTTC)
[2026-08-31 22:41:59.423] [info] Frame 82 (t = 0.41):	 total squared error = 0.014932146165150335, marker error: RMS = 0.022691443142773788, max = 0.04509635831950267 (LTTC)
[2026-08-31 22:41:59.431] [info] Frame 83 (t = 0.415):	 total squared error = 0.014896981638383912, marker error: RMS = 0.022664708734356998, max = 0.04505824207318618 (LTTC)
[2026-08-31 22:41:59.439] [info] Frame 84 (t = 0.42):	 total squared error = 0.014857385040581665, marker error: RMS = 0.022634566973746658, max = 0.044974067003375084 (LTTC)
[2026-08-31 22:41:59.451] [info] Frame 85 (t = 0.425):	 total squared error = 0.014764195037667101, marker error: RMS = 0.022563469895223533, max = 0.044700014533715256 (LTTC)
[2026-08-31 22:41:59.459] [info] Frame 86 (t = 0.43):	 total squared error = 0.014730594533424003, marker error: RMS = 0.022537780184288567, max = 0.04464440377820795 (LTTC)
[2026-08-31 22:41:59.470] [info] Frame 87 (t = 0.435):	 total squared error = 0.014642143154787249, marker error: RMS = 0.022470013086247013, max = 0.044430718909305715 (LTTC)
[2026-08-31 22:41:59.479] [info] Frame 88 (t = 0.44):	 total squared error = 0.014617769200533134, marker error: RMS = 0.022451303011516627, max = 0.04436232465818536 (LTTC)
[2026-08-31 22:41:59.487] [info] Frame 89 (t = 0.445):	 total squared error = 0.014566882814306169, marker error: RMS = 0.022412190967007042, max = 0.044296582224895235 (LTTC)
[2026-08-31 22:41:59.503] [info] Frame 90 (t = 0.45):	 total squared error = 0.014470661563710227, marker error: RMS = 0.022338046686832563, max = 0.044018519163504244 (LTTC)
[2026-08-31 22:41:59.512] [info] Frame 91 (t = 0.455):	 total squared error = 0.014422602952049222, marker error: RMS = 0.0223009223189885, max = 0.043907365940861025 (LTTC)
[2026-08-31 22:41:59.525] [info] Frame 92 (t = 0.46):	 total squared error = 0.014333479582666113, marker error: RMS = 0.022231912122974467, max = 0.04370656078502238 (LTTC)
[2026-08-31 22:41:59.534] [info] Frame 93 (t = 0.465):	 total squared error = 0.014284898142710674, marker error: RMS = 0.0221942040762049, max = 0.04359951485063735 (LTTC)
[2026-08-31 22:41:59.549] [info] Frame 94 (t = 0.47):	 total squared error = 0.014184955815933568, marker error: RMS = 0.022116428451402027, max = 0.04340171745109055 (LTTC)
[2026-08-31 22:41:59.559] [info] Frame 95 (t = 0.475):	 total squared error = 0.014129205658499204, marker error: RMS = 0.022072924324250977, max = 0.043271750242827825 (LTTC)
[2026-08-31 22:41:59.572] [info] Frame 96 (t = 0.48):	 total squared error = 0.014035953340559976, marker error: RMS = 0.021999963433010344, max = 0.04311440160533897 (LTTC)
[2026-08-31 22:41:59.581] [info] Frame 97 (t = 0.485):	 total squared error = 0.01396726791903343, marker error: RMS = 0.021946068628402038, max = 0.042929562789216696 (LTTC)
[2026-08-31 22:41:59.593] [info] Frame 98 (t = 0.49):	 total squared error = 0.013882727114230123, marker error: RMS = 0.021879550454177544, max = 0.04273688726213839 (LTTC)
[2026-08-31 22:41:59.601] [info] Frame 99 (t = 0.495):	 total squared error = 0.013789701277699332, marker error: RMS = 0.02180612163155846, max = 0.042533306402508776 (LTTC)
[2026-08-31 22:41:59.613] [info] Frame 100 (t = 0.5):	 total squared error = 0.013660492567346898, marker error: RMS = 0.021703720138251604, max = 0.042287722059706614 (LTTC)
[2026-08-31 22:41:59.623] [info] Frame 101 (t = 0.505):	 total squared error = 0.01358227209987469, marker error: RMS = 0.02164149279371704, max = 0.042155757034067085 (LTTC)
[2026-08-31 22:41:59.639] [info] Frame 102 (t = 0.51):	 total squared error = 0.013476666134085956, marker error: RMS = 0.021557194282032826, max = 0.04194833289371556 (LTTC)
[2026-08-31 22:41:59.647] [info] Frame 103 (t = 0.515):	 total squared error = 0.013380736889964205, marker error: RMS = 0.021480333338744845, max = 0.041766107714514805 (LTTC)
[2026-08-31 22:41:59.661] [info] Frame 104 (t = 0.52):	 total squared error = 0.013274637363287283, marker error: RMS = 0.02139500212609065, max = 0.04155082976902183 (LTTC)
[2026-08-31 22:41:59.674] [info] Frame 105 (t = 0.525):	 total squared error = 0.013174302217891412, marker error: RMS = 0.021313992666217325, max = 0.04135253247485188 (LTTC)
[2026-08-31 22:41:59.689] [info] Frame 106 (t = 0.53):	 total squared error = 0.013046772988364074, marker error: RMS = 0.021210580466755082, max = 0.041114395250324856 (LTTC)
[2026-08-31 22:41:59.702] [info] Frame 107 (t = 0.535):	 total squared error = 0.012955996838369212, marker error: RMS = 0.021136662737241747, max = 0.04091578678499836 (LTTC)
[2026-08-31 22:41:59.716] [info] Frame 108 (t = 0.54):	 total squared error = 0.012813764176554217, marker error: RMS = 0.021020322003303355, max = 0.04065809234425458 (LTTC)
[2026-08-31 22:41:59.725] [info] Frame 109 (t = 0.545):	 total squared error = 0.012693267598892008, marker error: RMS = 0.020921254329518916, max = 0.040410256059327805 (LTTC)
[2026-08-31 22:41:59.740] [info] Frame 110 (t = 0.55):	 total squared error = 0.012561775950120346, marker error: RMS = 0.020812608869028994, max = 0.040196915387846706 (LTTC)
[2026-08-31 22:41:59.748] [info] Frame 111 (t = 0.555):	 total squared error = 0.012442615389945115, marker error: RMS = 0.02071365981910381, max = 0.039926785262724744 (LTTC)
[2026-08-31 22:41:59.759] [info] Frame 112 (t = 0.56):	 total squared error = 0.012322868260638551, marker error: RMS = 0.02061374521396238, max = 0.039737309445280214 (LTTC)
[2026-08-31 22:41:59.769] [info] Frame 113 (t = 0.565):	 total squared error = 0.012200143114445911, marker error: RMS = 0.02051084079586469, max = 0.03952761653423966 (LTTC)
[2026-08-31 22:41:59.783] [info] Frame 114 (t = 0.57):	 total squared error = 0.012031051967439225, marker error: RMS = 0.020368207111726357, max = 0.039200749738052924 (LTTC)
[2026-08-31 22:41:59.793] [info] Frame 115 (t = 0.575):	 total squared error = 0.01190447059591629, marker error: RMS = 0.020260774567278494, max = 0.03891615355428439 (LTTC)
[2026-08-31 22:41:59.802] [info] Frame 116 (t = 0.58):	 total squared error = 0.011778821795218077, marker error: RMS = 0.02015356714828974, max = 0.038714326772178786 (LTTC)
[2026-08-31 22:41:59.817] [info] Frame 117 (t = 0.585):	 total squared error = 0.01159728704287883, marker error: RMS = 0.01999766110710056, max = 0.03841597468580056 (LTTC)
[2026-08-31 22:41:59.828] [info] Frame 118 (t = 0.59):	 total squared error = 0.011460139866762824, marker error: RMS = 0.01987906528951814, max = 0.03810728550572142 (LTTC)
[2026-08-31 22:41:59.847] [info] Frame 119 (t = 0.595):	 total squared error = 0.011305175075023864, marker error: RMS = 0.019744204802338457, max = 0.037884708130866925 (LTTC)
[2026-08-31 22:41:59.856] [info] Frame 120 (t = 0.6):	 total squared error = 0.011156301924200793, marker error: RMS = 0.019613772364125967, max = 0.037526221686335515 (LTTC)
[2026-08-31 22:41:59.872] [info] Frame 121 (t = 0.605):	 total squared error = 0.010999980953794838, marker error: RMS = 0.01947587451340481, max = 0.03733851237878329 (LTTC)
[2026-08-31 22:41:59.880] [info] Frame 122 (t = 0.61):	 total squared error = 0.010855857710242719, marker error: RMS = 0.01934786605915113, max = 0.036988269466727654 (LTTC)
[2026-08-31 22:41:59.895] [info] Frame 123 (t = 0.615):	 total squared error = 0.010694097965379654, marker error: RMS = 0.019203176789432393, max = 0.03679207876320128 (LTTC)
[2026-08-31 22:41:59.913] [info] Frame 124 (t = 0.62):	 total squared error = 0.010525240068219564, marker error: RMS = 0.019050966188023807, max = 0.036500263390303225 (LTTC)
[2026-08-31 22:41:59.930] [info] Frame 125 (t = 0.625):	 total squared error = 0.0103642220580945, marker error: RMS = 0.018904681100735343, max = 0.03622097437142144 (LTTC)
[2026-08-31 22:41:59.939] [info] Frame 126 (t = 0.63):	 total squared error = 0.0102052094290413, marker error: RMS = 0.01875909841690739, max = 0.03584375193943841 (LTTC)
[2026-08-31 22:41:59.955] [info] Frame 127 (t = 0.635):	 total squared error = 0.010036229267911654, marker error: RMS = 0.018603141436523522, max = 0.035647735930873586 (LTTC)
[2026-08-31 22:41:59.971] [info] Frame 128 (t = 0.64):	 total squared error = 0.00987369486466487, marker error: RMS = 0.018451889787026738, max = 0.03534953754898541 (LTTC)
[2026-08-31 22:41:59.981] [info] Frame 129 (t = 0.645):	 total squared error = 0.009712019659465249, marker error: RMS = 0.018300197529992204, max = 0.03499575037494581 (LTTC)
[2026-08-31 22:41:59.999] [info] Frame 130 (t = 0.65):	 total squared error = 0.009545834289640407, marker error: RMS = 0.018142951789683306, max = 0.03480589198085364 (LTTC)
[2026-08-31 22:42:00.019] [info] Frame 131 (t = 0.655):	 total squared error = 0.00937762085804624, marker error: RMS = 0.017982386840582457, max = 0.034518026225296324 (LTTC)
[2026-08-31 22:42:00.029] [info] Frame 132 (t = 0.66):	 total squared error = 0.009212405608624389, marker error: RMS = 0.017823275762835586, max = 0.034106661045385546 (LTTC)
[2026-08-31 22:42:00.039] [info] Frame 133 (t = 0.665):	 total squared error = 0.00906379434180354, marker error: RMS = 0.017678931881648964, max = 0.03383645738493986 (LTTC)
[2026-08-31 22:42:00.052] [info] Frame 134 (t = 0.67):	 total squared error = 0.008877075299257239, marker error: RMS = 0.017495886510890887, max = 0.033649467009894185 (LTTC)
[2026-08-31 22:42:00.061] [info] Frame 135 (t = 0.675):	 total squared error = 0.008713476341495212, marker error: RMS = 0.017333917659631055, max = 0.033231040434353605 (LTTC)
[2026-08-31 22:42:00.070] [info] Frame 136 (t = 0.68):	 total squared error = 0.008558782545258267, marker error: RMS = 0.0171793606573444, max = 0.032939542114158595 (LTTC)
[2026-08-31 22:42:00.085] [info] Frame 137 (t = 0.685):	 total squared error = 0.008387304680554675, marker error: RMS = 0.017006392997274508, max = 0.03279309175329772 (LTTC)
[2026-08-31 22:42:00.099] [info] Frame 138 (t = 0.69):	 total squared error = 0.008224035471534418, marker error: RMS = 0.016840054336400196, max = 0.03254295967030719 (LTTC)
[2026-08-31 22:42:00.111] [info] Frame 139 (t = 0.695):	 total squared error = 0.00806164507746325, marker error: RMS = 0.01667296498202513, max = 0.03208031503247459 (LTTC)
[2026-08-31 22:42:00.127] [info] Frame 140 (t = 0.7):	 total squared error = 0.007904509157634694, marker error: RMS = 0.01650967235585698, max = 0.031913011721753724 (LTTC)
[2026-08-31 22:42:00.135] [info] Frame 141 (t = 0.705):	 total squared error = 0.007757703034712445, marker error: RMS = 0.016355641265232645, max = 0.03150098838634058 (LTTC)
[2026-08-31 22:42:00.146] [info] Frame 142 (t = 0.71):	 total squared error = 0.007617397100320857, marker error: RMS = 0.016207062211526967, max = 0.031152642083175315 (LTTC)
[2026-08-31 22:42:00.162] [info] Frame 143 (t = 0.715):	 total squared error = 0.007422693458379068, marker error: RMS = 0.01599859202682091, max = 0.03095669282728863 (LTTC)
[2026-08-31 22:42:00.172] [info] Frame 144 (t = 0.72):	 total squared error = 0.0072932548602826055, marker error: RMS = 0.015858485012960624, max = 0.03054200133299535 (LTTC)
[2026-08-31 22:42:00.181] [info] Frame 145 (t = 0.725):	 total squared error = 0.007148363343990904, marker error: RMS = 0.01570016839794479, max = 0.03014220799102941 (LTTC)
[2026-08-31 22:42:00.196] [info] Frame 146 (t = 0.73):	 total squared error = 0.006972735131981871, marker error: RMS = 0.015506100170001917, max = 0.030022664117427458 (LTTC)
[2026-08-31 22:42:00.208] [info] Frame 147 (t = 0.735):	 total squared error = 0.006840048509136798, marker error: RMS = 0.015357856025317217, max = 0.029617555923198795 (LTTC)
[2026-08-31 22:42:00.220] [info] Frame 148 (t = 0.74):	 total squared error = 0.006711198027814237, marker error: RMS = 0.015212515296582836, max = 0.029211868699385902 (LTTC)
[2026-08-31 22:42:00.233] [info] Frame 149 (t = 0.745):	 total squared error = 0.006539346956226876, marker error: RMS = 0.015016481699403257, max = 0.028997896025952746 (LTTC)
[2026-08-31 22:42:00.243] [info] Frame 150 (t = 0.75):	 total squared error = 0.006406733010058989, marker error: RMS = 0.014863439303642633, max = 0.028543625813248034 (LTTC)
[2026-08-31 22:42:00.265] [info] Frame 151 (t = 0.755):	 total squared error = 0.006255773332680225, marker error: RMS = 0.014687284358129635, max = 0.028287120307362877 (LTTC)
[2026-08-31 22:42:00.277] [info] Frame 152 (t = 0.76):	 total squared error = 0.0061305770945715155, marker error: RMS = 0.01453957393315356, max = 0.02780324223539946 (LTTC)
[2026-08-31 22:42:00.295] [info] Frame 153 (t = 0.765):	 total squared error = 0.005988334186932828, marker error: RMS = 0.014369908917875178, max = 0.02754949321667053 (LTTC)
[2026-08-31 22:42:00.310] [info] Frame 154 (t = 0.77):	 total squared error = 0.005854438532273978, marker error: RMS = 0.01420834933298264, max = 0.027163997549090935 (LTTC)
[2026-08-31 22:42:00.320] [info] Frame 155 (t = 0.775):	 total squared error = 0.005728719372766018, marker error: RMS = 0.01405496522004801, max = 0.026642616952262138 (LTTC)
[2026-08-31 22:42:00.336] [info] Frame 156 (t = 0.78):	 total squared error = 0.0055993223136567615, marker error: RMS = 0.013895325824940833, max = 0.026426827736436103 (LTTC)
[2026-08-31 22:42:00.344] [info] Frame 157 (t = 0.785):	 total squared error = 0.0054756225093501, marker error: RMS = 0.01374098138008834, max = 0.02582578726280587 (LTTC)
[2026-08-31 22:42:00.360] [info] Frame 158 (t = 0.79):	 total squared error = 0.005347161301664785, marker error: RMS = 0.013578839142990077, max = 0.025621766802393885 (LTTC)
[2026-08-31 22:42:00.373] [info] Frame 159 (t = 0.795):	 total squared error = 0.005230286654358608, marker error: RMS = 0.013429620702732535, max = 0.025244829744834232 (LTTC)
[2026-08-31 22:42:00.384] [info] Frame 160 (t = 0.8):	 total squared error = 0.00510583679944553, marker error: RMS = 0.013268886084065791, max = 0.02454486759454183 (LTTC)
[2026-08-31 22:42:00.402] [info] Frame 161 (t = 0.805):	 total squared error = 0.004978204082919361, marker error: RMS = 0.013101992587230387, max = 0.024452663730887256 (LTTC)
[2026-08-31 22:42:00.412] [info] Frame 162 (t = 0.81):	 total squared error = 0.004862642374505163, marker error: RMS = 0.012949027888563633, max = 0.023804822912738933 (LTTC)
[2026-08-31 22:42:00.428] [info] Frame 163 (t = 0.815):	 total squared error = 0.004749726261739397, marker error: RMS = 0.01279779919352973, max = 0.02365568172014462 (LTTC)
[2026-08-31 22:42:00.436] [info] Frame 164 (t = 0.82):	 total squared error = 0.004624690380493221, marker error: RMS = 0.012628225611144787, max = 0.022954589449303085 (LTTC)
[2026-08-31 22:42:00.450] [info] Frame 165 (t = 0.825):	 total squared error = 0.004520281649842724, marker error: RMS = 0.012484862074891315, max = 0.022871950222077938 (LTTC)
[2026-08-31 22:42:00.460] [info] Frame 166 (t = 0.83):	 total squared error = 0.004408448416576042, marker error: RMS = 0.012329455082871796, max = 0.022207068790971122 (LTTC)
[2026-08-31 22:42:00.477] [info] Frame 167 (t = 0.835):	 total squared error = 0.0042917728807814835, marker error: RMS = 0.012165203175566358, max = 0.022128630335978516 (LTTC)
[2026-08-31 22:42:00.487] [info] Frame 168 (t = 0.84):	 total squared error = 0.004181603654245315, marker error: RMS = 0.012008048528247002, max = 0.02156485480196032 (LTTC)
[2026-08-31 22:42:00.496] [info] Frame 169 (t = 0.845):	 total squared error = 0.004081836056343503, marker error: RMS = 0.01186393558057868, max = 0.021026834274497697 (LTTC)
[2026-08-31 22:42:00.508] [info] Frame 170 (t = 0.85):	 total squared error = 0.003983889351948938, marker error: RMS = 0.011720729281695357, max = 0.02059463067009474 (LTTC)
[2026-08-31 22:42:00.517] [info] Frame 171 (t = 0.855):	 total squared error = 0.003886484023646768, marker error: RMS = 0.011576557798870016, max = 0.020176443062687326 (LTTC)
[2026-08-31 22:42:00.533] [info] Frame 172 (t = 0.86):	 total squared error = 0.003757856074671275, marker error: RMS = 0.011383375771456457, max = 0.020262916046048733 (LTTC)
[2026-08-31 22:42:00.545] [info] Frame 173 (t = 0.865):	 total squared error = 0.0036583307994694685, marker error: RMS = 0.01123162222979122, max = 0.01981092027233921 (LTTC)
[2026-08-31 22:42:00.561] [info] Frame 174 (t = 0.87):	 total squared error = 0.0035505046120411065, marker error: RMS = 0.01106486301400333, max = 0.019563865472939004 (LTTC)
[2026-08-31 22:42:00.573] [info] Frame 175 (t = 0.875):	 total squared error = 0.0034579203613717404, marker error: RMS = 0.010919644369243427, max = 0.01913236016893222 (LTTC)
[2026-08-31 22:42:00.582] [info] Frame 176 (t = 0.88):	 total squared error = 0.003364880102220815, marker error: RMS = 0.010771738409023953, max = 0.018673075858081943 (LTTC)
[2026-08-31 22:42:00.593] [info] Frame 177 (t = 0.885):	 total squared error = 0.0032771033976469652, marker error: RMS = 0.010630313515419113, max = 0.018300060493597115 (LTTC)
[2026-08-31 22:42:00.608] [info] Frame 178 (t = 0.89):	 total squared error = 0.003164903764459278, marker error: RMS = 0.010446751292510095, max = 0.018235891485582596 (LTTC)
[2026-08-31 22:42:00.620] [info] Frame 179 (t = 0.895):	 total squared error = 0.0030774524926636512, marker error: RMS = 0.010301410169057458, max = 0.017635738244417595 (LTTC)
[2026-08-31 22:42:00.630] [info] Frame 180 (t = 0.9):	 total squared error = 0.002991703044014811, marker error: RMS = 0.010156878158742735, max = 0.017089850866804073 (LTTC)
[2026-08-31 22:42:00.649] [info] Frame 181 (t = 0.905):	 total squared error = 0.002900606345614714, marker error: RMS = 0.010001045368833844, max = 0.017264212081233642 (LTTC)
[2026-08-31 22:42:00.662] [info] Frame 182 (t = 0.91):	 total squared error = 0.0028197063645267755, marker error: RMS = 0.009860590953345502, max = 0.016875779297360137 (LTTC)
[2026-08-31 22:42:00.673] [info] Frame 183 (t = 0.915):	 total squared error = 0.0027380068213492923, marker error: RMS = 0.009716688135490889, max = 0.016278591258478085 (LTTC)
[2026-08-31 22:42:00.690] [info] Frame 184 (t = 0.92):	 total squared error = 0.0026526358346558704, marker error: RMS = 0.009564005499529474, max = 0.01635778851557579 (LTTC)
[2026-08-31 22:42:00.700] [info] Frame 185 (t = 0.925):	 total squared error = 0.0025744153364059444, marker error: RMS = 0.009421939430642066, max = 0.01576852776566615 (LTTC)
[2026-08-31 22:42:00.710] [info] Frame 186 (t = 0.93):	 total squared error = 0.0025051487745928382, marker error: RMS = 0.009294323025546364, max = 0.015530756138459858 (LTTC)
[2026-08-31 22:42:00.724] [info] Frame 187 (t = 0.935):	 total squared error = 0.002422950381222785, marker error: RMS = 0.009140569629164983, max = 0.015469170128638897 (LTTC)
[2026-08-31 22:42:00.733] [info] Frame 188 (t = 0.94):	 total squared error = 0.0023484761206162613, marker error: RMS = 0.008998996343685456, max = 0.014833726079142809 (LSK)
[2026-08-31 22:42:00.750] [info] Frame 189 (t = 0.945):	 total squared error = 0.002277643821228351, marker error: RMS = 0.008862248140924652, max = 0.014898714129591793 (LTTC)
[2026-08-31 22:42:00.759] [info] Frame 190 (t = 0.95):	 total squared error = 0.0022100945652170885, marker error: RMS = 0.008729842920767757, max = 0.014364696739716574 (LSK)
[2026-08-31 22:42:00.774] [info] Frame 191 (t = 0.955):	 total squared error = 0.002145060809854436, marker error: RMS = 0.00860044267075315, max = 0.014351910071052121 (LTTC)
[2026-08-31 22:42:00.786] [info] Frame 192 (t = 0.96):	 total squared error = 0.0020818557327453857, marker error: RMS = 0.00847278754102557, max = 0.013984892768449492 (LSK)
[2026-08-31 22:42:00.795] [info] Frame 193 (t = 0.965):	 total squared error = 0.0020172898745655183, marker error: RMS = 0.008340366887170136, max = 0.013746077133986893 (LFM5)
[2026-08-31 22:42:00.813] [info] Frame 194 (t = 0.97):	 total squared error = 0.001954310195989342, marker error: RMS = 0.008209141657825937, max = 0.013559306482743488 (LSK)
[2026-08-31 22:42:00.823] [info] Frame 195 (t = 0.975):	 total squared error = 0.0018939168371560763, marker error: RMS = 0.008081304173418605, max = 0.013207038857443546 (LSK)
[2026-08-31 22:42:00.833] [info] Frame 196 (t = 0.98):	 total squared error = 0.001838327735344837, marker error: RMS = 0.00796182212584626, max = 0.013041648315651785 (LFM5)
[2026-08-31 22:42:00.850] [info] Frame 197 (t = 0.985):	 total squared error = 0.001779357256945376, marker error: RMS = 0.007833080287550987, max = 0.012853694956163774 (LSK)
[2026-08-31 22:42:00.865] [info] Frame 198 (t = 0.99):	 total squared error = 0.0017261518080512257, marker error: RMS = 0.00771508108445384, max = 0.012623356833964143 (LSK)
[2026-08-31 22:42:00.875] [info] Frame 199 (t = 0.995):	 total squared error = 0.0016707202513025227, marker error: RMS = 0.007590193880815091, max = 0.012379510672648851 (LFM5)
[2026-08-31 22:42:00.891] [info] Frame 200 (t = 1):	 total squared error = 0.0016195708295592493, marker error: RMS = 0.0074731031027814475, max = 0.012170825164218434 (LFM5)
[2026-08-31 22:42:00.900] [info] Frame 201 (t = 1.005):	 total squared error = 0.0015685665733543412, marker error: RMS = 0.00735448859741179, max = 0.01199857145312766 (LFM5)
[2026-08-31 22:42:00.921] [info] Frame 202 (t = 1.01):	 total squared error = 0.0015207985505015158, marker error: RMS = 0.0072416385802964835, max = 0.011739105007736759 (LSK)
[2026-08-31 22:42:00.930] [info] Frame 203 (t = 1.015):	 total squared error = 0.001468554168164926, marker error: RMS = 0.007116164620231802, max = 0.011529254995981056 (LFM5)
[2026-08-31 22:42:00.940] [info] Frame 204 (t = 1.02):	 total squared error = 0.0014273550041941777, marker error: RMS = 0.007015635258168807, max = 0.011383959367035153 (LFM5)
[2026-08-31 22:42:00.956] [info] Frame 205 (t = 1.025):	 total squared error = 0.00138387378128044, marker error: RMS = 0.006907950894541339, max = 0.01117015044613447 (LFM5)
[2026-08-31 22:42:00.965] [info] Frame 206 (t = 1.03):	 total squared error = 0.0013449828436759193, marker error: RMS = 0.006810192269491772, max = 0.01110496143228705 (LFM5)
[2026-08-31 22:42:00.983] [info] Frame 207 (t = 1.035):	 total squared error = 0.0012992817886737108, marker error: RMS = 0.006693490890342159, max = 0.010729138719875552 (LFM5)
[2026-08-31 22:42:01.001] [info] Frame 208 (t = 1.04):	 total squared error = 0.00125972369545209, marker error: RMS = 0.006590807850259146, max = 0.010520475282729851 (LFM5)
[2026-08-31 22:42:01.012] [info] Frame 209 (t = 1.045):	 total squared error = 0.0012218984745081727, marker error: RMS = 0.006491103924253118, max = 0.010393687885570612 (LFM5)
[2026-08-31 22:42:01.032] [info] Frame 210 (t = 1.05):	 total squared error = 0.0011847162963886499, marker error: RMS = 0.006391579310496525, max = 0.010149748052821102 (LFM5)
[2026-08-31 22:42:01.048] [info] Frame 211 (t = 1.055):	 total squared error = 0.0011524214588847432, marker error: RMS = 0.006303861593977586, max = 0.010038541456631545 (LFM5)
[2026-08-31 22:42:01.059] [info] Frame 212 (t = 1.06):	 total squared error = 0.0011124984151049645, marker error: RMS = 0.006193707638722084, max = 0.009887103993045368 (LFM5)
[2026-08-31 22:42:01.075] [info] Frame 213 (t = 1.065):	 total squared error = 0.001087362969449448, marker error: RMS = 0.006123338534541566, max = 0.009767085398927726 (LFM5)
[2026-08-31 22:42:01.088] [info] Frame 214 (t = 1.07):	 total squared error = 0.0010515321732799264, marker error: RMS = 0.006021605277091891, max = 0.009624359492014279 (LFM5)
[2026-08-31 22:42:01.108] [info] Frame 215 (t = 1.075):	 total squared error = 0.0010252814958035626, marker error: RMS = 0.005945967905905134, max = 0.009363266725019637 (LFM5)
[2026-08-31 22:42:01.118] [info] Frame 216 (t = 1.08):	 total squared error = 0.000993518762187848, marker error: RMS = 0.0058531416915746995, max = 0.009308281169296984 (LFM5)
[2026-08-31 22:42:01.133] [info] Frame 217 (t = 1.085):	 total squared error = 0.0009720698468748114, marker error: RMS = 0.005789615694692945, max = 0.009146776154949562 (LFM5)
[2026-08-31 22:42:01.143] [info] Frame 218 (t = 1.09):	 total squared error = 0.0009428066036131639, marker error: RMS = 0.005701804323052919, max = 0.009108559109474466 (LFM5)
[2026-08-31 22:42:01.163] [info] Frame 219 (t = 1.095):	 total squared error = 0.0009209753511493621, marker error: RMS = 0.005635403333328356, max = 0.008787581366171986 (LFM5)
[2026-08-31 22:42:01.181] [info] Frame 220 (t = 1.1):	 total squared error = 0.0008985369276677132, marker error: RMS = 0.005566330208363661, max = 0.008672635868172065 (LFM5)
[2026-08-31 22:42:01.198] [info] Frame 221 (t = 1.105):	 total squared error = 0.0008758173202043978, marker error: RMS = 0.005495507005584426, max = 0.008543238805693005 (LFM5)
[2026-08-31 22:42:01.207] [info] Frame 222 (t = 1.11):	 total squared error = 0.0008492541779244472, marker error: RMS = 0.005411527217429562, max = 0.008505525212411796 (LFM5)
[2026-08-31 22:42:01.216] [info] Frame 223 (t = 1.115):	 total squared error = 0.0008302800357742501, marker error: RMS = 0.005350733226500928, max = 0.008420446291150787 (LFM5)
[2026-08-31 22:42:01.231] [info] Frame 224 (t = 1.12):	 total squared error = 0.0008173251707378463, marker error: RMS = 0.005308825348150673, max = 0.008339522613541787 (LFM5)
[2026-08-31 22:42:01.241] [info] Frame 225 (t = 1.125):	 total squared error = 0.0007940156746911938, marker error: RMS = 0.005232575928872937, max = 0.00829234119340934 (LFM5)
[2026-08-31 22:42:01.263] [info] Frame 226 (t = 1.13):	 total squared error = 0.0007790447294155004, marker error: RMS = 0.005183011803879593, max = 0.00834560818347964 (LTH)
[2026-08-31 22:42:01.276] [info] Frame 227 (t = 1.135):	 total squared error = 0.0007622549836090759, marker error: RMS = 0.005126856210896646, max = 0.008285617328613042 (LTH)
[2026-08-31 22:42:01.286] [info] Frame 228 (t = 1.14):	 total squared error = 0.0007449720372003181, marker error: RMS = 0.005068401221089546, max = 0.007942009251458743 (LTH)
[2026-08-31 22:42:01.299] [info] Frame 229 (t = 1.145):	 total squared error = 0.0007326986786206282, marker error: RMS = 0.00502647706416466, max = 0.008227061506256987 (LTH)
[2026-08-31 22:42:01.315] [info] Frame 230 (t = 1.15):	 total squared error = 0.0007165172967987946, marker error: RMS = 0.004970663234726517, max = 0.008299065806120276 (LTH)
[2026-08-31 22:42:01.334] [info] Frame 231 (t = 1.155):	 total squared error = 0.0007017062700520917, marker error: RMS = 0.0049190210339894605, max = 0.008287279695501385 (LTH)
[2026-08-31 22:42:01.351] [info] Frame 232 (t = 1.16):	 total squared error = 0.0006879961218660827, marker error: RMS = 0.004870729329605446, max = 0.008253377174508254 (LTH)
[2026-08-31 22:42:01.369] [info] Frame 233 (t = 1.165):	 total squared error = 0.000676145222384647, marker error: RMS = 0.004828597363212459, max = 0.00826967290710391 (LTH)
[2026-08-31 22:42:01.382] [info] Frame 234 (t = 1.17):	 total squared error = 0.0006639985686715678, marker error: RMS = 0.004785028982982767, max = 0.00822049017036004 (LTH)
[2026-08-31 22:42:01.396] [info] Frame 235 (t = 1.175):	 total squared error = 0.0006532268037092909, marker error: RMS = 0.0047460575425159034, max = 0.007950803909488088 (LTH)
[2026-08-31 22:42:01.411] [info] Frame 236 (t = 1.18):	 total squared error = 0.0006452057036926656, marker error: RMS = 0.0047168286529326465, max = 0.008244148794012715 (LTH)
[2026-08-31 22:42:01.429] [info] Frame 237 (t = 1.185):	 total squared error = 0.0006345678505493468, marker error: RMS = 0.004677782596374375, max = 0.008270100636739695 (LTH)
[2026-08-31 22:42:01.443] [info] Frame 238 (t = 1.19):	 total squared error = 0.0006233775060442885, marker error: RMS = 0.004636353747342054, max = 0.007977830682751106 (LTH)
[2026-08-31 22:42:01.463] [info] Frame 239 (t = 1.195):	 total squared error = 0.0006167434704879694, marker error: RMS = 0.004611617527909603, max = 0.00825328974630104 (LTH)
[2026-08-31 22:42:01.475] [info] Frame 240 (t = 1.2):	 total squared error = 0.0006080793160869454, marker error: RMS = 0.004579110424401249, max = 0.007946764047161782 (LTH)
[2026-08-31 22:42:01.488] [info] Frame 241 (t = 1.205):	 total squared error = 0.0006042768332963253, marker error: RMS = 0.004564770769998413, max = 0.008209238405380237 (LTH)
[2026-08-31 22:42:01.505] [info] Frame 242 (t = 1.21):	 total squared error = 0.0005963853668835019, marker error: RMS = 0.004534866332225817, max = 0.008188840178003594 (LTH)
[2026-08-31 22:42:01.518] [info] Frame 243 (t = 1.215):	 total squared error = 0.000589767976802345, marker error: RMS = 0.004509637101396049, max = 0.007904801124604607 (LTH)
[2026-08-31 22:42:01.534] [info] Frame 244 (t = 1.22):	 total squared error = 0.0005869572698366089, marker error: RMS = 0.004498878288688725, max = 0.008185010233076332 (LTH)
[2026-08-31 22:42:01.538] [info] InverseKinematicsTool completed 245 frames in 3 second(s).
[2026-08-31 22:42:02.176] [info] Loaded model AB03_ik from file C:\Users\edgar\Documents\GitHub\WR26\IK\solution\results\Model_ik.osim
[2026-08-31 22:42:02.380] [cout] [info] 
               MODEL: AB03_ik
         coordinates: 42
              forces: 0
           actuators: 0
             muscles: 0
            analyses: 0
              probes: 0
              bodies: 23
              joints: 23
         constraints: 2
             markers: 57
         controllers: 0
  contact geometries: 0
misc modelcomponents: 0
[2026-08-31 22:42:02.380] [info] Running tool .
[2026-08-31 22:42:02.463] [info] Frame 0 (t = 0):	 total squared error = 0.017912374646984565, marker error: RMS = 0.02485292922927456, max = 0.0492554086047611 (LTTC)
[2026-08-31 22:42:02.473] [info] Frame 1 (t = 0.005):	 total squared error = 0.017855686465511795, marker error: RMS = 0.02481357141559752, max = 0.04920049881472896 (LTTC)
[2026-08-31 22:42:02.483] [info] Frame 2 (t = 0.01):	 total squared error = 0.017807232700887247, marker error: RMS = 0.02477988109186859, max = 0.04913668521151363 (LTTC)
[2026-08-31 22:42:02.495] [info] Frame 3 (t = 0.015):	 total squared error = 0.01776010217285496, marker error: RMS = 0.024747066822258825, max = 0.04906888404635872 (LTTC)
[2026-08-31 22:42:02.506] [info] Frame 4 (t = 0.02):	 total squared error = 0.017714627076900764, marker error: RMS = 0.024715363836049473, max = 0.04899922651140069 (LTTC)
[2026-08-31 22:42:02.517] [info] Frame 5 (t = 0.025):	 total squared error = 0.017673746268228166, marker error: RMS = 0.024686829008413097, max = 0.04891799820285893 (LTTC)
[2026-08-31 22:42:02.528] [info] Frame 6 (t = 0.03):	 total squared error = 0.017636111731678075, marker error: RMS = 0.02466053089150694, max = 0.04884811320224978 (LTTC)
[2026-08-31 22:42:02.537] [info] Frame 7 (t = 0.035):	 total squared error = 0.017590922081147632, marker error: RMS = 0.02462891633912409, max = 0.048801177470359884 (LTTC)
[2026-08-31 22:42:02.548] [info] Frame 8 (t = 0.04):	 total squared error = 0.017544796101562204, marker error: RMS = 0.024596604827076974, max = 0.04873484592130839 (LTTC)
[2026-08-31 22:42:02.560] [info] Frame 9 (t = 0.045):	 total squared error = 0.017507886487829995, marker error: RMS = 0.02457071882787062, max = 0.048663013276089864 (LTTC)
[2026-08-31 22:42:02.573] [info] Frame 10 (t = 0.05):	 total squared error = 0.017445805496212337, marker error: RMS = 0.024527117642914972, max = 0.04855767526307509 (LTTC)
[2026-08-31 22:42:02.584] [info] Frame 11 (t = 0.055):	 total squared error = 0.017409638012526235, marker error: RMS = 0.024501680457869116, max = 0.04847776019206789 (LTTC)
[2026-08-31 22:42:02.596] [info] Frame 12 (t = 0.06):	 total squared error = 0.017358732658483925, marker error: RMS = 0.02446583307847055, max = 0.04841187410559933 (LTTC)
[2026-08-31 22:42:02.609] [info] Frame 13 (t = 0.065):	 total squared error = 0.017312588380713707, marker error: RMS = 0.02443329298787839, max = 0.04831673358526132 (LTTC)
[2026-08-31 22:42:02.620] [info] Frame 14 (t = 0.07):	 total squared error = 0.017263597733909983, marker error: RMS = 0.02439869819443453, max = 0.04822803305163755 (LTTC)
[2026-08-31 22:42:02.629] [info] Frame 15 (t = 0.075):	 total squared error = 0.017218408448237695, marker error: RMS = 0.024366744188607223, max = 0.048131027989734045 (LTTC)
[2026-08-31 22:42:02.641] [info] Frame 16 (t = 0.08):	 total squared error = 0.01716489769696407, marker error: RMS = 0.024328851679297235, max = 0.04802537283217364 (LTTC)
[2026-08-31 22:42:02.653] [info] Frame 17 (t = 0.085):	 total squared error = 0.017126196366416414, marker error: RMS = 0.02430140932937161, max = 0.047934254670493184 (LTTC)
[2026-08-31 22:42:02.670] [info] Frame 18 (t = 0.09):	 total squared error = 0.017077176906612833, marker error: RMS = 0.02426660605015761, max = 0.0478226158132151 (LTTC)
[2026-08-31 22:42:02.692] [info] Frame 19 (t = 0.095):	 total squared error = 0.017012548328997013, marker error: RMS = 0.024220644036681213, max = 0.04767666137996312 (LTTC)
[2026-08-31 22:42:02.704] [info] Frame 20 (t = 0.1):	 total squared error = 0.016964196644288308, marker error: RMS = 0.02418620057137762, max = 0.047557655054610834 (LTTC)
[2026-08-31 22:42:02.713] [info] Frame 21 (t = 0.105):	 total squared error = 0.016918118748681425, marker error: RMS = 0.024153331139346923, max = 0.04746106535756448 (LTTC)
[2026-08-31 22:42:02.724] [info] Frame 22 (t = 0.11):	 total squared error = 0.01686381349456251, marker error: RMS = 0.02411453524655468, max = 0.04732718704093277 (LTTC)
[2026-08-31 22:42:02.735] [info] Frame 23 (t = 0.115):	 total squared error = 0.0168165238287813, marker error: RMS = 0.024080700405655592, max = 0.04718202833786842 (LTTC)
[2026-08-31 22:42:02.746] [info] Frame 24 (t = 0.12):	 total squared error = 0.016757900482430095, marker error: RMS = 0.024038690424504735, max = 0.046999823402663975 (LTTC)
[2026-08-31 22:42:02.751] [info] Frame 25 (t = 0.125):	 total squared error = 0.016695871284104928, marker error: RMS = 0.023994159694640155, max = 0.046640779587958675 (LTTC)
[2026-08-31 22:42:02.760] [info] Frame 26 (t = 0.13):	 total squared error = 0.016691139561370912, marker error: RMS = 0.023990759400214844, max = 0.04683421372825721 (LTTC)
[2026-08-31 22:42:02.768] [info] Frame 27 (t = 0.135):	 total squared error = 0.01664665751420248, marker error: RMS = 0.02395877027110394, max = 0.04668333787805053 (LTTC)
[2026-08-31 22:42:02.778] [info] Frame 28 (t = 0.14):	 total squared error = 0.01657352647432223, marker error: RMS = 0.02390608526939664, max = 0.046470475825038 (LTTC)
[2026-08-31 22:42:02.791] [info] Frame 29 (t = 0.145):	 total squared error = 0.016472105964020663, marker error: RMS = 0.023832827233287848, max = 0.046105866491332186 (LTTC)
[2026-08-31 22:42:02.800] [info] Frame 30 (t = 0.15):	 total squared error = 0.01644400972743699, marker error: RMS = 0.02381249290157338, max = 0.04602787102547056 (LTTC)
[2026-08-31 22:42:02.812] [info] Frame 31 (t = 0.155):	 total squared error = 0.0164281389186657, marker error: RMS = 0.023800998905917938, max = 0.04595864999733857 (LTTC)
[2026-08-31 22:42:02.823] [info] Frame 32 (t = 0.16):	 total squared error = 0.016397981834218905, marker error: RMS = 0.0237791431606739, max = 0.045834964803544986 (LTTC)
[2026-08-31 22:42:02.834] [info] Frame 33 (t = 0.165):	 total squared error = 0.016341549346073826, marker error: RMS = 0.023738190781707705, max = 0.04564628005138886 (LTTC)
[2026-08-31 22:42:02.846] [info] Frame 34 (t = 0.17):	 total squared error = 0.016314532545033737, marker error: RMS = 0.023718559984952373, max = 0.04552737528841447 (LTTC)
[2026-08-31 22:42:02.861] [info] Frame 35 (t = 0.175):	 total squared error = 0.01625948666511428, marker error: RMS = 0.02367851249486458, max = 0.04531672503414456 (LTTC)
[2026-08-31 22:42:02.873] [info] Frame 36 (t = 0.18):	 total squared error = 0.01623157856139977, marker error: RMS = 0.023658182634460942, max = 0.045205933320355066 (LTTC)
[2026-08-31 22:42:02.884] [info] Frame 37 (t = 0.185):	 total squared error = 0.016183330211337714, marker error: RMS = 0.023622994504433024, max = 0.04506566059613027 (LTTC)
[2026-08-31 22:42:02.901] [info] Frame 38 (t = 0.19):	 total squared error = 0.01609944546140422, marker error: RMS = 0.023561691190841106, max = 0.0447695072920574 (LTTC)
[2026-08-31 22:42:02.912] [info] Frame 39 (t = 0.195):	 total squared error = 0.016084329881536172, marker error: RMS = 0.023550627696105206, max = 0.04471547006743122 (LTTC)
[2026-08-31 22:42:02.926] [info] Frame 40 (t = 0.2):	 total squared error = 0.01601060348183201, marker error: RMS = 0.023496590715156668, max = 0.04448390602684614 (LTTC)
[2026-08-31 22:42:02.938] [info] Frame 41 (t = 0.205):	 total squared error = 0.015990844893819516, marker error: RMS = 0.02348208773968929, max = 0.044403008986295074 (LTTC)
[2026-08-31 22:42:02.949] [info] Frame 42 (t = 0.21):	 total squared error = 0.015975561607159388, marker error: RMS = 0.02347086352756613, max = 0.044389944581801136 (LTTC)
[2026-08-31 22:42:02.962] [info] Frame 43 (t = 0.215):	 total squared error = 0.015931226524197088, marker error: RMS = 0.023438272947583338, max = 0.044287361531719985 (LTTC)
[2026-08-31 22:42:02.975] [info] Frame 44 (t = 0.22):	 total squared error = 0.015886583376298277, marker error: RMS = 0.023405410055633596, max = 0.04417707288922783 (LTTC)
[2026-08-31 22:42:02.983] [info] Frame 45 (t = 0.225):	 total squared error = 0.015835726646169442, marker error: RMS = 0.02336791688454673, max = 0.04407606142501038 (LTTC)
[2026-08-31 22:42:02.994] [info] Frame 46 (t = 0.23):	 total squared error = 0.015790007613990083, marker error: RMS = 0.023334159962854283, max = 0.04398535257266236 (LTTC)
[2026-08-31 22:42:03.005] [info] Frame 47 (t = 0.235):	 total squared error = 0.015741289921807483, marker error: RMS = 0.023298135134640758, max = 0.04386165323866417 (LTTC)
[2026-08-31 22:42:03.014] [info] Frame 48 (t = 0.24):	 total squared error = 0.01569225770890102, marker error: RMS = 0.023261821398800446, max = 0.043747996847796566 (LTTC)
[2026-08-31 22:42:03.024] [info] Frame 49 (t = 0.245):	 total squared error = 0.015641955172624393, marker error: RMS = 0.023224507843509944, max = 0.04364600849753785 (LTTC)
[2026-08-31 22:42:03.032] [info] Frame 50 (t = 0.25):	 total squared error = 0.0155778350754775, marker error: RMS = 0.023176857568285726, max = 0.04354837901252252 (LTTC)
[2026-08-31 22:42:03.047] [info] Frame 51 (t = 0.255):	 total squared error = 0.015474267412982218, marker error: RMS = 0.02309968458732434, max = 0.04322892038713145 (LTTC)
[2026-08-31 22:42:03.059] [info] Frame 52 (t = 0.26):	 total squared error = 0.015439453971053382, marker error: RMS = 0.02307368554260637, max = 0.04318368868784483 (LTTC)
[2026-08-31 22:42:03.068] [info] Frame 53 (t = 0.265):	 total squared error = 0.015395242563114541, marker error: RMS = 0.023040625712225052, max = 0.043159733098375654 (LTTC)
[2026-08-31 22:42:03.079] [info] Frame 54 (t = 0.27):	 total squared error = 0.015335590732027757, marker error: RMS = 0.022995944718975963, max = 0.04308209699581498 (LTTC)
[2026-08-31 22:42:03.090] [info] Frame 55 (t = 0.275):	 total squared error = 0.015288599287390401, marker error: RMS = 0.022960685505348726, max = 0.04297046514898379 (LTTC)
[2026-08-31 22:42:03.103] [info] Frame 56 (t = 0.28):	 total squared error = 0.015155281661911555, marker error: RMS = 0.022860356938951335, max = 0.0426550541352927 (LTTC)
[2026-08-31 22:42:03.112] [info] Frame 57 (t = 0.285):	 total squared error = 0.015110240393790412, marker error: RMS = 0.022826361343842548, max = 0.04259183431421604 (LTTC)
[2026-08-31 22:42:03.123] [info] Frame 58 (t = 0.29):	 total squared error = 0.015070652644536343, marker error: RMS = 0.022796440015884167, max = 0.04256801528625405 (LTTC)
[2026-08-31 22:42:03.135] [info] Frame 59 (t = 0.295):	 total squared error = 0.014949573528157586, marker error: RMS = 0.022704680915038418, max = 0.04223263369908583 (LTTC)
[2026-08-31 22:42:03.147] [info] Frame 60 (t = 0.3):	 total squared error = 0.01490991079563609, marker error: RMS = 0.022674542002473482, max = 0.04220846232496399 (LTTC)
[2026-08-31 22:42:03.157] [info] Frame 61 (t = 0.305):	 total squared error = 0.014864706642209019, marker error: RMS = 0.022640143354463457, max = 0.04217610414940367 (LTTC)
[2026-08-31 22:42:03.171] [info] Frame 62 (t = 0.31):	 total squared error = 0.01474875236790144, marker error: RMS = 0.022551666631507976, max = 0.041888378841220646 (LTTC)
[2026-08-31 22:42:03.181] [info] Frame 63 (t = 0.315):	 total squared error = 0.014698500087508837, marker error: RMS = 0.022513214577304437, max = 0.04182025192962231 (LTTC)
[2026-08-31 22:42:03.191] [info] Frame 64 (t = 0.32):	 total squared error = 0.014648927435442766, marker error: RMS = 0.022475218103688587, max = 0.04174824059367252 (LTTC)
[2026-08-31 22:42:03.200] [info] Frame 65 (t = 0.325):	 total squared error = 0.014581938726106632, marker error: RMS = 0.022423770274287547, max = 0.041643283072072816 (LTTC)
[2026-08-31 22:42:03.212] [info] Frame 66 (t = 0.33):	 total squared error = 0.014492698453850037, marker error: RMS = 0.02235504915106547, max = 0.041446169431332856 (LTTC)
[2026-08-31 22:42:03.224] [info] Frame 67 (t = 0.335):	 total squared error = 0.01441104131629602, marker error: RMS = 0.022291981948284037, max = 0.041302163137104525 (LTTC)
[2026-08-31 22:42:03.235] [info] Frame 68 (t = 0.34):	 total squared error = 0.014285886965926503, marker error: RMS = 0.02219497222184565, max = 0.040978527790814956 (LTTC)
[2026-08-31 22:42:03.244] [info] Frame 69 (t = 0.345):	 total squared error = 0.014244940996839518, marker error: RMS = 0.022163141969494836, max = 0.040880807291972694 (LTTC)
[2026-08-31 22:42:03.254] [info] Frame 70 (t = 0.35):	 total squared error = 0.014175331758367268, marker error: RMS = 0.022108924519116138, max = 0.04076090189610127 (LTTC)
[2026-08-31 22:42:03.264] [info] Frame 71 (t = 0.355):	 total squared error = 0.014098558401910181, marker error: RMS = 0.022048972453898273, max = 0.04060600859231828 (LTTC)
[2026-08-31 22:42:03.276] [info] Frame 72 (t = 0.36):	 total squared error = 0.014009553177294104, marker error: RMS = 0.021979263877490263, max = 0.04044926689343366 (LTTC)
[2026-08-31 22:42:03.289] [info] Frame 73 (t = 0.365):	 total squared error = 0.013881878402538034, marker error: RMS = 0.021878881647755307, max = 0.04011904240537709 (LTTC)
[2026-08-31 22:42:03.298] [info] Frame 74 (t = 0.37):	 total squared error = 0.013820609841866139, marker error: RMS = 0.021830546332325215, max = 0.03995945778480387 (LTTC)
[2026-08-31 22:42:03.312] [info] Frame 75 (t = 0.375):	 total squared error = 0.01371101051921155, marker error: RMS = 0.021743814434907888, max = 0.03973129726332665 (LTTC)
[2026-08-31 22:42:03.324] [info] Frame 76 (t = 0.38):	 total squared error = 0.01364319755723352, marker error: RMS = 0.02168997667542467, max = 0.03956676547013657 (LTTC)
[2026-08-31 22:42:03.333] [info] Frame 77 (t = 0.385):	 total squared error = 0.013574631775943053, marker error: RMS = 0.02163540503190518, max = 0.0394607780236418 (LTTC)
[2026-08-31 22:42:03.352] [info] Frame 78 (t = 0.39):	 total squared error = 0.013450760110697074, marker error: RMS = 0.021536464755432076, max = 0.03939845588415 (RDP1)
[2026-08-31 22:42:03.362] [info] Frame 79 (t = 0.395):	 total squared error = 0.01336612800788756, marker error: RMS = 0.021468604188191326, max = 0.03932321425903112 (RDP1)
[2026-08-31 22:42:03.376] [info] Frame 80 (t = 0.4):	 total squared error = 0.013270201760410374, marker error: RMS = 0.0213914273519109, max = 0.03934901644832469 (RDP1)
[2026-08-31 22:42:03.385] [info] Frame 81 (t = 0.405):	 total squared error = 0.013180913335878732, marker error: RMS = 0.021319339880993868, max = 0.03921727458968085 (RDP1)
[2026-08-31 22:42:03.394] [info] Frame 82 (t = 0.41):	 total squared error = 0.01311443224896169, marker error: RMS = 0.021265507322618338, max = 0.03927924270161746 (RDP1)
[2026-08-31 22:42:03.411] [info] Frame 83 (t = 0.415):	 total squared error = 0.012984341469045, marker error: RMS = 0.02115977109341426, max = 0.039181681055243084 (RDP1)
[2026-08-31 22:42:03.427] [info] Frame 84 (t = 0.42):	 total squared error = 0.01289155932185342, marker error: RMS = 0.021084034916015792, max = 0.0391413134746487 (RDP1)
[2026-08-31 22:42:03.444] [info] Frame 85 (t = 0.425):	 total squared error = 0.012795970509560588, marker error: RMS = 0.021005722134662282, max = 0.03908518205275981 (RDP1)
[2026-08-31 22:42:03.453] [info] Frame 86 (t = 0.43):	 total squared error = 0.012710344898221367, marker error: RMS = 0.020935323143220923, max = 0.039006732263502694 (RDP1)
[2026-08-31 22:42:03.468] [info] Frame 87 (t = 0.435):	 total squared error = 0.012602902327160593, marker error: RMS = 0.02084665054313538, max = 0.03896946611382203 (RDP1)
[2026-08-31 22:42:03.480] [info] Frame 88 (t = 0.44):	 total squared error = 0.012507995805877262, marker error: RMS = 0.020768009057265557, max = 0.038951592585342885 (RDP1)
[2026-08-31 22:42:03.490] [info] Frame 89 (t = 0.445):	 total squared error = 0.012426733790886909, marker error: RMS = 0.02070043626967125, max = 0.03885025101653076 (RDP1)
[2026-08-31 22:42:03.507] [info] Frame 90 (t = 0.45):	 total squared error = 0.01229702881415471, marker error: RMS = 0.020592121705889425, max = 0.03875212699129845 (RDP1)
[2026-08-31 22:42:03.517] [info] Frame 91 (t = 0.455):	 total squared error = 0.012214787257552226, marker error: RMS = 0.020523146946929194, max = 0.0386630346305289 (RDP1)
[2026-08-31 22:42:03.531] [info] Frame 92 (t = 0.46):	 total squared error = 0.012104429056178066, marker error: RMS = 0.020430225289640117, max = 0.03863996549215946 (RDP1)
[2026-08-31 22:42:03.543] [info] Frame 93 (t = 0.465):	 total squared error = 0.012009322329850884, marker error: RMS = 0.020349804989196, max = 0.0385186550705619 (RDP1)
[2026-08-31 22:42:03.560] [info] Frame 94 (t = 0.47):	 total squared error = 0.01187634995039563, marker error: RMS = 0.020236830498730082, max = 0.038365390349432246 (RDP1)
[2026-08-31 22:42:03.571] [info] Frame 95 (t = 0.475):	 total squared error = 0.011790123201288227, marker error: RMS = 0.020163233184641166, max = 0.03829753027784158 (RDP1)
[2026-08-31 22:42:03.584] [info] Frame 96 (t = 0.48):	 total squared error = 0.01166395442981577, marker error: RMS = 0.0200550573463668, max = 0.03818127131909812 (RDP1)
[2026-08-31 22:42:03.597] [info] Frame 97 (t = 0.485):	 total squared error = 0.011565341688078193, marker error: RMS = 0.019970099794337528, max = 0.038025662519300764 (RDP1)
[2026-08-31 22:42:03.611] [info] Frame 98 (t = 0.49):	 total squared error = 0.011442130601829251, marker error: RMS = 0.019863439471785458, max = 0.03792297517764759 (RDP1)
[2026-08-31 22:42:03.621] [info] Frame 99 (t = 0.495):	 total squared error = 0.01133132715661906, marker error: RMS = 0.0197670285878723, max = 0.03775427168578601 (RDP1)
[2026-08-31 22:42:03.642] [info] Frame 100 (t = 0.5):	 total squared error = 0.011204610711359596, marker error: RMS = 0.01965619206760574, max = 0.03757966656633691 (RDP1)
[2026-08-31 22:42:03.650] [info] Frame 101 (t = 0.505):	 total squared error = 0.011085942174491888, marker error: RMS = 0.01955182518554028, max = 0.037402719926712936 (RDP1)
[2026-08-31 22:42:03.665] [info] Frame 102 (t = 0.51):	 total squared error = 0.010959268506730077, marker error: RMS = 0.019439799653723267, max = 0.03724297096680258 (RDP1)
[2026-08-31 22:42:03.678] [info] Frame 103 (t = 0.515):	 total squared error = 0.010844307035408198, marker error: RMS = 0.019337570217341876, max = 0.03705970305784114 (RDP1)
[2026-08-31 22:42:03.688] [info] Frame 104 (t = 0.52):	 total squared error = 0.010739052247919979, marker error: RMS = 0.01924349621248694, max = 0.03693558317611676 (RDP1)
[2026-08-31 22:42:03.701] [info] Frame 105 (t = 0.525):	 total squared error = 0.01059279379942803, marker error: RMS = 0.019112005433873622, max = 0.036716727706428906 (RDP1)
[2026-08-31 22:42:03.717] [info] Frame 106 (t = 0.53):	 total squared error = 0.010456268530691799, marker error: RMS = 0.018988443427963193, max = 0.03649248682390978 (RDP1)
[2026-08-31 22:42:03.731] [info] Frame 107 (t = 0.535):	 total squared error = 0.010325830953127493, marker error: RMS = 0.018869635298933075, max = 0.036266420951086904 (RDP1)
[2026-08-31 22:42:03.747] [info] Frame 108 (t = 0.54):	 total squared error = 0.010195037612630173, marker error: RMS = 0.01874974722830093, max = 0.0360750962276959 (RDP1)
[2026-08-31 22:42:03.759] [info] Frame 109 (t = 0.545):	 total squared error = 0.010069640019021324, marker error: RMS = 0.018634080770812095, max = 0.035862984588747 (RDP1)
[2026-08-31 22:42:03.769] [info] Frame 110 (t = 0.55):	 total squared error = 0.009951173729842793, marker error: RMS = 0.018524144291133044, max = 0.0357089807157298 (RDP1)
[2026-08-31 22:42:03.785] [info] Frame 111 (t = 0.555):	 total squared error = 0.009784729782043394, marker error: RMS = 0.01836857303229828, max = 0.035342057756332965 (RDP1)
[2026-08-31 22:42:03.799] [info] Frame 112 (t = 0.56):	 total squared error = 0.009641795684586242, marker error: RMS = 0.01823391656396383, max = 0.035073467637955456 (RDP1)
[2026-08-31 22:42:03.807] [info] Frame 113 (t = 0.565):	 total squared error = 0.009519667622638148, marker error: RMS = 0.018118068351251626, max = 0.03488955078738732 (RDP1)
[2026-08-31 22:42:03.816] [info] Frame 114 (t = 0.57):	 total squared error = 0.009408526097348819, marker error: RMS = 0.0180119941814153, max = 0.03477819584297997 (RDP1)
[2026-08-31 22:42:03.829] [info] Frame 115 (t = 0.575):	 total squared error = 0.00920574810057235, marker error: RMS = 0.017816834445964543, max = 0.03415178209985397 (RDP1)
[2026-08-31 22:42:03.839] [info] Frame 116 (t = 0.58):	 total squared error = 0.009085351848286781, marker error: RMS = 0.017699943354952005, max = 0.03404190232004251 (RDP1)
[2026-08-31 22:42:03.853] [info] Frame 117 (t = 0.585):	 total squared error = 0.008914351692194965, marker error: RMS = 0.017532582173253753, max = 0.03357701777816612 (RDP1)
[2026-08-31 22:42:03.863] [info] Frame 118 (t = 0.59):	 total squared error = 0.008792288760472741, marker error: RMS = 0.01741213286908827, max = 0.033437439940395504 (RDP1)
[2026-08-31 22:42:03.878] [info] Frame 119 (t = 0.595):	 total squared error = 0.008623882923981065, marker error: RMS = 0.01724457228349623, max = 0.03301723552952982 (RDP1)
[2026-08-31 22:42:03.887] [info] Frame 120 (t = 0.6):	 total squared error = 0.008492304061373199, marker error: RMS = 0.017112512120721332, max = 0.032817203558069594 (RDP1)
[2026-08-31 22:42:03.896] [info] Frame 121 (t = 0.605):	 total squared error = 0.008359249043783499, marker error: RMS = 0.016977925875295168, max = 0.032619206409248834 (RDP1)
[2026-08-31 22:42:03.909] [info] Frame 122 (t = 0.61):	 total squared error = 0.008184703804081886, marker error: RMS = 0.016799737071097158, max = 0.03211167256553377 (RDP1)
[2026-08-31 22:42:03.926] [info] Frame 123 (t = 0.615):	 total squared error = 0.008013698365509055, marker error: RMS = 0.016623309730521896, max = 0.0316813303479394 (RDP1)
[2026-08-31 22:42:03.942] [info] Frame 124 (t = 0.62):	 total squared error = 0.007857825041068096, marker error: RMS = 0.01646084700660212, max = 0.031306062009414645 (RDP1)
[2026-08-31 22:42:03.960] [info] Frame 125 (t = 0.625):	 total squared error = 0.007708660769363302, marker error: RMS = 0.016303861156141342, max = 0.030960453656242816 (RDP1)
[2026-08-31 22:42:03.973] [info] Frame 126 (t = 0.63):	 total squared error = 0.0075680187106622636, marker error: RMS = 0.01615444714116301, max = 0.030734220000889684 (RDP1)
[2026-08-31 22:42:03.994] [info] Frame 127 (t = 0.635):	 total squared error = 0.007404421867242507, marker error: RMS = 0.015978888946791, max = 0.0302232540511786 (RDP1)
[2026-08-31 22:42:04.004] [info] Frame 128 (t = 0.64):	 total squared error = 0.007267062981274028, marker error: RMS = 0.01582998353330229, max = 0.029987041487513147 (RDP1)
[2026-08-31 22:42:04.018] [info] Frame 129 (t = 0.645):	 total squared error = 0.0071008133156920394, marker error: RMS = 0.015647863482775772, max = 0.029507968734422758 (RDP1)
[2026-08-31 22:42:04.029] [info] Frame 130 (t = 0.65):	 total squared error = 0.006964604353155141, marker error: RMS = 0.015497056843105827, max = 0.029255554910722927 (RDP1)
[2026-08-31 22:42:04.039] [info] Frame 131 (t = 0.655):	 total squared error = 0.006831679660924324, marker error: RMS = 0.0153484579264996, max = 0.02901786615124868 (RDP1)
[2026-08-31 22:42:04.058] [info] Frame 132 (t = 0.66):	 total squared error = 0.006640654857170245, marker error: RMS = 0.01513235270944713, max = 0.028290366450258498 (RDP1)
[2026-08-31 22:42:04.071] [info] Frame 133 (t = 0.665):	 total squared error = 0.006501541399056879, marker error: RMS = 0.014973011812127153, max = 0.02800820724190078 (RDP1)
[2026-08-31 22:42:04.087] [info] Frame 134 (t = 0.67):	 total squared error = 0.006340428870637137, marker error: RMS = 0.01478632741074782, max = 0.02748922321484559 (RDP1)
[2026-08-31 22:42:04.098] [info] Frame 135 (t = 0.675):	 total squared error = 0.006199769234926099, marker error: RMS = 0.01462139343673969, max = 0.02718259240811064 (RDP1)
[2026-08-31 22:42:04.116] [info] Frame 136 (t = 0.68):	 total squared error = 0.006042760633546712, marker error: RMS = 0.014435063433500974, max = 0.02669346914060225 (RDP1)
[2026-08-31 22:42:04.127] [info] Frame 137 (t = 0.685):	 total squared error = 0.005902004803316788, marker error: RMS = 0.014265952720057772, max = 0.02636904803408104 (RDP1)
[2026-08-31 22:42:04.138] [info] Frame 138 (t = 0.69):	 total squared error = 0.005771575883397488, marker error: RMS = 0.014107439811964084, max = 0.02611267425665968 (RDP1)
[2026-08-31 22:42:04.154] [info] Frame 139 (t = 0.695):	 total squared error = 0.005605046490677575, marker error: RMS = 0.013902426593792122, max = 0.025460936714006913 (RDP1)
[2026-08-31 22:42:04.165] [info] Frame 140 (t = 0.7):	 total squared error = 0.005464403677287928, marker error: RMS = 0.013726897428404152, max = 0.025137186906966504 (RDP1)
[2026-08-31 22:42:04.176] [info] Frame 141 (t = 0.705):	 total squared error = 0.005331551692089355, marker error: RMS = 0.013559004759643929, max = 0.024821277103823303 (RDP1)
[2026-08-31 22:42:04.191] [info] Frame 142 (t = 0.71):	 total squared error = 0.005167179849126073, marker error: RMS = 0.013348356284093782, max = 0.024172645812733363 (RDP1)
[2026-08-31 22:42:04.201] [info] Frame 143 (t = 0.715):	 total squared error = 0.005033748736349614, marker error: RMS = 0.013174883021596258, max = 0.023879201054247696 (RDP1)
[2026-08-31 22:42:04.216] [info] Frame 144 (t = 0.72):	 total squared error = 0.004889086366035444, marker error: RMS = 0.012984189810523603, max = 0.02336174287887215 (RDP1)
[2026-08-31 22:42:04.226] [info] Frame 145 (t = 0.725):	 total squared error = 0.00475484371231243, marker error: RMS = 0.012804691640596952, max = 0.02304687196413426 (RDP1)
[2026-08-31 22:42:04.244] [info] Frame 146 (t = 0.73):	 total squared error = 0.00460408107877873, marker error: RMS = 0.012600056210573482, max = 0.02245395051588805 (RDP1)
[2026-08-31 22:42:04.253] [info] Frame 147 (t = 0.735):	 total squared error = 0.0044777994569834625, marker error: RMS = 0.012426056406882111, max = 0.022146503646474056 (RDP1)
[2026-08-31 22:42:04.268] [info] Frame 148 (t = 0.74):	 total squared error = 0.0043365699819094316, marker error: RMS = 0.012228527954251544, max = 0.02162096371302441 (RDP1)
[2026-08-31 22:42:04.278] [info] Frame 149 (t = 0.745):	 total squared error = 0.004217187495740187, marker error: RMS = 0.01205903223620368, max = 0.021333960393757814 (RDP1)
[2026-08-31 22:42:04.294] [info] Frame 150 (t = 0.75):	 total squared error = 0.004067500959778365, marker error: RMS = 0.011843084639799753, max = 0.02069088941413031 (RDP1)
[2026-08-31 22:42:04.306] [info] Frame 151 (t = 0.755):	 total squared error = 0.0039447427831389255, marker error: RMS = 0.011663001895382127, max = 0.020382375974544377 (RDP1)
[2026-08-31 22:42:04.318] [info] Frame 152 (t = 0.76):	 total squared error = 0.0038271010890032144, marker error: RMS = 0.01148777624560456, max = 0.02003123167362577 (RDP1)
[2026-08-31 22:42:04.334] [info] Frame 153 (t = 0.765):	 total squared error = 0.003685461587068846, marker error: RMS = 0.011273193084158492, max = 0.019393995769236796 (RDP1)
[2026-08-31 22:42:04.345] [info] Frame 154 (t = 0.77):	 total squared error = 0.0035714755557740307, marker error: RMS = 0.011097492036917591, max = 0.01910166050313453 (RDP1)
[2026-08-31 22:42:04.359] [info] Frame 155 (t = 0.775):	 total squared error = 0.0034420237171088656, marker error: RMS = 0.010894515730575361, max = 0.018550128809443126 (RDP1)
[2026-08-31 22:42:04.369] [info] Frame 156 (t = 0.78):	 total squared error = 0.0033351339102836663, marker error: RMS = 0.01072402058912554, max = 0.018244549146297955 (RDP1)
[2026-08-31 22:42:04.378] [info] Frame 157 (t = 0.785):	 total squared error = 0.0032302438997235516, marker error: RMS = 0.01055403812197599, max = 0.01793754487402438 (RDP1)
[2026-08-31 22:42:04.395] [info] Frame 158 (t = 0.79):	 total squared error = 0.003095660954130005, marker error: RMS = 0.010331840564621523, max = 0.017292496835140236 (RDP1)
[2026-08-31 22:42:04.404] [info] Frame 159 (t = 0.795):	 total squared error = 0.0029983874597549055, marker error: RMS = 0.0101682186751678, max = 0.017030445073434524 (RDP1)
[2026-08-31 22:42:04.414] [info] Frame 160 (t = 0.8):	 total squared error = 0.002900768500454598, marker error: RMS = 0.010001324913014064, max = 0.01673351424381788 (RDP1)
[2026-08-31 22:42:04.423] [info] Frame 161 (t = 0.805):	 total squared error = 0.002807110510708115, marker error: RMS = 0.009838542278322983, max = 0.016446707717192133 (RDP1)
[2026-08-31 22:42:04.439] [info] Frame 162 (t = 0.81):	 total squared error = 0.002669153205571301, marker error: RMS = 0.009593735753571453, max = 0.015630511146232456 (RDP1)
[2026-08-31 22:42:04.448] [info] Frame 163 (t = 0.815):	 total squared error = 0.0025787607531929727, marker error: RMS = 0.009429887835645826, max = 0.015313545389808293 (RDP1)
[2026-08-31 22:42:04.457] [info] Frame 164 (t = 0.82):	 total squared error = 0.0024901915070882326, marker error: RMS = 0.009266535094533172, max = 0.014997641310044938 (RDP1)
[2026-08-31 22:42:04.467] [info] Frame 165 (t = 0.825):	 total squared error = 0.0024023836784093635, marker error: RMS = 0.009101693056617247, max = 0.014678857528918982 (RDP1)
[2026-08-31 22:42:04.483] [info] Frame 166 (t = 0.83):	 total squared error = 0.002289743849908916, marker error: RMS = 0.008885757394821097, max = 0.014070774800036304 (RDP1)
[2026-08-31 22:42:04.496] [info] Frame 167 (t = 0.835):	 total squared error = 0.002208216748877358, marker error: RMS = 0.00872613345839393, max = 0.013758927786667452 (RDP1)
[2026-08-31 22:42:04.505] [info] Frame 168 (t = 0.84):	 total squared error = 0.002133739408110627, marker error: RMS = 0.008577716535846353, max = 0.01348092296456308 (RDP1)
[2026-08-31 22:42:04.521] [info] Frame 169 (t = 0.845):	 total squared error = 0.002036679208111128, marker error: RMS = 0.008380353066612013, max = 0.013254105773619884 (SXS)
[2026-08-31 22:42:04.531] [info] Frame 170 (t = 0.85):	 total squared error = 0.0019651584021426445, marker error: RMS = 0.008231894243277485, max = 0.01303188705786107 (SXS)
[2026-08-31 22:42:04.548] [info] Frame 171 (t = 0.855):	 total squared error = 0.001885123153866377, marker error: RMS = 0.008062521112223366, max = 0.01300192830346375 (SXS)
[2026-08-31 22:42:04.561] [info] Frame 172 (t = 0.86):	 total squared error = 0.0018140919717089896, marker error: RMS = 0.007909165289470948, max = 0.012870604883867947 (SXS)
[2026-08-31 22:42:04.572] [info] Frame 173 (t = 0.865):	 total squared error = 0.0017531845782914799, marker error: RMS = 0.007775258235630549, max = 0.01264801436248457 (SXS)
[2026-08-31 22:42:04.588] [info] Frame 174 (t = 0.87):	 total squared error = 0.001684976171390643, marker error: RMS = 0.0076225078943663515, max = 0.012614469487810923 (SXS)
[2026-08-31 22:42:04.600] [info] Frame 175 (t = 0.875):	 total squared error = 0.001626189206015268, marker error: RMS = 0.0074883569534708655, max = 0.012467763216830439 (SXS)
[2026-08-31 22:42:04.614] [info] Frame 176 (t = 0.88):	 total squared error = 0.0015700033038490474, marker error: RMS = 0.007357856002961187, max = 0.012326364304285232 (SXS)
[2026-08-31 22:42:04.626] [info] Frame 177 (t = 0.885):	 total squared error = 0.0015229445725875846, marker error: RMS = 0.00724674617254027, max = 0.012158704148085587 (SXS)
[2026-08-31 22:42:04.635] [info] Frame 178 (t = 0.89):	 total squared error = 0.0014768453297537246, marker error: RMS = 0.007136224563870626, max = 0.012008016969249836 (SXS)
[2026-08-31 22:42:04.653] [info] Frame 179 (t = 0.895):	 total squared error = 0.0014246033887223943, marker error: RMS = 0.007008869722254141, max = 0.01210860111417435 (SXS)
[2026-08-31 22:42:04.666] [info] Frame 180 (t = 0.9):	 total squared error = 0.0013845709044361877, marker error: RMS = 0.006909690607465939, max = 0.012029569068856761 (SXS)
[2026-08-31 22:42:04.676] [info] Frame 181 (t = 0.905):	 total squared error = 0.0013470066240599216, marker error: RMS = 0.006815313952997934, max = 0.011846996136147302 (SXS)
[2026-08-31 22:42:04.684] [info] Frame 182 (t = 0.91):	 total squared error = 0.0013139728714689543, marker error: RMS = 0.006731226438101635, max = 0.01169249931140818 (SXS)
[2026-08-31 22:42:04.701] [info] Frame 183 (t = 0.915):	 total squared error = 0.0012838227447482214, marker error: RMS = 0.006653551669514876, max = 0.011814963490255103 (SXS)
[2026-08-31 22:42:04.714] [info] Frame 184 (t = 0.92):	 total squared error = 0.001256069825483545, marker error: RMS = 0.006581242481696056, max = 0.011665816172612373 (SXS)
[2026-08-31 22:42:04.726] [info] Frame 185 (t = 0.925):	 total squared error = 0.001228706731474571, marker error: RMS = 0.006509162591075305, max = 0.011545377867812711 (SXS)
[2026-08-31 22:42:04.745] [info] Frame 186 (t = 0.93):	 total squared error = 0.0012138124591898514, marker error: RMS = 0.006469590562085777, max = 0.011666318414632504 (SXS)
[2026-08-31 22:42:04.758] [info] Frame 187 (t = 0.935):	 total squared error = 0.001188402960249781, marker error: RMS = 0.00640151641585072, max = 0.011507735650001424 (SXS)
[2026-08-31 22:42:04.769] [info] Frame 188 (t = 0.94):	 total squared error = 0.001175441847957784, marker error: RMS = 0.0063665121939556245, max = 0.011417737483161036 (SXS)
[2026-08-31 22:42:04.773] [info] InverseKinematicsTool completed 189 frames in 2 second(s).
[2026-08-31 22:42:05.002] [info] Loaded model AB03_ik from file C:\Users\edgar\Documents\GitHub\WR26\IK\solution\results\Model_ik.osim
[2026-08-31 22:42:05.207] [cout] [info] 
               MODEL: AB03_ik
         coordinates: 42
              forces: 0
           actuators: 0
             muscles: 0
            analyses: 0
              probes: 0
              bodies: 23
              joints: 23
         constraints: 2
             markers: 57
         controllers: 0
  contact geometries: 0
misc modelcomponents: 0
[2026-08-31 22:42:05.207] [info] Running tool .
[2026-08-31 22:42:05.288] [info] Frame 0 (t = 0):	 total squared error = 0.018667921086211816, marker error: RMS = 0.025371665628529882, max = 0.04886437832025362 (LTTC)
[2026-08-31 22:42:05.298] [info] Frame 1 (t = 0.005):	 total squared error = 0.018631001896738556, marker error: RMS = 0.025346564683736666, max = 0.04876822223542158 (LTTC)
[2026-08-31 22:42:05.310] [info] Frame 2 (t = 0.01):	 total squared error = 0.018584869234390865, marker error: RMS = 0.025315164621360485, max = 0.04864050464129808 (LTTC)
[2026-08-31 22:42:05.321] [info] Frame 3 (t = 0.015):	 total squared error = 0.018552001462112024, marker error: RMS = 0.025292769487517387, max = 0.04852930774487602 (LTTC)
[2026-08-31 22:42:05.333] [info] Frame 4 (t = 0.02):	 total squared error = 0.018495350182565908, marker error: RMS = 0.025254122355578872, max = 0.048388250440678765 (LTTC)
[2026-08-31 22:42:05.345] [info] Frame 5 (t = 0.025):	 total squared error = 0.018459672532929423, marker error: RMS = 0.025229752915357298, max = 0.04827693609533916 (LTTC)
[2026-08-31 22:42:05.356] [info] Frame 6 (t = 0.03):	 total squared error = 0.01841371797637808, marker error: RMS = 0.025198329156690118, max = 0.048145155522054756 (LTTC)
[2026-08-31 22:42:05.367] [info] Frame 7 (t = 0.035):	 total squared error = 0.01837296320339695, marker error: RMS = 0.025170428190429143, max = 0.04802339026210284 (LTTC)
[2026-08-31 22:42:05.377] [info] Frame 8 (t = 0.04):	 total squared error = 0.01833298847952078, marker error: RMS = 0.025143031172378545, max = 0.04790484397572539 (LTTC)
[2026-08-31 22:42:05.386] [info] Frame 9 (t = 0.045):	 total squared error = 0.018299546159388242, marker error: RMS = 0.02512008823794919, max = 0.04780524000264301 (LTTC)
[2026-08-31 22:42:05.396] [info] Frame 10 (t = 0.05):	 total squared error = 0.01826133395244736, marker error: RMS = 0.025093847269281905, max = 0.04769528029031877 (LTTC)
[2026-08-31 22:42:05.405] [info] Frame 11 (t = 0.055):	 total squared error = 0.01822565992677339, marker error: RMS = 0.025069324521368803, max = 0.04759056991033294 (LTTC)
[2026-08-31 22:42:05.415] [info] Frame 12 (t = 0.06):	 total squared error = 0.01818792858958934, marker error: RMS = 0.02504336142304283, max = 0.04748348797523725 (LTTC)
[2026-08-31 22:42:05.425] [info] Frame 13 (t = 0.065):	 total squared error = 0.018146737904126884, marker error: RMS = 0.02501498716571582, max = 0.04737742879272018 (LTTC)
[2026-08-31 22:42:05.435] [info] Frame 14 (t = 0.07):	 total squared error = 0.018113515909435624, marker error: RMS = 0.02499207868259642, max = 0.04727229846487909 (LTTC)
[2026-08-31 22:42:05.446] [info] Frame 15 (t = 0.075):	 total squared error = 0.018073866554257228, marker error: RMS = 0.024964710647892713, max = 0.04716970580997234 (LTTC)
[2026-08-31 22:42:05.458] [info] Frame 16 (t = 0.08):	 total squared error = 0.018034526762353044, marker error: RMS = 0.024937526605190576, max = 0.04706937701228946 (LTTC)
[2026-08-31 22:42:05.468] [info] Frame 17 (t = 0.085):	 total squared error = 0.017976019103448246, marker error: RMS = 0.02489704254936943, max = 0.046956734990689177 (LTTC)
[2026-08-31 22:42:05.482] [info] Frame 18 (t = 0.09):	 total squared error = 0.017942144596492886, marker error: RMS = 0.024873573150200504, max = 0.04686181496962461 (LTTC)
[2026-08-31 22:42:05.494] [info] Frame 19 (t = 0.095):	 total squared error = 0.017902466772851636, marker error: RMS = 0.02484605482653453, max = 0.046772161059985135 (LTTC)
[2026-08-31 22:42:05.502] [info] Frame 20 (t = 0.1):	 total squared error = 0.01785279242174207, marker error: RMS = 0.024811560446376793, max = 0.04665404639678319 (LTTC)
[2026-08-31 22:42:05.512] [info] Frame 21 (t = 0.105):	 total squared error = 0.017816938730092914, marker error: RMS = 0.024786633446061423, max = 0.04659064205660774 (LTTC)
[2026-08-31 22:42:05.523] [info] Frame 22 (t = 0.11):	 total squared error = 0.01777414614295484, marker error: RMS = 0.024756849378230136, max = 0.0465075733586904 (LTTC)
[2026-08-31 22:42:05.533] [info] Frame 23 (t = 0.115):	 total squared error = 0.017728385946440377, marker error: RMS = 0.02472496012788555, max = 0.046418499946083415 (LTTC)
[2026-08-31 22:42:05.543] [info] Frame 24 (t = 0.12):	 total squared error = 0.017683940540311124, marker error: RMS = 0.024693947702102568, max = 0.04632505832042647 (LTTC)
[2026-08-31 22:42:05.555] [info] Frame 25 (t = 0.125):	 total squared error = 0.017621988338043713, marker error: RMS = 0.024650654560830012, max = 0.04622438010882217 (LTTC)
[2026-08-31 22:42:05.565] [info] Frame 26 (t = 0.13):	 total squared error = 0.017549273938112744, marker error: RMS = 0.024599743437204818, max = 0.04611627116811019 (LTTC)
[2026-08-31 22:42:05.576] [info] Frame 27 (t = 0.135):	 total squared error = 0.01749982967603281, marker error: RMS = 0.02456506467774553, max = 0.046030570064237365 (LTTC)
[2026-08-31 22:42:05.585] [info] Frame 28 (t = 0.14):	 total squared error = 0.017474466596757877, marker error: RMS = 0.02454725674451844, max = 0.04596100251893543 (LTTC)
[2026-08-31 22:42:05.596] [info] Frame 29 (t = 0.145):	 total squared error = 0.017425644901384842, marker error: RMS = 0.02451294162160684, max = 0.04587432987789123 (LTTC)
[2026-08-31 22:42:05.610] [info] Frame 30 (t = 0.15):	 total squared error = 0.017349835846762193, marker error: RMS = 0.0244595625801544, max = 0.04569035192950065 (LTTC)
[2026-08-31 22:42:05.623] [info] Frame 31 (t = 0.155):	 total squared error = 0.01728868460030185, marker error: RMS = 0.0244164194332716, max = 0.04558371990696941 (LTTC)
[2026-08-31 22:42:05.634] [info] Frame 32 (t = 0.16):	 total squared error = 0.017250164182101034, marker error: RMS = 0.02438920350603226, max = 0.0454924016086154 (LTTC)
[2026-08-31 22:42:05.651] [info] Frame 33 (t = 0.165):	 total squared error = 0.01714318464855688, marker error: RMS = 0.024313459199095864, max = 0.04525238482509327 (LTTC)
[2026-08-31 22:42:05.664] [info] Frame 34 (t = 0.17):	 total squared error = 0.017106994236711085, marker error: RMS = 0.02428778196933671, max = 0.04519764042127609 (LTTC)
[2026-08-31 22:42:05.677] [info] Frame 35 (t = 0.175):	 total squared error = 0.01706568578241978, marker error: RMS = 0.02425844025348119, max = 0.04514506130998307 (LTTC)
[2026-08-31 22:42:05.694] [info] Frame 36 (t = 0.18):	 total squared error = 0.016969477905893805, marker error: RMS = 0.024189965079513077, max = 0.044906266393546876 (LTTC)
[2026-08-31 22:42:05.706] [info] Frame 37 (t = 0.185):	 total squared error = 0.016943536365374337, marker error: RMS = 0.024171468194300497, max = 0.044868063687892895 (LTTC)
[2026-08-31 22:42:05.717] [info] Frame 38 (t = 0.19):	 total squared error = 0.01690174844499642, marker error: RMS = 0.024141642692584703, max = 0.04480479056371628 (LTTC)
[2026-08-31 22:42:05.729] [info] Frame 39 (t = 0.195):	 total squared error = 0.016841038764903855, marker error: RMS = 0.024098246298265295, max = 0.04468818622557071 (LTTC)
[2026-08-31 22:42:05.741] [info] Frame 40 (t = 0.2):	 total squared error = 0.016789828806601792, marker error: RMS = 0.024061579624387743, max = 0.04457720031971738 (LTTC)
[2026-08-31 22:42:05.752] [info] Frame 41 (t = 0.205):	 total squared error = 0.016731451750314843, marker error: RMS = 0.024019712989122543, max = 0.04452824691289672 (RDP1)
[2026-08-31 22:42:05.763] [info] Frame 42 (t = 0.21):	 total squared error = 0.016666731676396984, marker error: RMS = 0.023973211828893504, max = 0.044663828518521645 (RDP1)
[2026-08-31 22:42:05.774] [info] Frame 43 (t = 0.215):	 total squared error = 0.0166182177039638, marker error: RMS = 0.02393829546546402, max = 0.04484789918621724 (RDP1)
[2026-08-31 22:42:05.785] [info] Frame 44 (t = 0.22):	 total squared error = 0.016563766430934775, marker error: RMS = 0.023899045162671374, max = 0.045033610449421106 (RDP1)
[2026-08-31 22:42:05.795] [info] Frame 45 (t = 0.225):	 total squared error = 0.01650235230201025, marker error: RMS = 0.023854698302510594, max = 0.04515996587339816 (RDP1)
[2026-08-31 22:42:05.805] [info] Frame 46 (t = 0.23):	 total squared error = 0.016439656214738033, marker error: RMS = 0.023809340542315156, max = 0.04525585135299174 (RDP1)
[2026-08-31 22:42:05.819] [info] Frame 47 (t = 0.235):	 total squared error = 0.016329684554486905, marker error: RMS = 0.023729571653200485, max = 0.04532849635507128 (RDP1)
[2026-08-31 22:42:05.829] [info] Frame 48 (t = 0.24):	 total squared error = 0.016296546256649933, marker error: RMS = 0.02370548187485256, max = 0.045448389839157756 (RDP1)
[2026-08-31 22:42:05.840] [info] Frame 49 (t = 0.245):	 total squared error = 0.01625800689293609, marker error: RMS = 0.023677434982333368, max = 0.04559441713078021 (RDP1)
[2026-08-31 22:42:05.849] [info] Frame 50 (t = 0.25):	 total squared error = 0.016192818486368152, marker error: RMS = 0.02362991856215493, max = 0.04562382832139061 (RDP1)
[2026-08-31 22:42:05.860] [info] Frame 51 (t = 0.255):	 total squared error = 0.016130812138099263, marker error: RMS = 0.02358463273646142, max = 0.04569050695808289 (RDP1)
[2026-08-31 22:42:05.868] [info] Frame 52 (t = 0.26):	 total squared error = 0.016060858183226008, marker error: RMS = 0.02353343782734071, max = 0.04570498951509707 (RDP1)
[2026-08-31 22:42:05.877] [info] Frame 53 (t = 0.265):	 total squared error = 0.01599624789196156, marker error: RMS = 0.0234860544769705, max = 0.045754752946128394 (RDP1)
[2026-08-31 22:42:05.885] [info] Frame 54 (t = 0.27):	 total squared error = 0.01593868023246772, marker error: RMS = 0.023443755313271423, max = 0.045827202207675645 (RDP1)
[2026-08-31 22:42:05.894] [info] Frame 55 (t = 0.275):	 total squared error = 0.015869129532073888, marker error: RMS = 0.02339254930902063, max = 0.045809579184582366 (RDP1)
[2026-08-31 22:42:05.907] [info] Frame 56 (t = 0.28):	 total squared error = 0.015753248619100255, marker error: RMS = 0.023306983280213394, max = 0.04587408796766718 (RDP1)
[2026-08-31 22:42:05.916] [info] Frame 57 (t = 0.285):	 total squared error = 0.015705567917751583, marker error: RMS = 0.0232716846727665, max = 0.045797536024015144 (RDP1)
[2026-08-31 22:42:05.924] [info] Frame 58 (t = 0.29):	 total squared error = 0.015644625872754968, marker error: RMS = 0.0232264904297056, max = 0.045782108579728205 (RDP1)
[2026-08-31 22:42:05.936] [info] Frame 59 (t = 0.295):	 total squared error = 0.015534467777626456, marker error: RMS = 0.023144573935952553, max = 0.04579455085392381 (RDP1)
[2026-08-31 22:42:05.945] [info] Frame 60 (t = 0.3):	 total squared error = 0.015482728354081689, marker error: RMS = 0.02310599888824343, max = 0.04573945788795397 (RDP1)
[2026-08-31 22:42:05.954] [info] Frame 61 (t = 0.305):	 total squared error = 0.015428558066977755, marker error: RMS = 0.02306554234543138, max = 0.04573709919903005 (RDP1)
[2026-08-31 22:42:05.964] [info] Frame 62 (t = 0.31):	 total squared error = 0.015356450425889486, marker error: RMS = 0.023011579113709994, max = 0.045700794843707544 (RDP1)
[2026-08-31 22:42:05.972] [info] Frame 63 (t = 0.315):	 total squared error = 0.015277234342561393, marker error: RMS = 0.02295214988244576, max = 0.045644847841275066 (RDP1)
[2026-08-31 22:42:05.982] [info] Frame 64 (t = 0.32):	 total squared error = 0.015192095109387549, marker error: RMS = 0.02288810495868041, max = 0.04558664059485925 (RDP1)
[2026-08-31 22:42:05.993] [info] Frame 65 (t = 0.325):	 total squared error = 0.015108549907257237, marker error: RMS = 0.02282508443709671, max = 0.04553746999565268 (RDP1)
[2026-08-31 22:42:06.001] [info] Frame 66 (t = 0.33):	 total squared error = 0.015024033456053399, marker error: RMS = 0.022761153731176615, max = 0.04547383343161579 (RDP1)
[2026-08-31 22:42:06.013] [info] Frame 67 (t = 0.335):	 total squared error = 0.01490832045205425, marker error: RMS = 0.022673332696982983, max = 0.04532940012629737 (RDP1)
[2026-08-31 22:42:06.023] [info] Frame 68 (t = 0.34):	 total squared error = 0.014838972116454454, marker error: RMS = 0.022620536989002786, max = 0.04526593020877839 (RDP1)
[2026-08-31 22:42:06.034] [info] Frame 69 (t = 0.345):	 total squared error = 0.014693440529328227, marker error: RMS = 0.02250933946343792, max = 0.04517038102156295 (RDP1)
[2026-08-31 22:42:06.047] [info] Frame 70 (t = 0.35):	 total squared error = 0.014635201292991073, marker error: RMS = 0.022464685921495014, max = 0.04510788427591598 (RDP1)
[2026-08-31 22:42:06.059] [info] Frame 71 (t = 0.355):	 total squared error = 0.014556315540332945, marker error: RMS = 0.02240406023880258, max = 0.045033159889280916 (RDP1)
[2026-08-31 22:42:06.073] [info] Frame 72 (t = 0.36):	 total squared error = 0.014430974096365911, marker error: RMS = 0.022307393313124032, max = 0.04502173039817144 (RDP1)
[2026-08-31 22:42:06.082] [info] Frame 73 (t = 0.365):	 total squared error = 0.014367207188337203, marker error: RMS = 0.022258053318492815, max = 0.04491867324119585 (RDP1)
[2026-08-31 22:42:06.091] [info] Frame 74 (t = 0.37):	 total squared error = 0.014296530907262543, marker error: RMS = 0.02220323905173215, max = 0.04489957052160675 (RDP1)
[2026-08-31 22:42:06.100] [info] Frame 75 (t = 0.375):	 total squared error = 0.01419364123712472, marker error: RMS = 0.022123198338586548, max = 0.04479328448307849 (RDP1)
[2026-08-31 22:42:06.112] [info] Frame 76 (t = 0.38):	 total squared error = 0.014096533193446035, marker error: RMS = 0.022047388768245076, max = 0.04468604865018932 (RDP1)
[2026-08-31 22:42:06.122] [info] Frame 77 (t = 0.385):	 total squared error = 0.014013495438953735, marker error: RMS = 0.02198235612152567, max = 0.04470581692498764 (RDP1)
[2026-08-31 22:42:06.136] [info] Frame 78 (t = 0.39):	 total squared error = 0.013863800848175603, marker error: RMS = 0.021864631216029048, max = 0.04453295755536844 (RDP1)
[2026-08-31 22:42:06.146] [info] Frame 79 (t = 0.395):	 total squared error = 0.01379115988576293, marker error: RMS = 0.021807274874227203, max = 0.044518011358074025 (RDP1)
[2026-08-31 22:42:06.156] [info] Frame 80 (t = 0.4):	 total squared error = 0.013724074697452918, marker error: RMS = 0.021754170981321798, max = 0.044537847824534155 (RDP1)
[2026-08-31 22:42:06.166] [info] Frame 81 (t = 0.405):	 total squared error = 0.013635582997383315, marker error: RMS = 0.021683923011096236, max = 0.044488931187791875 (RDP1)
[2026-08-31 22:42:06.182] [info] Frame 82 (t = 0.41):	 total squared error = 0.01349608744856177, marker error: RMS = 0.021572721798893964, max = 0.04440231624346164 (RDP1)
[2026-08-31 22:42:06.192] [info] Frame 83 (t = 0.415):	 total squared error = 0.013435092022945083, marker error: RMS = 0.021523917749191674, max = 0.04441024560531415 (RDP1)
[2026-08-31 22:42:06.201] [info] Frame 84 (t = 0.42):	 total squared error = 0.013368022768103418, marker error: RMS = 0.02147012581119155, max = 0.04443259605100501 (RDP1)
[2026-08-31 22:42:06.218] [info] Frame 85 (t = 0.425):	 total squared error = 0.013228924254353612, marker error: RMS = 0.021358131984662482, max = 0.044356350524646426 (RDP1)
[2026-08-31 22:42:06.227] [info] Frame 86 (t = 0.43):	 total squared error = 0.013163945268673604, marker error: RMS = 0.021305613044351517, max = 0.04436678133145809 (RDP1)
[2026-08-31 22:42:06.238] [info] Frame 87 (t = 0.435):	 total squared error = 0.013093800070339742, marker error: RMS = 0.021248772841110014, max = 0.04438980608850522 (RDP1)
[2026-08-31 22:42:06.250] [info] Frame 88 (t = 0.44):	 total squared error = 0.012957180167968744, marker error: RMS = 0.021137627968550617, max = 0.04438365204528137 (RDP1)
[2026-08-31 22:42:06.261] [info] Frame 89 (t = 0.445):	 total squared error = 0.01288044267411216, marker error: RMS = 0.021074942364311226, max = 0.04433252715324368 (RDP1)
[2026-08-31 22:42:06.273] [info] Frame 90 (t = 0.45):	 total squared error = 0.012773341845037162, marker error: RMS = 0.020987140434608312, max = 0.04434046709319591 (RDP1)
[2026-08-31 22:42:06.283] [info] Frame 91 (t = 0.455):	 total squared error = 0.012706069302841742, marker error: RMS = 0.020931801661291518, max = 0.04431439501609278 (RDP1)
[2026-08-31 22:42:06.298] [info] Frame 92 (t = 0.46):	 total squared error = 0.012587117274414753, marker error: RMS = 0.020833591305964436, max = 0.04425953413024848 (RDP1)
[2026-08-31 22:42:06.310] [info] Frame 93 (t = 0.465):	 total squared error = 0.012521412369061423, marker error: RMS = 0.020779144359488504, max = 0.04429005135656253 (RDP1)
[2026-08-31 22:42:06.319] [info] Frame 94 (t = 0.47):	 total squared error = 0.012447594575289619, marker error: RMS = 0.0207178039171124, max = 0.04429693337672621 (RDP1)
[2026-08-31 22:42:06.334] [info] Frame 95 (t = 0.475):	 total squared error = 0.012310364756575702, marker error: RMS = 0.020603284603034656, max = 0.04420412893528085 (RDP1)
[2026-08-31 22:42:06.344] [info] Frame 96 (t = 0.48):	 total squared error = 0.012236393268983608, marker error: RMS = 0.020541290015045146, max = 0.04419333198881502 (RDP1)
[2026-08-31 22:42:06.355] [info] Frame 97 (t = 0.485):	 total squared error = 0.012161706045634893, marker error: RMS = 0.020478505169748355, max = 0.04420110256684747 (RDP1)
[2026-08-31 22:42:06.365] [info] Frame 98 (t = 0.49):	 total squared error = 0.012065318607629502, marker error: RMS = 0.020397192680087217, max = 0.04420329490418839 (RDP1)
[2026-08-31 22:42:06.378] [info] Frame 99 (t = 0.495):	 total squared error = 0.011925779537101895, marker error: RMS = 0.02027889980106033, max = 0.043967720196870855 (RDP1)
[2026-08-31 22:42:06.389] [info] Frame 100 (t = 0.5):	 total squared error = 0.011838738860699506, marker error: RMS = 0.020204761184109046, max = 0.04397366132203492 (RDP1)
[2026-08-31 22:42:06.407] [info] Frame 101 (t = 0.505):	 total squared error = 0.011718565846014967, marker error: RMS = 0.02010195208055158, max = 0.043871173473906636 (RDP1)
[2026-08-31 22:42:06.416] [info] Frame 102 (t = 0.51):	 total squared error = 0.01163116551701694, marker error: RMS = 0.020026848803558293, max = 0.043807678335486704 (RDP1)
[2026-08-31 22:42:06.432] [info] Frame 103 (t = 0.515):	 total squared error = 0.011489483703098873, marker error: RMS = 0.019904499320764286, max = 0.04357870983215861 (RDP1)
[2026-08-31 22:42:06.443] [info] Frame 104 (t = 0.52):	 total squared error = 0.011406268564790227, marker error: RMS = 0.019832286950385265, max = 0.043547591179608165 (RDP1)
[2026-08-31 22:42:06.457] [info] Frame 105 (t = 0.525):	 total squared error = 0.011259491991283618, marker error: RMS = 0.01970427224048179, max = 0.0433438932739634 (RDP1)
[2026-08-31 22:42:06.467] [info] Frame 106 (t = 0.53):	 total squared error = 0.011178194784566817, marker error: RMS = 0.01963300773114679, max = 0.04326481347490406 (RDP1)
[2026-08-31 22:42:06.482] [info] Frame 107 (t = 0.535):	 total squared error = 0.011038113199601877, marker error: RMS = 0.019509602586667927, max = 0.04305949961667092 (RDP1)
[2026-08-31 22:42:06.499] [info] Frame 108 (t = 0.54):	 total squared error = 0.010921400128028108, marker error: RMS = 0.01940618469495646, max = 0.04288697571241634 (RDP1)
[2026-08-31 22:42:06.510] [info] Frame 109 (t = 0.545):	 total squared error = 0.010807879688208497, marker error: RMS = 0.019305064270546943, max = 0.04269321389924476 (RDP1)
[2026-08-31 22:42:06.520] [info] Frame 110 (t = 0.55):	 total squared error = 0.010698364307535837, marker error: RMS = 0.019207006899904, max = 0.042514043959244664 (RDP1)
[2026-08-31 22:42:06.536] [info] Frame 111 (t = 0.555):	 total squared error = 0.010541510787090393, marker error: RMS = 0.019065685719864216, max = 0.04225822612717627 (RDP1)
[2026-08-31 22:42:06.547] [info] Frame 112 (t = 0.56):	 total squared error = 0.010419381918335299, marker error: RMS = 0.018954921040899495, max = 0.04198361682640031 (RDP1)
[2026-08-31 22:42:06.561] [info] Frame 113 (t = 0.565):	 total squared error = 0.010271519772114053, marker error: RMS = 0.01881994519039442, max = 0.041683988438813074 (RDP1)
[2026-08-31 22:42:06.575] [info] Frame 114 (t = 0.57):	 total squared error = 0.01014003200780934, marker error: RMS = 0.01869909827054119, max = 0.04143085555538867 (RDP1)
[2026-08-31 22:42:06.591] [info] Frame 115 (t = 0.575):	 total squared error = 0.009986345923042267, marker error: RMS = 0.01855685199507111, max = 0.0410704855705341 (RDP1)
[2026-08-31 22:42:06.607] [info] Frame 116 (t = 0.58):	 total squared error = 0.009849035748435054, marker error: RMS = 0.018428833993495885, max = 0.04074507163398936 (RDP1)
[2026-08-31 22:42:06.619] [info] Frame 117 (t = 0.585):	 total squared error = 0.00970828259868823, marker error: RMS = 0.01829667635041971, max = 0.04045553805219275 (RDP1)
[2026-08-31 22:42:06.630] [info] Frame 118 (t = 0.59):	 total squared error = 0.00958305737963914, marker error: RMS = 0.01817829074666579, max = 0.04017449287755566 (RDP1)
[2026-08-31 22:42:06.647] [info] Frame 119 (t = 0.595):	 total squared error = 0.009409327656976052, marker error: RMS = 0.01801276143123215, max = 0.03966491501274616 (RDP1)
[2026-08-31 22:42:06.657] [info] Frame 120 (t = 0.6):	 total squared error = 0.009282203300854573, marker error: RMS = 0.017890667284691675, max = 0.039401689957771144 (RDP1)
[2026-08-31 22:42:06.671] [info] Frame 121 (t = 0.605):	 total squared error = 0.009110666970550766, marker error: RMS = 0.01772458546818492, max = 0.03889037912111707 (RDP1)
[2026-08-31 22:42:06.682] [info] Frame 122 (t = 0.61):	 total squared error = 0.008978787043597529, marker error: RMS = 0.017595833209341046, max = 0.03857067273820972 (RDP1)
[2026-08-31 22:42:06.692] [info] Frame 123 (t = 0.615):	 total squared error = 0.008848160899610337, marker error: RMS = 0.017467369479640817, max = 0.038249512269861626 (RDP1)
[2026-08-31 22:42:06.712] [info] Frame 124 (t = 0.62):	 total squared error = 0.00865327021312732, marker error: RMS = 0.017273929143043085, max = 0.037628700969763194 (RDP1)
[2026-08-31 22:42:06.722] [info] Frame 125 (t = 0.625):	 total squared error = 0.008512607445123043, marker error: RMS = 0.017132956188669356, max = 0.03722468266087682 (RDP1)
[2026-08-31 22:42:06.732] [info] Frame 126 (t = 0.63):	 total squared error = 0.008387270889911995, marker error: RMS = 0.01700635873969417, max = 0.03691541078724925 (RDP1)
[2026-08-31 22:42:06.748] [info] Frame 127 (t = 0.635):	 total squared error = 0.008190774450326156, marker error: RMS = 0.01680596615155192, max = 0.0362473970598118 (RDP1)
[2026-08-31 22:42:06.757] [info] Frame 128 (t = 0.64):	 total squared error = 0.008048567538482059, marker error: RMS = 0.01665943611506089, max = 0.03586507073627237 (RDP1)
[2026-08-31 22:42:06.774] [info] Frame 129 (t = 0.645):	 total squared error = 0.007871000633999196, marker error: RMS = 0.01647464157320242, max = 0.03527482351478298 (RDP1)
[2026-08-31 22:42:06.785] [info] Frame 130 (t = 0.65):	 total squared error = 0.007738847042238441, marker error: RMS = 0.016335752035334838, max = 0.03489964498633785 (RDP1)
[2026-08-31 22:42:06.802] [info] Frame 131 (t = 0.655):	 total squared error = 0.0075656687558738325, marker error: RMS = 0.01615193887782178, max = 0.034343186891431544 (RDP1)
[2026-08-31 22:42:06.811] [info] Frame 132 (t = 0.66):	 total squared error = 0.007422634983005164, marker error: RMS = 0.015998529008894972, max = 0.03386897015020423 (RDP1)
[2026-08-31 22:42:06.820] [info] Frame 133 (t = 0.665):	 total squared error = 0.007287654117270806, marker error: RMS = 0.015852394703543195, max = 0.03345979722003674 (RDP1)
[2026-08-31 22:42:06.832] [info] Frame 134 (t = 0.67):	 total squared error = 0.007137873128526312, marker error: RMS = 0.015688644178388386, max = 0.03296133922361519 (RDP1)
[2026-08-31 22:42:06.852] [info] Frame 135 (t = 0.675):	 total squared error = 0.006936835442853816, marker error: RMS = 0.015466131454483794, max = 0.03221103668217121 (RDP1)
[2026-08-31 22:42:06.864] [info] Frame 136 (t = 0.68):	 total squared error = 0.006793760622485381, marker error: RMS = 0.015305803071773453, max = 0.031769211947600635 (RDP1)
[2026-08-31 22:42:06.882] [info] Frame 137 (t = 0.685):	 total squared error = 0.006627218537106518, marker error: RMS = 0.015117035990616813, max = 0.031133733766018048 (RDP1)
[2026-08-31 22:42:06.896] [info] Frame 138 (t = 0.69):	 total squared error = 0.006487915632274924, marker error: RMS = 0.014957313552210347, max = 0.03071541231210215 (RDP1)
[2026-08-31 22:42:06.908] [info] Frame 139 (t = 0.695):	 total squared error = 0.006346851546168007, marker error: RMS = 0.014793814581366846, max = 0.030253859593437595 (RDP1)
[2026-08-31 22:42:06.927] [info] Frame 140 (t = 0.7):	 total squared error = 0.006170000859971, marker error: RMS = 0.014586248672768046, max = 0.029582267123503515 (RDP1)
[2026-08-31 22:42:06.937] [info] Frame 141 (t = 0.705):	 total squared error = 0.006032584885238746, marker error: RMS = 0.014422904300331071, max = 0.02912553878962678 (RDP1)
[2026-08-31 22:42:06.946] [info] Frame 142 (t = 0.71):	 total squared error = 0.005893646995998496, marker error: RMS = 0.014255848159915594, max = 0.028608094478150208 (RDP1)
[2026-08-31 22:42:06.958] [info] Frame 143 (t = 0.715):	 total squared error = 0.00572629964631615, marker error: RMS = 0.014051996601681212, max = 0.0281192982434894 (RDP1)
[2026-08-31 22:42:06.966] [info] Frame 144 (t = 0.72):	 total squared error = 0.005572594591246064, marker error: RMS = 0.01386212228271338, max = 0.027448448741542075 (RDP1)
[2026-08-31 22:42:06.982] [info] Frame 145 (t = 0.725):	 total squared error = 0.00542928933250847, marker error: RMS = 0.01368272171516964, max = 0.02700107988931593 (RDP1)
[2026-08-31 22:42:06.992] [info] Frame 146 (t = 0.73):	 total squared error = 0.005289209143873957, marker error: RMS = 0.013505055431302392, max = 0.02649150996829333 (RDP1)
[2026-08-31 22:42:07.006] [info] Frame 147 (t = 0.735):	 total squared error = 0.005134250729459395, marker error: RMS = 0.01330575546904602, max = 0.02592556182460029 (RDP1)
[2026-08-31 22:42:07.016] [info] Frame 148 (t = 0.74):	 total squared error = 0.004996912327227046, marker error: RMS = 0.013126588346882781, max = 0.025439147120022616 (RDP1)
[2026-08-31 22:42:07.028] [info] Frame 149 (t = 0.745):	 total squared error = 0.0048639589867367095, marker error: RMS = 0.01295078081354851, max = 0.024969962461031312 (RDP1)
[2026-08-31 22:42:07.043] [info] Frame 150 (t = 0.75):	 total squared error = 0.004702459254212893, marker error: RMS = 0.0127339611820773, max = 0.024343157471305416 (RDP1)
[2026-08-31 22:42:07.053] [info] Frame 151 (t = 0.755):	 total squared error = 0.00456845132847582, marker error: RMS = 0.012551207289747098, max = 0.023846519932782844 (RDP1)
[2026-08-31 22:42:07.063] [info] Frame 152 (t = 0.76):	 total squared error = 0.004442410430106489, marker error: RMS = 0.01237685608526641, max = 0.023414684109500324 (RDP1)
[2026-08-31 22:42:07.081] [info] Frame 153 (t = 0.765):	 total squared error = 0.004291588385574523, marker error: RMS = 0.012164941693206813, max = 0.02287807849764202 (RDP1)
[2026-08-31 22:42:07.092] [info] Frame 154 (t = 0.77):	 total squared error = 0.004166635882871317, marker error: RMS = 0.011986538257952368, max = 0.02242554074042924 (RDP1)
[2026-08-31 22:42:07.107] [info] Frame 155 (t = 0.775):	 total squared error = 0.004027223973961961, marker error: RMS = 0.011784302788268166, max = 0.02196226025857225 (RDP1)
[2026-08-31 22:42:07.118] [info] Frame 156 (t = 0.78):	 total squared error = 0.003903633228434572, marker error: RMS = 0.01160207060656902, max = 0.021438205268455503 (RDP1)
[2026-08-31 22:42:07.134] [info] Frame 157 (t = 0.785):	 total squared error = 0.003768548197628512, marker error: RMS = 0.011399558669056405, max = 0.02092350772043078 (RDP1)
[2026-08-31 22:42:07.144] [info] Frame 158 (t = 0.79):	 total squared error = 0.0036509939069349394, marker error: RMS = 0.011220353898984034, max = 0.02050710747616527 (RDP1)
[2026-08-31 22:42:07.162] [info] Frame 159 (t = 0.795):	 total squared error = 0.0035211101175116367, marker error: RMS = 0.011018965026672057, max = 0.019972183705694126 (RDP1)
[2026-08-31 22:42:07.172] [info] Frame 160 (t = 0.8):	 total squared error = 0.0034107017878546703, marker error: RMS = 0.010844833169659516, max = 0.019595533212533715 (RDP1)
[2026-08-31 22:42:07.183] [info] Frame 161 (t = 0.805):	 total squared error = 0.003301469232275957, marker error: RMS = 0.010669759445751596, max = 0.019200828023779433 (RDP1)
[2026-08-31 22:42:07.194] [info] Frame 162 (t = 0.81):	 total squared error = 0.003196000654107076, marker error: RMS = 0.010497948328465926, max = 0.018828728249239524 (RDP1)
[2026-08-31 22:42:07.210] [info] Frame 163 (t = 0.815):	 total squared error = 0.0030600229812907335, marker error: RMS = 0.010272197128054519, max = 0.01822445066424564 (RDP1)
[2026-08-31 22:42:07.220] [info] Frame 164 (t = 0.82):	 total squared error = 0.0029602546669932265, marker error: RMS = 0.010103353262046096, max = 0.017861283900814227 (RDP1)
[2026-08-31 22:42:07.232] [info] Frame 165 (t = 0.825):	 total squared error = 0.0028612125576379004, marker error: RMS = 0.009932899978732989, max = 0.01750963293993024 (RDP1)
[2026-08-31 22:42:07.245] [info] Frame 166 (t = 0.83):	 total squared error = 0.0027658417692560658, marker error: RMS = 0.009765953825012596, max = 0.017099889889153376 (RDP1)
[2026-08-31 22:42:07.263] [info] Frame 167 (t = 0.835):	 total squared error = 0.0026412484023817743, marker error: RMS = 0.009543454883668331, max = 0.016561387089092994 (RDP1)
[2026-08-31 22:42:07.274] [info] Frame 168 (t = 0.84):	 total squared error = 0.0025494985949025295, marker error: RMS = 0.009376232967018864, max = 0.01618873107902073 (RDP1)
[2026-08-31 22:42:07.290] [info] Frame 169 (t = 0.845):	 total squared error = 0.0024487046789005385, marker error: RMS = 0.009189020207610855, max = 0.015765034910179672 (RDP1)
[2026-08-31 22:42:07.306] [info] Frame 170 (t = 0.85):	 total squared error = 0.0023566699348891757, marker error: RMS = 0.009014681387238255, max = 0.0153726645525702 (RDP1)
[2026-08-31 22:42:07.315] [info] Frame 171 (t = 0.855):	 total squared error = 0.0022731083863912326, marker error: RMS = 0.008853420119173958, max = 0.014978132152773906 (RDP1)
[2026-08-31 22:42:07.327] [info] Frame 172 (t = 0.86):	 total squared error = 0.0021923928545073902, marker error: RMS = 0.008694811878568916, max = 0.014691457495671457 (RDP1)
[2026-08-31 22:42:07.343] [info] Frame 173 (t = 0.865):	 total squared error = 0.002098414581651718, marker error: RMS = 0.008506416607786832, max = 0.014246405159793874 (RDP1)
[2026-08-31 22:42:07.354] [info] Frame 174 (t = 0.87):	 total squared error = 0.002017579881299035, marker error: RMS = 0.008340966373556143, max = 0.013753862034998472 (RDP1)
[2026-08-31 22:42:07.364] [info] Frame 175 (t = 0.875):	 total squared error = 0.0019473395017646838, marker error: RMS = 0.008194488269067548, max = 0.013449221147655472 (RDP1)
[2026-08-31 22:42:07.381] [info] Frame 176 (t = 0.88):	 total squared error = 0.0018589668499117752, marker error: RMS = 0.008006391519865336, max = 0.013087947220346324 (RDP1)
[2026-08-31 22:42:07.392] [info] Frame 177 (t = 0.885):	 total squared error = 0.0017885533301811053, marker error: RMS = 0.007853295662641622, max = 0.012684231814234621 (RDP1)
[2026-08-31 22:42:07.410] [info] Frame 178 (t = 0.89):	 total squared error = 0.001714740937119982, marker error: RMS = 0.007689538206662577, max = 0.012288075908026752 (RDP1)
[2026-08-31 22:42:07.426] [info] Frame 179 (t = 0.895):	 total squared error = 0.0016479842850172205, marker error: RMS = 0.007538371462785489, max = 0.011948843491891285 (RDP1)
[2026-08-31 22:42:07.435] [info] Frame 180 (t = 0.9):	 total squared error = 0.001581131590301321, marker error: RMS = 0.007383886441157368, max = 0.011513275106443873 (RDP1)
[2026-08-31 22:42:07.447] [info] Frame 181 (t = 0.905):	 total squared error = 0.0015222537184649315, marker error: RMS = 0.007245102313513143, max = 0.011216645039822155 (LFM5)
[2026-08-31 22:42:07.465] [info] Frame 182 (t = 0.91):	 total squared error = 0.001459810829840626, marker error: RMS = 0.007094949223022175, max = 0.0108793024970113 (RDP1)
[2026-08-31 22:42:07.477] [info] Frame 183 (t = 0.915):	 total squared error = 0.0014004206026052937, marker error: RMS = 0.006949126967258483, max = 0.010682035174540925 (LFM5)
[2026-08-31 22:42:07.493] [info] Frame 184 (t = 0.92):	 total squared error = 0.0013492507078967163, marker error: RMS = 0.006820988673146813, max = 0.010331456644991775 (LFM5)
[2026-08-31 22:42:07.506] [info] Frame 185 (t = 0.925):	 total squared error = 0.0012971162239316517, marker error: RMS = 0.006687910410047041, max = 0.01029810849485184 (LFM5)
[2026-08-31 22:42:07.518] [info] Frame 186 (t = 0.93):	 total squared error = 0.0012521439376660135, marker error: RMS = 0.006570949487014568, max = 0.01025417294714105 (LFM5)
[2026-08-31 22:42:07.536] [info] Frame 187 (t = 0.935):	 total squared error = 0.0012043839029463666, marker error: RMS = 0.006444414590321116, max = 0.009827226091672045 (LFM5)
[2026-08-31 22:42:07.547] [info] Frame 188 (t = 0.94):	 total squared error = 0.0011609952660535444, marker error: RMS = 0.006327267934826827, max = 0.009820526963741512 (LFM5)
[2026-08-31 22:42:07.560] [info] Frame 189 (t = 0.945):	 total squared error = 0.001127852444541407, marker error: RMS = 0.006236302077744158, max = 0.009791611503605946 (LFM5)
[2026-08-31 22:42:07.569] [info] Frame 190 (t = 0.95):	 total squared error = 0.0010942043361356908, marker error: RMS = 0.006142571448886777, max = 0.009777434408611226 (LFM5)
[2026-08-31 22:42:07.587] [info] Frame 191 (t = 0.955):	 total squared error = 0.001058969884857429, marker error: RMS = 0.006042863801718374, max = 0.009424358088811254 (LFM5)
[2026-08-31 22:42:07.604] [info] Frame 192 (t = 0.96):	 total squared error = 0.0010309117392966688, marker error: RMS = 0.005962271435065865, max = 0.009196307051543302 (LFM5)
[2026-08-31 22:42:07.616] [info] Frame 193 (t = 0.965):	 total squared error = 0.0010030077292111589, marker error: RMS = 0.00588102656184058, max = 0.00917865399679587 (LFM5)
[2026-08-31 22:42:07.627] [info] Frame 194 (t = 0.97):	 total squared error = 0.0009786334498172752, marker error: RMS = 0.005809129110992619, max = 0.009189018333965755 (LFM5)
[2026-08-31 22:42:07.644] [info] Frame 195 (t = 0.975):	 total squared error = 0.0009615298673806448, marker error: RMS = 0.005758142263219146, max = 0.008971965072203537 (LFM5)
[2026-08-31 22:42:07.656] [info] Frame 196 (t = 0.98):	 total squared error = 0.0009437189297055682, marker error: RMS = 0.005704562389773005, max = 0.008939566473552577 (LFM5)
[2026-08-31 22:42:07.671] [info] Frame 197 (t = 0.985):	 total squared error = 0.0009261594885279695, marker error: RMS = 0.005651241818146819, max = 0.008926595593587557 (LFM5)
[2026-08-31 22:42:07.688] [info] Frame 198 (t = 0.99):	 total squared error = 0.0009141601461077081, marker error: RMS = 0.00561451366183096, max = 0.008927064942136066 (LFM5)
[2026-08-31 22:42:07.693] [info] InverseKinematicsTool completed 199 frames in 2 second(s).
[2026-08-31 22:42:08.247] [info] Loaded model AB03_ik from file C:\Users\edgar\Documents\GitHub\WR26\IK\solution\results\Model_ik.osim
[2026-08-31 22:42:08.447] [cout] [info] 
               MODEL: AB03_ik
         coordinates: 42
              forces: 0
           actuators: 0
             muscles: 0
            analyses: 0
              probes: 0
              bodies: 23
              joints: 23
         constraints: 2
             markers: 57
         controllers: 0
  contact geometries: 0
misc modelcomponents: 0
[2026-08-31 22:42:08.447] [info] Running tool .
[2026-08-31 22:42:08.860] [info] Frame 2560 (t = 12.8):	 total squared error = 0.014260864946554043, marker error: RMS = 0.022175526232183926, max = 0.05207177213125921 (LTTC)
[2026-08-31 22:42:08.866] [info] Frame 2561 (t = 12.805):	 total squared error = 0.014276607291811719, marker error: RMS = 0.02218776246415851, max = 0.0520836203670447 (LTTC)
[2026-08-31 22:42:08.877] [info] Frame 2562 (t = 12.81):	 total squared error = 0.014274522814376456, marker error: RMS = 0.022186142626280735, max = 0.05206570622099236 (LTTC)
[2026-08-31 22:42:08.884] [info] Frame 2563 (t = 12.815):	 total squared error = 0.014275083816172119, marker error: RMS = 0.02218657858984067, max = 0.05209492329843229 (LTTC)
[2026-08-31 22:42:08.890] [info] Frame 2564 (t = 12.82):	 total squared error = 0.014288061139771008, marker error: RMS = 0.022196661087658647, max = 0.05210928820596377 (LTTC)
[2026-08-31 22:42:08.896] [info] Frame 2565 (t = 12.825):	 total squared error = 0.014302431731158747, marker error: RMS = 0.022207820718711677, max = 0.05214100435046824 (LTTC)
[2026-08-31 22:42:08.902] [info] Frame 2566 (t = 12.83):	 total squared error = 0.014283423010709648, marker error: RMS = 0.022193058102828126, max = 0.05212184239087978 (LTTC)
[2026-08-31 22:42:08.911] [info] Frame 2567 (t = 12.835):	 total squared error = 0.014298232451362467, marker error: RMS = 0.022204560304650116, max = 0.05213740845385605 (LTTC)
[2026-08-31 22:42:08.917] [info] Frame 2568 (t = 12.84):	 total squared error = 0.014287726929156376, marker error: RMS = 0.02219640148619651, max = 0.05211592953846305 (LTTC)
[2026-08-31 22:42:08.924] [info] Frame 2569 (t = 12.845):	 total squared error = 0.014314539802480668, marker error: RMS = 0.022217219015331226, max = 0.0521653299612631 (LTTC)
[2026-08-31 22:42:08.930] [info] Frame 2570 (t = 12.85):	 total squared error = 0.014309962200222941, marker error: RMS = 0.022213666343525573, max = 0.05216981691696896 (LTTC)
[2026-08-31 22:42:08.936] [info] Frame 2571 (t = 12.855):	 total squared error = 0.014310341929574064, marker error: RMS = 0.02221396107264611, max = 0.05215528923770584 (LTTC)
[2026-08-31 22:42:08.942] [info] Frame 2572 (t = 12.86):	 total squared error = 0.014328907572602459, marker error: RMS = 0.0222283661370831, max = 0.052199326933573154 (LTTC)
[2026-08-31 22:42:08.948] [info] Frame 2573 (t = 12.865):	 total squared error = 0.01432967062625125, marker error: RMS = 0.02222895798995105, max = 0.05218902995118877 (LTTC)
[2026-08-31 22:42:08.955] [info] Frame 2574 (t = 12.87):	 total squared error = 0.01431502061893838, marker error: RMS = 0.02221759214345802, max = 0.05222147492763356 (LTTC)
[2026-08-31 22:42:08.961] [info] Frame 2575 (t = 12.875):	 total squared error = 0.014340182625586595, marker error: RMS = 0.022237109885385513, max = 0.05220015244088328 (LTTC)
[2026-08-31 22:42:08.970] [info] Frame 2576 (t = 12.88):	 total squared error = 0.014323207196333882, marker error: RMS = 0.022223944213962253, max = 0.05220213249609855 (LTTC)
[2026-08-31 22:42:08.978] [info] Frame 2577 (t = 12.885):	 total squared error = 0.014327369042800995, marker error: RMS = 0.022227172748067806, max = 0.05220092453097339 (LTTC)
[2026-08-31 22:42:08.985] [info] Frame 2578 (t = 12.89):	 total squared error = 0.014340449065163288, marker error: RMS = 0.02223731646638866, max = 0.05221413603704253 (LTTC)
[2026-08-31 22:42:08.991] [info] Frame 2579 (t = 12.895):	 total squared error = 0.014360526890274453, marker error: RMS = 0.022252878070561054, max = 0.05223914153853765 (LTTC)
[2026-08-31 22:42:08.997] [info] Frame 2580 (t = 12.9):	 total squared error = 0.014365739854244093, marker error: RMS = 0.022256916673284294, max = 0.052253301471094 (LTTC)
[2026-08-31 22:42:09.003] [info] Frame 2581 (t = 12.905):	 total squared error = 0.014362043725127734, marker error: RMS = 0.022254053272906717, max = 0.05224443393042924 (LTTC)
[2026-08-31 22:42:09.011] [info] Frame 2582 (t = 12.91):	 total squared error = 0.014358408823683607, marker error: RMS = 0.0222512369463871, max = 0.05225487384525939 (LTTC)
[2026-08-31 22:42:09.016] [info] Frame 2583 (t = 12.915):	 total squared error = 0.01439285129905816, marker error: RMS = 0.022277908726110313, max = 0.05226600738553967 (LTTC)
[2026-08-31 22:42:09.024] [info] Frame 2584 (t = 12.92):	 total squared error = 0.014366768310633665, marker error: RMS = 0.022257713355485417, max = 0.052254134803503285 (LTTC)
[2026-08-31 22:42:09.030] [info] Frame 2585 (t = 12.925):	 total squared error = 0.014391257075472374, marker error: RMS = 0.022276674886118127, max = 0.0522745585057918 (LTTC)
[2026-08-31 22:42:09.036] [info] Frame 2586 (t = 12.93):	 total squared error = 0.014366637950405195, marker error: RMS = 0.022257612374975488, max = 0.052234639798532836 (LTTC)
[2026-08-31 22:42:09.044] [info] Frame 2587 (t = 12.935):	 total squared error = 0.014390938957785303, marker error: RMS = 0.02227642867262142, max = 0.05225293169776871 (LTTC)
[2026-08-31 22:42:09.051] [info] Frame 2588 (t = 12.94):	 total squared error = 0.014399814707327629, marker error: RMS = 0.022283297214178953, max = 0.05227922924299759 (LTTC)
[2026-08-31 22:42:09.058] [info] Frame 2589 (t = 12.945):	 total squared error = 0.014415270345119737, marker error: RMS = 0.022295252583515387, max = 0.05230688946507096 (LTTC)
[2026-08-31 22:42:09.066] [info] Frame 2590 (t = 12.95):	 total squared error = 0.014404592404400297, marker error: RMS = 0.022286993581691433, max = 0.052321256933076855 (LTTC)
[2026-08-31 22:42:09.073] [info] Frame 2591 (t = 12.955):	 total squared error = 0.014398692470359704, marker error: RMS = 0.022282428882618593, max = 0.05230149322252264 (LTTC)
[2026-08-31 22:42:09.079] [info] Frame 2592 (t = 12.96):	 total squared error = 0.014429187850039124, marker error: RMS = 0.022306012681012424, max = 0.05231478340075496 (LTTC)
[2026-08-31 22:42:09.085] [info] Frame 2593 (t = 12.965):	 total squared error = 0.01442241298850985, marker error: RMS = 0.022300775453124592, max = 0.052317430847840254 (LTTC)
[2026-08-31 22:42:09.093] [info] Frame 2594 (t = 12.97):	 total squared error = 0.014415017530108251, marker error: RMS = 0.02229505707558814, max = 0.052319068591702086 (LTTC)
[2026-08-31 22:42:09.099] [info] Frame 2595 (t = 12.975):	 total squared error = 0.01444071197014622, marker error: RMS = 0.02231491844433799, max = 0.05233968622885119 (LTTC)
[2026-08-31 22:42:09.104] [info] Frame 2596 (t = 12.98):	 total squared error = 0.014438737373161271, marker error: RMS = 0.022313392741272017, max = 0.05233946844726845 (LTTC)
[2026-08-31 22:42:09.110] [info] Frame 2597 (t = 12.985):	 total squared error = 0.014437681162554547, marker error: RMS = 0.022312576600895882, max = 0.05234768819801399 (LTTC)
[2026-08-31 22:42:09.117] [info] Frame 2598 (t = 12.99):	 total squared error = 0.014423365998691083, marker error: RMS = 0.0223015122408936, max = 0.05233125828435141 (LTTC)
[2026-08-31 22:42:09.123] [info] Frame 2599 (t = 12.995):	 total squared error = 0.014446642688963708, marker error: RMS = 0.022319500279416798, max = 0.052366298321337726 (LTTC)
[2026-08-31 22:42:09.132] [info] Frame 2600 (t = 13):	 total squared error = 0.014432506312856065, marker error: RMS = 0.022308577531474198, max = 0.05235361102008576 (LTTC)
[2026-08-31 22:42:09.139] [info] Frame 2601 (t = 13.005):	 total squared error = 0.014438622351131901, marker error: RMS = 0.02231330386449698, max = 0.05236328621024995 (LTTC)
[2026-08-31 22:42:09.147] [info] Frame 2602 (t = 13.01):	 total squared error = 0.014453128786153032, marker error: RMS = 0.022324510100932927, max = 0.05238821634189622 (LTTC)
[2026-08-31 22:42:09.153] [info] Frame 2603 (t = 13.015):	 total squared error = 0.014452661865810618, marker error: RMS = 0.02232414949209026, max = 0.05235571636739611 (LTTC)
[2026-08-31 22:42:09.162] [info] Frame 2604 (t = 13.02):	 total squared error = 0.014438377141477944, marker error: RMS = 0.022313114391408186, max = 0.05236547255959543 (LTTC)
[2026-08-31 22:42:09.170] [info] Frame 2605 (t = 13.025):	 total squared error = 0.01444078235909046, marker error: RMS = 0.02231497282952479, max = 0.05236732805393869 (LTTC)
[2026-08-31 22:42:09.181] [info] Frame 2606 (t = 13.03):	 total squared error = 0.014431117884394683, marker error: RMS = 0.02230750444658253, max = 0.052350798231415634 (LTTC)
[2026-08-31 22:42:09.188] [info] Frame 2607 (t = 13.035):	 total squared error = 0.014453029406347866, marker error: RMS = 0.022324433349064494, max = 0.05235548108400812 (LTTC)
[2026-08-31 22:42:09.197] [info] Frame 2608 (t = 13.04):	 total squared error = 0.014444913958216107, marker error: RMS = 0.02231816482862775, max = 0.0523517954280262 (LTTC)
[2026-08-31 22:42:09.206] [info] Frame 2609 (t = 13.045):	 total squared error = 0.01444452865514692, marker error: RMS = 0.022317867169715528, max = 0.05235929667120628 (LTTC)
[2026-08-31 22:42:09.215] [info] Frame 2610 (t = 13.05):	 total squared error = 0.014435110927336004, marker error: RMS = 0.022310590439748722, max = 0.05235008481119948 (LTTC)
[2026-08-31 22:42:09.225] [info] Frame 2611 (t = 13.055):	 total squared error = 0.014444138346877787, marker error: RMS = 0.022317565640078984, max = 0.05235581924170601 (LTTC)
[2026-08-31 22:42:09.233] [info] Frame 2612 (t = 13.06):	 total squared error = 0.014440494034903181, marker error: RMS = 0.022314750058404758, max = 0.052358667715785435 (LTTC)
[2026-08-31 22:42:09.244] [info] Frame 2613 (t = 13.065):	 total squared error = 0.014447748417518547, marker error: RMS = 0.02232035441684883, max = 0.052357230496317714 (LTTC)
[2026-08-31 22:42:09.251] [info] Frame 2614 (t = 13.07):	 total squared error = 0.014447233837759244, marker error: RMS = 0.02231995692567779, max = 0.05235782002999574 (LTTC)
[2026-08-31 22:42:09.260] [info] Frame 2615 (t = 13.075):	 total squared error = 0.01444979818371757, marker error: RMS = 0.022321937704572442, max = 0.05235348266175795 (LTTC)
[2026-08-31 22:42:09.268] [info] Frame 2616 (t = 13.08):	 total squared error = 0.014455724509331812, marker error: RMS = 0.022326514706565295, max = 0.052344947433279505 (LTTC)
[2026-08-31 22:42:09.275] [info] Frame 2617 (t = 13.085):	 total squared error = 0.014455108460752947, marker error: RMS = 0.02232603896547779, max = 0.05235351073898884 (LTTC)
[2026-08-31 22:42:09.282] [info] Frame 2618 (t = 13.09):	 total squared error = 0.014459529948859434, marker error: RMS = 0.022329453217558932, max = 0.05236183841167767 (LTTC)
[2026-08-31 22:42:09.290] [info] Frame 2619 (t = 13.095):	 total squared error = 0.014454049841850919, marker error: RMS = 0.022325221427523686, max = 0.05234905297111602 (LTTC)
[2026-08-31 22:42:09.301] [info] Frame 2620 (t = 13.1):	 total squared error = 0.014466207668244335, marker error: RMS = 0.022334608731312915, max = 0.05237345322471311 (LTTC)
[2026-08-31 22:42:09.314] [info] Frame 2621 (t = 13.105):	 total squared error = 0.014462267387769784, marker error: RMS = 0.02233156679322652, max = 0.052358492041049136 (LTTC)
[2026-08-31 22:42:09.323] [info] Frame 2622 (t = 13.11):	 total squared error = 0.014467578204915892, marker error: RMS = 0.022335666702967816, max = 0.052367476978774974 (LTTC)
[2026-08-31 22:42:09.333] [info] Frame 2623 (t = 13.115):	 total squared error = 0.014464022347042964, marker error: RMS = 0.022332921691470276, max = 0.05236754472599722 (LTTC)
[2026-08-31 22:42:09.340] [info] Frame 2624 (t = 13.12):	 total squared error = 0.014463581992680259, marker error: RMS = 0.02233258172814211, max = 0.05236048150272048 (LTTC)
[2026-08-31 22:42:09.349] [info] Frame 2625 (t = 13.125):	 total squared error = 0.014468012513825498, marker error: RMS = 0.022336001952797238, max = 0.052368304842354205 (LTTC)
[2026-08-31 22:42:09.355] [info] Frame 2626 (t = 13.13):	 total squared error = 0.01446589074721863, marker error: RMS = 0.022334364080259995, max = 0.052351991142288244 (LTTC)
[2026-08-31 22:42:09.363] [info] Frame 2627 (t = 13.135):	 total squared error = 0.014475867165862055, marker error: RMS = 0.02234206421317395, max = 0.05237700828127598 (LTTC)
[2026-08-31 22:42:09.370] [info] Frame 2628 (t = 13.14):	 total squared error = 0.014474904040449005, marker error: RMS = 0.022341320956569433, max = 0.052357022031272876 (LTTC)
[2026-08-31 22:42:09.377] [info] Frame 2629 (t = 13.145):	 total squared error = 0.014474701678473501, marker error: RMS = 0.02234116478801616, max = 0.05236360211218126 (LTTC)
[2026-08-31 22:42:09.383] [info] Frame 2630 (t = 13.15):	 total squared error = 0.014480360346649217, marker error: RMS = 0.022345531333448104, max = 0.05241122552186293 (LTTC)
[2026-08-31 22:42:09.389] [info] Frame 2631 (t = 13.155):	 total squared error = 0.014494530409346491, marker error: RMS = 0.022356462006000437, max = 0.05239493080348726 (LTTC)
[2026-08-31 22:42:09.395] [info] Frame 2632 (t = 13.16):	 total squared error = 0.014492322248565899, marker error: RMS = 0.022354759000055183, max = 0.052403669035156225 (LTTC)
[2026-08-31 22:42:09.400] [info] Frame 2633 (t = 13.165):	 total squared error = 0.01450880760642863, marker error: RMS = 0.022367469918757116, max = 0.05241143507209161 (LTTC)
[2026-08-31 22:42:09.409] [info] Frame 2634 (t = 13.17):	 total squared error = 0.014486605946471885, marker error: RMS = 0.022350349797827268, max = 0.05238195756892416 (LTTC)
[2026-08-31 22:42:09.414] [info] Frame 2635 (t = 13.175):	 total squared error = 0.014506301778403608, marker error: RMS = 0.02236553828334057, max = 0.052426361224508715 (LTTC)
[2026-08-31 22:42:09.423] [info] Frame 2636 (t = 13.18):	 total squared error = 0.014496289039178127, marker error: RMS = 0.022357818226153653, max = 0.0524183261450567 (LTTC)
[2026-08-31 22:42:09.430] [info] Frame 2637 (t = 13.185):	 total squared error = 0.014509690280379448, marker error: RMS = 0.022368150294543608, max = 0.05242770179512412 (LTTC)
[2026-08-31 22:42:09.438] [info] Frame 2638 (t = 13.19):	 total squared error = 0.014482750698704597, marker error: RMS = 0.022347375606702795, max = 0.05242949760808153 (LTTC)
[2026-08-31 22:42:09.447] [info] Frame 2639 (t = 13.195):	 total squared error = 0.014499784560062073, marker error: RMS = 0.02236051365770973, max = 0.052415451206989115 (LTTC)
[2026-08-31 22:42:09.453] [info] Frame 2640 (t = 13.2):	 total squared error = 0.014509679657916798, marker error: RMS = 0.022368142106743594, max = 0.05244184826695066 (LTTC)
[2026-08-31 22:42:09.463] [info] Frame 2641 (t = 13.205):	 total squared error = 0.014493585558537941, marker error: RMS = 0.022355733321977548, max = 0.052441261725311494 (LTTC)
[2026-08-31 22:42:09.471] [info] Frame 2642 (t = 13.21):	 total squared error = 0.014495459242015868, marker error: RMS = 0.022357178313429406, max = 0.052447943547197076 (LTTC)
[2026-08-31 22:42:09.479] [info] Frame 2643 (t = 13.215):	 total squared error = 0.014495404093535601, marker error: RMS = 0.02235713578405662, max = 0.052449233144274014 (LTTC)
[2026-08-31 22:42:09.486] [info] Frame 2644 (t = 13.22):	 total squared error = 0.01448267148648985, marker error: RMS = 0.022347314493052047, max = 0.05241824147843205 (LTTC)
[2026-08-31 22:42:09.496] [info] Frame 2645 (t = 13.225):	 total squared error = 0.014496063587028258, marker error: RMS = 0.022357644366562054, max = 0.052454592004405734 (LTTC)
[2026-08-31 22:42:09.504] [info] Frame 2646 (t = 13.23):	 total squared error = 0.014488120082716808, marker error: RMS = 0.022351517793650837, max = 0.05246064742106045 (LTTC)
[2026-08-31 22:42:09.511] [info] Frame 2647 (t = 13.235):	 total squared error = 0.014518872306506241, marker error: RMS = 0.02237522668465887, max = 0.052484684944583665 (LTTC)
[2026-08-31 22:42:09.517] [info] Frame 2648 (t = 13.24):	 total squared error = 0.014512057899468144, marker error: RMS = 0.022369975181855534, max = 0.052471638136815754 (LTTC)
[2026-08-31 22:42:09.522] [info] Frame 2649 (t = 13.245):	 total squared error = 0.014523309301819649, marker error: RMS = 0.022378645379652982, max = 0.05248978498561451 (LTTC)
[2026-08-31 22:42:09.530] [info] Frame 2650 (t = 13.25):	 total squared error = 0.01450121600757881, marker error: RMS = 0.022361617367619477, max = 0.05248069737944175 (LTTC)
[2026-08-31 22:42:09.537] [info] Frame 2651 (t = 13.255):	 total squared error = 0.014501833983580806, marker error: RMS = 0.022362093837857203, max = 0.05249750144204046 (LTTC)
[2026-08-31 22:42:09.543] [info] Frame 2652 (t = 13.26):	 total squared error = 0.014516492958370458, marker error: RMS = 0.02237339318705211, max = 0.052501619151765176 (LTTC)
[2026-08-31 22:42:09.550] [info] Frame 2653 (t = 13.265):	 total squared error = 0.014503881108523329, marker error: RMS = 0.022363672134253592, max = 0.05248922628333749 (LTTC)
[2026-08-31 22:42:09.557] [info] Frame 2654 (t = 13.27):	 total squared error = 0.01449226055831204, marker error: RMS = 0.022354711420647218, max = 0.05248013374300074 (LTTC)
[2026-08-31 22:42:09.565] [info] Frame 2655 (t = 13.275):	 total squared error = 0.01450456324467275, marker error: RMS = 0.022364198024176444, max = 0.052510190807857 (LTTC)
[2026-08-31 22:42:09.572] [info] Frame 2656 (t = 13.28):	 total squared error = 0.014492123102858445, marker error: RMS = 0.02235460540598263, max = 0.05250755678267722 (LTTC)
[2026-08-31 22:42:09.581] [info] Frame 2657 (t = 13.285):	 total squared error = 0.01450144185043106, marker error: RMS = 0.022361791497560773, max = 0.05250886376394178 (LTTC)
[2026-08-31 22:42:09.588] [info] Frame 2658 (t = 13.29):	 total squared error = 0.014505772038482969, marker error: RMS = 0.022365129908179775, max = 0.05251879830411826 (LTTC)
[2026-08-31 22:42:09.594] [info] Frame 2659 (t = 13.295):	 total squared error = 0.014508049491098905, marker error: RMS = 0.02236688553774492, max = 0.052534649679156116 (LTTC)
[2026-08-31 22:42:09.600] [info] Frame 2660 (t = 13.3):	 total squared error = 0.014515017693490733, marker error: RMS = 0.022372256289871176, max = 0.05253994187575491 (LTTC)
[2026-08-31 22:42:09.607] [info] Frame 2661 (t = 13.305):	 total squared error = 0.014500608692437975, marker error: RMS = 0.02236114910719959, max = 0.0525211753438193 (LTTC)
[2026-08-31 22:42:09.614] [info] Frame 2662 (t = 13.31):	 total squared error = 0.014507421384613988, marker error: RMS = 0.022366401360394913, max = 0.052529930301189735 (LTTC)
[2026-08-31 22:42:09.620] [info] Frame 2663 (t = 13.315):	 total squared error = 0.014506558912149116, marker error: RMS = 0.022365736504404505, max = 0.052538227659193845 (LTTC)
[2026-08-31 22:42:09.627] [info] Frame 2664 (t = 13.32):	 total squared error = 0.014532457816474328, marker error: RMS = 0.022385692641748632, max = 0.05256149909728121 (LTTC)
[2026-08-31 22:42:09.635] [info] Frame 2665 (t = 13.325):	 total squared error = 0.014511452472641271, marker error: RMS = 0.02236950855181443, max = 0.05255602442460627 (LTTC)
[2026-08-31 22:42:09.642] [info] Frame 2666 (t = 13.33):	 total squared error = 0.014510219278258253, marker error: RMS = 0.022368558042606523, max = 0.05255141847022264 (LTTC)
[2026-08-31 22:42:09.649] [info] Frame 2667 (t = 13.335):	 total squared error = 0.014498265917321881, marker error: RMS = 0.022359342656830993, max = 0.052543157069852194 (LTTC)
[2026-08-31 22:42:09.659] [info] Frame 2668 (t = 13.34):	 total squared error = 0.014511326008692765, marker error: RMS = 0.022369411079058127, max = 0.05255822187968681 (LTTC)
[2026-08-31 22:42:09.667] [info] Frame 2669 (t = 13.345):	 total squared error = 0.01450906475023794, marker error: RMS = 0.02236766813046035, max = 0.05256973766911027 (LTTC)
[2026-08-31 22:42:09.674] [info] Frame 2670 (t = 13.35):	 total squared error = 0.014515494987339894, marker error: RMS = 0.02237262411761911, max = 0.0525637293303153 (LTTC)
[2026-08-31 22:42:09.681] [info] Frame 2671 (t = 13.355):	 total squared error = 0.014521339369270761, marker error: RMS = 0.022377127615484552, max = 0.05258619675094435 (LTTC)
[2026-08-31 22:42:09.690] [info] Frame 2672 (t = 13.36):	 total squared error = 0.014511453630220975, marker error: RMS = 0.02236950944402314, max = 0.05256196917170046 (LTTC)
[2026-08-31 22:42:09.696] [info] Frame 2673 (t = 13.365):	 total squared error = 0.014515558417559044, marker error: RMS = 0.022372672999827453, max = 0.052618267000934346 (LTTC)
[2026-08-31 22:42:09.702] [info] Frame 2674 (t = 13.37):	 total squared error = 0.014519460023001399, marker error: RMS = 0.02237567954891896, max = 0.05257923195821224 (LTTC)
[2026-08-31 22:42:09.710] [info] Frame 2675 (t = 13.375):	 total squared error = 0.014516496688616744, marker error: RMS = 0.022373396061653488, max = 0.0525824190369278 (LTTC)
[2026-08-31 22:42:09.717] [info] Frame 2676 (t = 13.38):	 total squared error = 0.014490529883909609, marker error: RMS = 0.022353376574306288, max = 0.05256308432247398 (LTTC)
[2026-08-31 22:42:09.724] [info] Frame 2677 (t = 13.385):	 total squared error = 0.014517606715070434, marker error: RMS = 0.02237425145353196, max = 0.052580512960437774 (LTTC)
[2026-08-31 22:42:09.730] [info] Frame 2678 (t = 13.39):	 total squared error = 0.014528312691155721, marker error: RMS = 0.02238249985356919, max = 0.052604609634327726 (LTTC)
[2026-08-31 22:42:09.736] [info] Frame 2679 (t = 13.395):	 total squared error = 0.014526256171774077, marker error: RMS = 0.022380915647792182, max = 0.052598715924874966 (LTTC)
[2026-08-31 22:42:09.742] [info] Frame 2680 (t = 13.4):	 total squared error = 0.01452013030839011, marker error: RMS = 0.022376196025356416, max = 0.052600603539727564 (LTTC)
[2026-08-31 22:42:09.747] [info] Frame 2681 (t = 13.405):	 total squared error = 0.014522005561902522, marker error: RMS = 0.022377640905140054, max = 0.05260814129062445 (LTTC)
[2026-08-31 22:42:09.753] [info] Frame 2682 (t = 13.41):	 total squared error = 0.0145125836859071, marker error: RMS = 0.02237038042152375, max = 0.05260312435979268 (LTTC)
[2026-08-31 22:42:09.762] [info] Frame 2683 (t = 13.415):	 total squared error = 0.014521900212229957, marker error: RMS = 0.022377559735861894, max = 0.05260176870598027 (LTTC)
[2026-08-31 22:42:09.767] [info] Frame 2684 (t = 13.42):	 total squared error = 0.014523738422413841, marker error: RMS = 0.02237897598841673, max = 0.05261874957453626 (LTTC)
[2026-08-31 22:42:09.774] [info] Frame 2685 (t = 13.425):	 total squared error = 0.014529945027790248, marker error: RMS = 0.02238375721734805, max = 0.05262700579449322 (LTTC)
[2026-08-31 22:42:09.781] [info] Frame 2686 (t = 13.43):	 total squared error = 0.01452567134193958, marker error: RMS = 0.02238046511329851, max = 0.052609405238129806 (LTTC)
[2026-08-31 22:42:09.786] [info] Frame 2687 (t = 13.435):	 total squared error = 0.014529790251849688, marker error: RMS = 0.02238363799885493, max = 0.05263524095906772 (LTTC)
[2026-08-31 22:42:09.793] [info] Frame 2688 (t = 13.44):	 total squared error = 0.014526248808186561, marker error: RMS = 0.022380909975172544, max = 0.05263207938511327 (LTTC)
[2026-08-31 22:42:09.798] [info] Frame 2689 (t = 13.445):	 total squared error = 0.014531029167541436, marker error: RMS = 0.022384592274476037, max = 0.05264089631804897 (LTTC)
[2026-08-31 22:42:09.804] [info] Frame 2690 (t = 13.45):	 total squared error = 0.014527312599834453, marker error: RMS = 0.02238172946372543, max = 0.05263910547621505 (LTTC)
[2026-08-31 22:42:09.810] [info] Frame 2691 (t = 13.455):	 total squared error = 0.014530118913875682, marker error: RMS = 0.02238389115495991, max = 0.05264237705321429 (LTTC)
[2026-08-31 22:42:09.816] [info] Frame 2692 (t = 13.46):	 total squared error = 0.014534734736518515, marker error: RMS = 0.022387446248626066, max = 0.05265051381671792 (LTTC)
[2026-08-31 22:42:09.821] [info] Frame 2693 (t = 13.465):	 total squared error = 0.014538295712680501, marker error: RMS = 0.02239018851677156, max = 0.05265737594974532 (LTTC)
[2026-08-31 22:42:09.826] [info] Frame 2694 (t = 13.47):	 total squared error = 0.014543740606640697, marker error: RMS = 0.022394380919791325, max = 0.052673099044026436 (LTTC)
[2026-08-31 22:42:09.832] [info] Frame 2695 (t = 13.475):	 total squared error = 0.014548958430730322, marker error: RMS = 0.02239839774960078, max = 0.052668154898758514 (LTTC)
[2026-08-31 22:42:09.837] [info] Frame 2696 (t = 13.48):	 total squared error = 0.01453898248818313, marker error: RMS = 0.022390717356316495, max = 0.05266364124900151 (LTTC)
[2026-08-31 22:42:09.844] [info] Frame 2697 (t = 13.485):	 total squared error = 0.014539359138687456, marker error: RMS = 0.022391007384190597, max = 0.05266502939509079 (LTTC)
[2026-08-31 22:42:09.850] [info] Frame 2698 (t = 13.49):	 total squared error = 0.014537727277479085, marker error: RMS = 0.022389750793671802, max = 0.05265814207980415 (LTTC)
[2026-08-31 22:42:09.855] [info] Frame 2699 (t = 13.495):	 total squared error = 0.014537400205355043, marker error: RMS = 0.022389498928149825, max = 0.0526524307687855 (LTTC)
[2026-08-31 22:42:09.862] [info] Frame 2700 (t = 13.5):	 total squared error = 0.014548094757606824, marker error: RMS = 0.022397732919147793, max = 0.05266540568770669 (LTTC)
[2026-08-31 22:42:09.867] [info] Frame 2701 (t = 13.505):	 total squared error = 0.01455608136083153, marker error: RMS = 0.02240388002174341, max = 0.052679242691597655 (LTTC)
[2026-08-31 22:42:09.875] [info] Frame 2702 (t = 13.51):	 total squared error = 0.014549564106595383, marker error: RMS = 0.022398863969495832, max = 0.05263734467086315 (LTTC)
[2026-08-31 22:42:09.882] [info] Frame 2703 (t = 13.515):	 total squared error = 0.014558948001894419, marker error: RMS = 0.02240608599734673, max = 0.05267764234179983 (LTTC)
[2026-08-31 22:42:09.889] [info] Frame 2704 (t = 13.52):	 total squared error = 0.014548728144590774, marker error: RMS = 0.022398220483957152, max = 0.05265909198604547 (LTTC)
[2026-08-31 22:42:09.895] [info] Frame 2705 (t = 13.525):	 total squared error = 0.014556783624055887, marker error: RMS = 0.022404420456729673, max = 0.052667417969485306 (LTTC)
[2026-08-31 22:42:09.901] [info] Frame 2706 (t = 13.53):	 total squared error = 0.014558031227728823, marker error: RMS = 0.022405380532770143, max = 0.052629999172047436 (LTTC)
[2026-08-31 22:42:09.907] [info] Frame 2707 (t = 13.535):	 total squared error = 0.014564317707915414, marker error: RMS = 0.02241021758031553, max = 0.05267929544919124 (LTTC)
[2026-08-31 22:42:09.913] [info] Frame 2708 (t = 13.54):	 total squared error = 0.014562397444864905, marker error: RMS = 0.02240874017051883, max = 0.052645493019657874 (LTTC)
[2026-08-31 22:42:09.920] [info] Frame 2709 (t = 13.545):	 total squared error = 0.014559147859894981, marker error: RMS = 0.022406239786623927, max = 0.05265440451903258 (LTTC)
[2026-08-31 22:42:09.926] [info] Frame 2710 (t = 13.55):	 total squared error = 0.014566094283093214, marker error: RMS = 0.02241158435296601, max = 0.05266561968000449 (LTTC)
[2026-08-31 22:42:09.932] [info] Frame 2711 (t = 13.555):	 total squared error = 0.014558661767565548, marker error: RMS = 0.02240586574027493, max = 0.052686190389974 (LTTC)
[2026-08-31 22:42:09.939] [info] Frame 2712 (t = 13.56):	 total squared error = 0.014558735794681315, marker error: RMS = 0.022405922704284913, max = 0.05264691633686658 (LTTC)
[2026-08-31 22:42:09.945] [info] Frame 2713 (t = 13.565):	 total squared error = 0.014565731600955848, marker error: RMS = 0.02241130533747448, max = 0.052653949726589044 (LTTC)
[2026-08-31 22:42:09.952] [info] Frame 2714 (t = 13.57):	 total squared error = 0.014558542016129142, marker error: RMS = 0.022405773591004388, max = 0.0526253917002574 (LTTC)
[2026-08-31 22:42:09.958] [info] Frame 2715 (t = 13.575):	 total squared error = 0.014564057205678469, marker error: RMS = 0.022410017161111826, max = 0.052646527341069824 (LTTC)
[2026-08-31 22:42:09.965] [info] Frame 2716 (t = 13.58):	 total squared error = 0.014558080863812701, marker error: RMS = 0.022405418728676654, max = 0.05263723274752477 (LTTC)
[2026-08-31 22:42:09.972] [info] Frame 2717 (t = 13.585):	 total squared error = 0.014562065547482036, marker error: RMS = 0.022408484805815945, max = 0.05263752725354548 (LTTC)
[2026-08-31 22:42:09.979] [info] Frame 2718 (t = 13.59):	 total squared error = 0.01455374436281299, marker error: RMS = 0.022402081463339586, max = 0.05264589060638343 (LTTC)
[2026-08-31 22:42:09.986] [info] Frame 2719 (t = 13.595):	 total squared error = 0.01456351321557735, marker error: RMS = 0.022409598632772913, max = 0.05263754367809626 (LTTC)
[2026-08-31 22:42:09.992] [info] Frame 2720 (t = 13.6):	 total squared error = 0.014573079311938526, marker error: RMS = 0.022416957337554583, max = 0.05264338877919658 (LTTC)
[2026-08-31 22:42:09.999] [info] Frame 2721 (t = 13.605):	 total squared error = 0.014570186199202861, marker error: RMS = 0.022414732069904738, max = 0.05263187126612612 (LTTC)
[2026-08-31 22:42:10.006] [info] Frame 2722 (t = 13.61):	 total squared error = 0.014569374513020162, marker error: RMS = 0.0224141077133778, max = 0.05264043149778925 (LTTC)
[2026-08-31 22:42:10.013] [info] Frame 2723 (t = 13.615):	 total squared error = 0.014576585441817514, marker error: RMS = 0.022419653817667487, max = 0.052636507934534435 (LTTC)
[2026-08-31 22:42:10.020] [info] Frame 2724 (t = 13.62):	 total squared error = 0.014580055429542577, marker error: RMS = 0.022422322182441147, max = 0.052647937300731515 (LTTC)
[2026-08-31 22:42:10.026] [info] Frame 2725 (t = 13.625):	 total squared error = 0.014588601197444168, marker error: RMS = 0.022428892386940808, max = 0.05265007785756229 (LTTC)
[2026-08-31 22:42:10.031] [info] Frame 2726 (t = 13.63):	 total squared error = 0.014599082255263586, marker error: RMS = 0.022436947864891244, max = 0.05265896369086038 (LTTC)
[2026-08-31 22:42:10.037] [info] Frame 2727 (t = 13.635):	 total squared error = 0.014593881816409108, marker error: RMS = 0.02243295129968652, max = 0.05265089526840287 (LTTC)
[2026-08-31 22:42:10.044] [info] Frame 2728 (t = 13.64):	 total squared error = 0.014578994116466668, marker error: RMS = 0.022421506083458685, max = 0.05262233353384931 (LTTC)
[2026-08-31 22:42:10.050] [info] Frame 2729 (t = 13.645):	 total squared error = 0.014612254140035539, marker error: RMS = 0.022447067345535775, max = 0.05267001521531317 (LTTC)
[2026-08-31 22:42:10.055] [info] Frame 2730 (t = 13.65):	 total squared error = 0.014614557051959437, marker error: RMS = 0.022448836120632514, max = 0.05268003349396857 (LTTC)
[2026-08-31 22:42:10.065] [info] Frame 2731 (t = 13.655):	 total squared error = 0.014609225624396196, marker error: RMS = 0.02244474105088424, max = 0.05268529630208446 (LTTC)
[2026-08-31 22:42:10.070] [info] Frame 2732 (t = 13.66):	 total squared error = 0.014619321247635318, marker error: RMS = 0.022452494867620573, max = 0.05268518300119584 (LTTC)
[2026-08-31 22:42:10.076] [info] Frame 2733 (t = 13.665):	 total squared error = 0.01462453997242842, marker error: RMS = 0.02245650199403007, max = 0.05268892564843605 (LTTC)
[2026-08-31 22:42:10.085] [info] Frame 2734 (t = 13.67):	 total squared error = 0.01462517833089369, marker error: RMS = 0.022456992099761444, max = 0.052712655290119946 (LTTC)
[2026-08-31 22:42:10.093] [info] Frame 2735 (t = 13.675):	 total squared error = 0.014629677327762491, marker error: RMS = 0.022460445943743194, max = 0.052710859033746615 (LTTC)
[2026-08-31 22:42:10.100] [info] Frame 2736 (t = 13.68):	 total squared error = 0.0146500730034263, marker error: RMS = 0.022476096884304245, max = 0.05271219684367008 (LTTC)
[2026-08-31 22:42:10.107] [info] Frame 2737 (t = 13.685):	 total squared error = 0.014638998550009412, marker error: RMS = 0.022467600082087102, max = 0.05274372502624649 (LTTC)
[2026-08-31 22:42:10.115] [info] Frame 2738 (t = 13.69):	 total squared error = 0.014646374364237012, marker error: RMS = 0.022473259484779722, max = 0.052751241740841295 (LTTC)
[2026-08-31 22:42:10.127] [info] Frame 2739 (t = 13.695):	 total squared error = 0.014660631839652102, marker error: RMS = 0.022484195092409263, max = 0.05274760429164309 (LTTC)
[2026-08-31 22:42:10.141] [info] Frame 2740 (t = 13.7):	 total squared error = 0.01466847987158165, marker error: RMS = 0.02249021233212783, max = 0.05277591508699228 (LTTC)
[2026-08-31 22:42:10.150] [info] Frame 2741 (t = 13.705):	 total squared error = 0.014676231363725837, marker error: RMS = 0.022496153972996206, max = 0.05277266725986678 (LTTC)
[2026-08-31 22:42:10.163] [info] Frame 2742 (t = 13.71):	 total squared error = 0.014675596643083535, marker error: RMS = 0.022495667508612698, max = 0.052801989833797754 (LTTC)
[2026-08-31 22:42:10.173] [info] Frame 2743 (t = 13.715):	 total squared error = 0.014669862004888175, marker error: RMS = 0.02249127187407118, max = 0.05280531416203251 (LTTC)
[2026-08-31 22:42:10.182] [info] Frame 2744 (t = 13.72):	 total squared error = 0.014678379661510114, marker error: RMS = 0.022497800399387795, max = 0.05281543221966932 (LTTC)
[2026-08-31 22:42:10.189] [info] Frame 2745 (t = 13.725):	 total squared error = 0.014676642942597944, marker error: RMS = 0.022496469410813184, max = 0.05283405608833589 (LTTC)
[2026-08-31 22:42:10.196] [info] Frame 2746 (t = 13.73):	 total squared error = 0.014681831953301127, marker error: RMS = 0.022500445936807813, max = 0.0528384681258015 (LTTC)
[2026-08-31 22:42:10.202] [info] Frame 2747 (t = 13.735):	 total squared error = 0.014695113687677525, marker error: RMS = 0.022510621008665594, max = 0.052830089236343504 (LTTC)
[2026-08-31 22:42:10.209] [info] Frame 2748 (t = 13.74):	 total squared error = 0.014694240583408758, marker error: RMS = 0.022509952268985958, max = 0.05288491844441161 (LTTC)
[2026-08-31 22:42:10.216] [info] Frame 2749 (t = 13.745):	 total squared error = 0.014694630311598306, marker error: RMS = 0.022510250777259547, max = 0.052867468294156804 (LTTC)
[2026-08-31 22:42:10.225] [info] Frame 2750 (t = 13.75):	 total squared error = 0.014699234534011892, marker error: RMS = 0.022513777034190368, max = 0.052874419513931556 (LTTC)
[2026-08-31 22:42:10.233] [info] Frame 2751 (t = 13.755):	 total squared error = 0.014699327848952665, marker error: RMS = 0.022513848496021643, max = 0.05288964094263593 (LTTC)
[2026-08-31 22:42:10.241] [info] Frame 2752 (t = 13.76):	 total squared error = 0.014703302149857975, marker error: RMS = 0.022516891858349805, max = 0.05289327332422769 (LTTC)
[2026-08-31 22:42:10.249] [info] Frame 2753 (t = 13.765):	 total squared error = 0.014706123403833773, marker error: RMS = 0.022519052013361372, max = 0.052902485656655764 (LTTC)
[2026-08-31 22:42:10.260] [info] Frame 2754 (t = 13.77):	 total squared error = 0.014707525261033737, marker error: RMS = 0.022520125299028023, max = 0.05291165024478036 (LTTC)
[2026-08-31 22:42:10.266] [info] Frame 2755 (t = 13.775):	 total squared error = 0.014707557156013166, marker error: RMS = 0.022520149717770502, max = 0.0529470987085184 (LTTC)
[2026-08-31 22:42:10.275] [info] Frame 2756 (t = 13.78):	 total squared error = 0.014712004270288875, marker error: RMS = 0.02252355416178643, max = 0.05292500335005293 (LTTC)
[2026-08-31 22:42:10.283] [info] Frame 2757 (t = 13.785):	 total squared error = 0.014713437182050305, marker error: RMS = 0.02252465100349661, max = 0.052930273766329486 (LTTC)
[2026-08-31 22:42:10.289] [info] Frame 2758 (t = 13.79):	 total squared error = 0.014724252380674676, marker error: RMS = 0.02253292792144243, max = 0.05294099644547261 (LTTC)
[2026-08-31 22:42:10.297] [info] Frame 2759 (t = 13.795):	 total squared error = 0.014735126919903987, marker error: RMS = 0.022541247188748795, max = 0.0529093915507515 (LTTC)
[2026-08-31 22:42:10.304] [info] Frame 2760 (t = 13.8):	 total squared error = 0.014729530215606156, marker error: RMS = 0.022536965967514394, max = 0.052955727619006285 (LTTC)
[2026-08-31 22:42:10.312] [info] Frame 2761 (t = 13.805):	 total squared error = 0.014721705310764102, marker error: RMS = 0.022530978911623072, max = 0.05295958296675393 (LTTC)
[2026-08-31 22:42:10.321] [info] Frame 2762 (t = 13.81):	 total squared error = 0.01472394601038057, marker error: RMS = 0.022532693496784172, max = 0.0529670120360971 (LTTC)
[2026-08-31 22:42:10.330] [info] Frame 2763 (t = 13.815):	 total squared error = 0.01472493080317536, marker error: RMS = 0.02253344701975829, max = 0.05296953974608751 (LTTC)
[2026-08-31 22:42:10.337] [info] Frame 2764 (t = 13.82):	 total squared error = 0.014736821054985015, marker error: RMS = 0.02254254296381279, max = 0.052947507547601975 (LTTC)
[2026-08-31 22:42:10.346] [info] Frame 2765 (t = 13.825):	 total squared error = 0.014728629751153901, marker error: RMS = 0.022536277077692943, max = 0.05297813595920957 (LTTC)
[2026-08-31 22:42:10.355] [info] Frame 2766 (t = 13.83):	 total squared error = 0.014730588245031637, marker error: RMS = 0.02253777537367418, max = 0.05298488922651693 (LTTC)
[2026-08-31 22:42:10.364] [info] Frame 2767 (t = 13.835):	 total squared error = 0.014732378794039498, marker error: RMS = 0.022539145100545208, max = 0.05299395964266241 (LTTC)
[2026-08-31 22:42:10.372] [info] Frame 2768 (t = 13.84):	 total squared error = 0.014731508882933078, marker error: RMS = 0.022538479649894905, max = 0.05298540446575896 (LTTC)
[2026-08-31 22:42:10.379] [info] Frame 2769 (t = 13.845):	 total squared error = 0.014741909696773102, marker error: RMS = 0.022546434611304535, max = 0.05299105700824685 (LTTC)
[2026-08-31 22:42:10.388] [info] Frame 2770 (t = 13.85):	 total squared error = 0.014738385143751314, marker error: RMS = 0.02254373920561394, max = 0.05300630962351039 (LTTC)
[2026-08-31 22:42:10.396] [info] Frame 2771 (t = 13.855):	 total squared error = 0.014743639076992355, marker error: RMS = 0.022547757038838583, max = 0.053006981605244606 (LTTC)
[2026-08-31 22:42:10.403] [info] Frame 2772 (t = 13.86):	 total squared error = 0.014746332594715845, marker error: RMS = 0.022549816571404625, max = 0.053011063497145836 (LTTC)
[2026-08-31 22:42:10.412] [info] Frame 2773 (t = 13.865):	 total squared error = 0.01475342505366671, marker error: RMS = 0.02255523874744013, max = 0.053015956094405625 (LTTC)
[2026-08-31 22:42:10.419] [info] Frame 2774 (t = 13.87):	 total squared error = 0.01474373871485333, marker error: RMS = 0.02254783322784707, max = 0.0530233092192464 (LTTC)
[2026-08-31 22:42:10.428] [info] Frame 2775 (t = 13.875):	 total squared error = 0.01474068946787561, marker error: RMS = 0.022545501476420895, max = 0.053015447454075694 (LTTC)
[2026-08-31 22:42:10.435] [info] Frame 2776 (t = 13.88):	 total squared error = 0.014755311904446877, marker error: RMS = 0.022556681023014672, max = 0.053044059618481305 (LTTC)
[2026-08-31 22:42:10.442] [info] Frame 2777 (t = 13.885):	 total squared error = 0.014773187058473499, marker error: RMS = 0.022570339904300022, max = 0.05306911360789014 (LTTC)
[2026-08-31 22:42:10.447] [info] Frame 2778 (t = 13.89):	 total squared error = 0.014777181835641182, marker error: RMS = 0.0225733912900223, max = 0.05307746655834035 (LTTC)
[2026-08-31 22:42:10.453] [info] Frame 2779 (t = 13.895):	 total squared error = 0.014761399375855563, marker error: RMS = 0.022561333550595503, max = 0.05307349571815366 (LTTC)
[2026-08-31 22:42:10.461] [info] Frame 2780 (t = 13.9):	 total squared error = 0.014762839439476321, marker error: RMS = 0.02256243402089986, max = 0.05309383060580006 (LTTC)
[2026-08-31 22:42:10.467] [info] Frame 2781 (t = 13.905):	 total squared error = 0.01478244401166516, marker error: RMS = 0.02257741014107041, max = 0.05311033291324114 (LTTC)
[2026-08-31 22:42:10.472] [info] Frame 2782 (t = 13.91):	 total squared error = 0.014768299779947385, marker error: RMS = 0.022566606225791017, max = 0.05310724949646904 (LTTC)
[2026-08-31 22:42:10.479] [info] Frame 2783 (t = 13.915):	 total squared error = 0.014792629349276757, marker error: RMS = 0.02258518689797452, max = 0.053138217636635274 (LTTC)
[2026-08-31 22:42:10.484] [info] Frame 2784 (t = 13.92):	 total squared error = 0.014775328335300493, marker error: RMS = 0.022571975556596797, max = 0.05312006063117854 (LTTC)
[2026-08-31 22:42:10.490] [info] Frame 2785 (t = 13.925):	 total squared error = 0.014793037929593567, marker error: RMS = 0.022585498803278214, max = 0.053153238092228765 (LTTC)
[2026-08-31 22:42:10.496] [info] Frame 2786 (t = 13.93):	 total squared error = 0.014770552750182325, marker error: RMS = 0.022568327478541712, max = 0.053139807833823084 (LTTC)
[2026-08-31 22:42:10.507] [info] Frame 2787 (t = 13.935):	 total squared error = 0.014772880169875699, marker error: RMS = 0.02257010547228782, max = 0.05313645586907709 (LTTC)
[2026-08-31 22:42:10.513] [info] Frame 2788 (t = 13.94):	 total squared error = 0.014771562590322872, marker error: RMS = 0.022569098946402643, max = 0.05313509157217098 (LTTC)
[2026-08-31 22:42:10.522] [info] Frame 2789 (t = 13.945):	 total squared error = 0.014773781049733613, marker error: RMS = 0.022570793646943015, max = 0.05315166931629268 (LTTC)
[2026-08-31 22:42:10.529] [info] Frame 2790 (t = 13.95):	 total squared error = 0.014773430442430499, marker error: RMS = 0.02257052582342466, max = 0.05315643626472913 (LTTC)
[2026-08-31 22:42:10.535] [info] Frame 2791 (t = 13.955):	 total squared error = 0.014763324263067559, marker error: RMS = 0.02256280450215198, max = 0.05312722886546897 (LTTC)
[2026-08-31 22:42:10.541] [info] Frame 2792 (t = 13.96):	 total squared error = 0.014782971234641049, marker error: RMS = 0.02257781275457669, max = 0.053174478872436544 (LTTC)
[2026-08-31 22:42:10.549] [info] Frame 2793 (t = 13.965):	 total squared error = 0.014782216193771722, marker error: RMS = 0.022577236165852544, max = 0.05317745409465064 (LTTC)
[2026-08-31 22:42:10.557] [info] Frame 2794 (t = 13.97):	 total squared error = 0.014768926059664712, marker error: RMS = 0.022567084712080812, max = 0.05318146373026734 (LTTC)
[2026-08-31 22:42:10.565] [info] Frame 2795 (t = 13.975):	 total squared error = 0.014775291635414795, marker error: RMS = 0.022571947523736254, max = 0.05318380164711746 (LTTC)
[2026-08-31 22:42:10.571] [info] Frame 2796 (t = 13.98):	 total squared error = 0.014769260965737685, marker error: RMS = 0.022567340580748683, max = 0.05319919906118356 (LTTC)
[2026-08-31 22:42:10.578] [info] Frame 2797 (t = 13.985):	 total squared error = 0.014783937291659303, marker error: RMS = 0.022578550464803983, max = 0.05321417740919182 (LTTC)
[2026-08-31 22:42:10.583] [info] Frame 2798 (t = 13.99):	 total squared error = 0.014771977540796333, marker error: RMS = 0.022569415940372244, max = 0.053216063064094335 (LTTC)
[2026-08-31 22:42:10.590] [info] Frame 2799 (t = 13.995):	 total squared error = 0.014764919675901546, marker error: RMS = 0.022564023604800282, max = 0.053232910644730534 (LTTC)
[2026-08-31 22:42:10.596] [info] Frame 2800 (t = 14):	 total squared error = 0.014769883091244627, marker error: RMS = 0.02256781587773159, max = 0.053236218243316286 (LTTC)
[2026-08-31 22:42:10.604] [info] Frame 2801 (t = 14.005):	 total squared error = 0.014762174513580233, marker error: RMS = 0.022561925903350624, max = 0.053226449929233484 (LTTC)
[2026-08-31 22:42:10.612] [info] Frame 2802 (t = 14.01):	 total squared error = 0.014768153030243007, marker error: RMS = 0.022566494105537883, max = 0.05324586701205508 (LTTC)
[2026-08-31 22:42:10.619] [info] Frame 2803 (t = 14.015):	 total squared error = 0.014754968013145674, marker error: RMS = 0.022556418165420214, max = 0.053200362450081404 (LTTC)
[2026-08-31 22:42:10.626] [info] Frame 2804 (t = 14.02):	 total squared error = 0.014758223206912224, marker error: RMS = 0.02255890619055398, max = 0.05324871999379003 (LTTC)
[2026-08-31 22:42:10.633] [info] Frame 2805 (t = 14.025):	 total squared error = 0.014734083291905856, marker error: RMS = 0.022540448923034476, max = 0.053244412485228314 (LTTC)
[2026-08-31 22:42:10.639] [info] Frame 2806 (t = 14.03):	 total squared error = 0.014726948967734998, marker error: RMS = 0.022534991157611324, max = 0.053216565529456576 (LTTC)
[2026-08-31 22:42:10.646] [info] Frame 2807 (t = 14.035):	 total squared error = 0.014741345375914915, marker error: RMS = 0.022546003067991757, max = 0.05322699508137411 (LTTC)
[2026-08-31 22:42:10.653] [info] Frame 2808 (t = 14.04):	 total squared error = 0.014756257418765519, marker error: RMS = 0.022557403722858985, max = 0.05324877088899998 (LTTC)
[2026-08-31 22:42:10.663] [info] Frame 2809 (t = 14.045):	 total squared error = 0.014747229128728978, marker error: RMS = 0.0225505020425259, max = 0.05326048629135741 (LTTC)
[2026-08-31 22:42:10.669] [info] Frame 2810 (t = 14.05):	 total squared error = 0.014732218303272385, marker error: RMS = 0.022539022332369426, max = 0.05326680959471461 (LTTC)
[2026-08-31 22:42:10.677] [info] Frame 2811 (t = 14.055):	 total squared error = 0.014728054870844085, marker error: RMS = 0.022535837261206632, max = 0.053249764992756236 (LTTC)
[2026-08-31 22:42:10.682] [info] Frame 2812 (t = 14.06):	 total squared error = 0.014766052375346084, marker error: RMS = 0.022564889094332373, max = 0.05329682976080339 (LTTC)
[2026-08-31 22:42:10.687] [info] Frame 2813 (t = 14.065):	 total squared error = 0.014758005035149985, marker error: RMS = 0.02255873944505764, max = 0.05328184748552082 (LTTC)
[2026-08-31 22:42:10.696] [info] Frame 2814 (t = 14.07):	 total squared error = 0.014745065868332147, marker error: RMS = 0.022548848023432752, max = 0.05327607698261104 (LTTC)
[2026-08-31 22:42:10.704] [info] Frame 2815 (t = 14.075):	 total squared error = 0.014742263036621127, marker error: RMS = 0.02254670481055983, max = 0.05327439070849456 (LTTC)
[2026-08-31 22:42:10.712] [info] Frame 2816 (t = 14.08):	 total squared error = 0.014749561171667614, marker error: RMS = 0.022552284976110754, max = 0.053282907542075555 (LTTC)
[2026-08-31 22:42:10.719] [info] Frame 2817 (t = 14.085):	 total squared error = 0.014759029673389662, marker error: RMS = 0.022559522550424062, max = 0.053296542442676585 (LTTC)
[2026-08-31 22:42:10.726] [info] Frame 2818 (t = 14.09):	 total squared error = 0.014755876470507318, marker error: RMS = 0.0225571125494647, max = 0.05329124857403906 (LTTC)
[2026-08-31 22:42:10.734] [info] Frame 2819 (t = 14.095):	 total squared error = 0.014748064887977762, marker error: RMS = 0.02255114102777076, max = 0.05329136347794917 (LTTC)
[2026-08-31 22:42:10.739] [info] Frame 2820 (t = 14.1):	 total squared error = 0.01475348257056431, marker error: RMS = 0.022555282713708578, max = 0.05331765740705575 (LTTC)
[2026-08-31 22:42:10.747] [info] Frame 2821 (t = 14.105):	 total squared error = 0.014753012886644372, marker error: RMS = 0.022554923681938756, max = 0.05331310497055931 (LTTC)
[2026-08-31 22:42:10.754] [info] Frame 2822 (t = 14.11):	 total squared error = 0.014751702370175425, marker error: RMS = 0.022553921877913267, max = 0.05332437187334301 (LTTC)
[2026-08-31 22:42:10.760] [info] Frame 2823 (t = 14.115):	 total squared error = 0.01475000194448179, marker error: RMS = 0.022552621947486917, max = 0.053333227366112054 (LTTC)
[2026-08-31 22:42:10.767] [info] Frame 2824 (t = 14.12):	 total squared error = 0.014755376921235954, marker error: RMS = 0.022556730719061977, max = 0.05333740253604001 (LTTC)
[2026-08-31 22:42:10.772] [info] Frame 2825 (t = 14.125):	 total squared error = 0.014760737740095382, marker error: RMS = 0.0225608279226409, max = 0.05335393074290237 (LTTC)
[2026-08-31 22:42:10.779] [info] Frame 2826 (t = 14.13):	 total squared error = 0.014758392701600868, marker error: RMS = 0.022559035732022115, max = 0.05335838751536359 (LTTC)
[2026-08-31 22:42:10.784] [info] Frame 2827 (t = 14.135):	 total squared error = 0.014758160565127623, marker error: RMS = 0.022558858314477636, max = 0.053365868736270826 (LTTC)
[2026-08-31 22:42:10.791] [info] Frame 2828 (t = 14.14):	 total squared error = 0.014762481793905371, marker error: RMS = 0.022562160719699798, max = 0.05337541098255145 (LTTC)
[2026-08-31 22:42:10.796] [info] Frame 2829 (t = 14.145):	 total squared error = 0.01476037714341803, marker error: RMS = 0.02256055234666981, max = 0.05337782754292505 (LTTC)
[2026-08-31 22:42:10.802] [info] Frame 2830 (t = 14.15):	 total squared error = 0.014757073556774298, marker error: RMS = 0.02255802751585365, max = 0.053388218086899614 (LTTC)
[2026-08-31 22:42:10.808] [info] Frame 2831 (t = 14.155):	 total squared error = 0.014760096858557847, marker error: RMS = 0.022560338144443887, max = 0.05339379188094519 (LTTC)
[2026-08-31 22:42:10.819] [info] Frame 2832 (t = 14.16):	 total squared error = 0.014752283802201161, marker error: RMS = 0.02255436635011528, max = 0.05335248950401063 (LTTC)
[2026-08-31 22:42:10.825] [info] Frame 2833 (t = 14.165):	 total squared error = 0.014766258969100284, marker error: RMS = 0.02256504694792543, max = 0.053369695013018074 (LTTC)
[2026-08-31 22:42:10.831] [info] Frame 2834 (t = 14.17):	 total squared error = 0.014764930297287447, marker error: RMS = 0.02256403172069811, max = 0.053374380894464585 (LTTC)
[2026-08-31 22:42:10.836] [info] Frame 2835 (t = 14.175):	 total squared error = 0.014768273667868771, marker error: RMS = 0.02256658627558466, max = 0.05338129228951247 (LTTC)
[2026-08-31 22:42:10.843] [info] Frame 2836 (t = 14.18):	 total squared error = 0.01475538799211665, marker error: RMS = 0.022556739181157835, max = 0.053376960542021096 (LTTC)
[2026-08-31 22:42:10.849] [info] Frame 2837 (t = 14.185):	 total squared error = 0.014763029776549527, marker error: RMS = 0.02256257946899714, max = 0.05338488717894135 (LTTC)
[2026-08-31 22:42:10.854] [info] Frame 2838 (t = 14.19):	 total squared error = 0.0147647554830552, marker error: RMS = 0.022563898143177667, max = 0.053389520055295986 (LTTC)
[2026-08-31 22:42:10.860] [info] Frame 2839 (t = 14.195):	 total squared error = 0.014762207371864964, marker error: RMS = 0.022561951012990543, max = 0.053393719033779916 (LTTC)
[2026-08-31 22:42:10.865] [info] Frame 2840 (t = 14.2):	 total squared error = 0.014759018965966994, marker error: RMS = 0.022559514367149407, max = 0.053394155080094256 (LTTC)
[2026-08-31 22:42:10.872] [info] Frame 2841 (t = 14.205):	 total squared error = 0.01474323784420572, marker error: RMS = 0.02254745022988548, max = 0.05337918751104044 (LTTC)
[2026-08-31 22:42:10.880] [info] Frame 2842 (t = 14.21):	 total squared error = 0.014742447935787236, marker error: RMS = 0.022546846201804718, max = 0.05337856666637493 (LTTC)
[2026-08-31 22:42:10.885] [info] Frame 2843 (t = 14.215):	 total squared error = 0.01474963739200565, marker error: RMS = 0.022552343247016025, max = 0.05338633885408023 (LTTC)
[2026-08-31 22:42:10.893] [info] Frame 2844 (t = 14.22):	 total squared error = 0.01473547879676295, marker error: RMS = 0.022541516331184716, max = 0.05337771798189139 (LTTC)
[2026-08-31 22:42:10.898] [info] Frame 2845 (t = 14.225):	 total squared error = 0.014734094447666907, marker error: RMS = 0.022540457456168488, max = 0.053365643886497185 (LTTC)
[2026-08-31 22:42:10.904] [info] Frame 2846 (t = 14.23):	 total squared error = 0.014733649729526009, marker error: RMS = 0.022540117285077172, max = 0.05335617592812344 (LTTC)
[2026-08-31 22:42:10.909] [info] Frame 2847 (t = 14.235):	 total squared error = 0.014740373759759838, marker error: RMS = 0.02254526004144876, max = 0.05337390856452911 (LTTC)
[2026-08-31 22:42:10.916] [info] Frame 2848 (t = 14.24):	 total squared error = 0.014726484857232172, marker error: RMS = 0.02253463606680122, max = 0.05335687392112736 (LTTC)
[2026-08-31 22:42:10.922] [info] Frame 2849 (t = 14.245):	 total squared error = 0.014731171565855603, marker error: RMS = 0.022538221609199018, max = 0.0533636694911008 (LTTC)
[2026-08-31 22:42:10.928] [info] Frame 2850 (t = 14.25):	 total squared error = 0.014725684366508538, marker error: RMS = 0.022534023598433928, max = 0.05335648967411071 (LTTC)
[2026-08-31 22:42:10.933] [info] Frame 2851 (t = 14.255):	 total squared error = 0.014732737469990867, marker error: RMS = 0.0225394194690033, max = 0.05336964713637826 (LTTC)
[2026-08-31 22:42:10.939] [info] Frame 2852 (t = 14.26):	 total squared error = 0.014717346757195836, marker error: RMS = 0.02252764336910041, max = 0.053348781610829656 (LTTC)
[2026-08-31 22:42:10.945] [info] Frame 2853 (t = 14.265):	 total squared error = 0.014726842147320462, marker error: RMS = 0.022534909429839083, max = 0.05336180737321209 (LTTC)
[2026-08-31 22:42:10.958] [info] Frame 2854 (t = 14.27):	 total squared error = 0.0147127522895986, marker error: RMS = 0.022524126749959197, max = 0.053352206824239544 (LTTC)
[2026-08-31 22:42:10.965] [info] Frame 2855 (t = 14.275):	 total squared error = 0.014720848850018215, marker error: RMS = 0.02253032351269806, max = 0.05336608252617517 (LTTC)
[2026-08-31 22:42:10.973] [info] Frame 2856 (t = 14.28):	 total squared error = 0.01469937530244772, marker error: RMS = 0.02251388483645663, max = 0.05334753666646396 (LTTC)
[2026-08-31 22:42:10.981] [info] Frame 2857 (t = 14.285):	 total squared error = 0.01471424223351266, marker error: RMS = 0.02252526721760642, max = 0.05335393927683872 (LTTC)
[2026-08-31 22:42:10.986] [info] Frame 2858 (t = 14.29):	 total squared error = 0.014721270259414297, marker error: RMS = 0.02253064599485156, max = 0.05337725195913668 (LTTC)
[2026-08-31 22:42:10.995] [info] Frame 2859 (t = 14.295):	 total squared error = 0.014693951910049588, marker error: RMS = 0.0225097311600619, max = 0.053345858298447846 (LTTC)
[2026-08-31 22:42:11.000] [info] Frame 2860 (t = 14.3):	 total squared error = 0.014710880421091768, marker error: RMS = 0.022522693858824633, max = 0.05337040505354667 (LTTC)
[2026-08-31 22:42:11.006] [info] Frame 2861 (t = 14.305):	 total squared error = 0.014710701622681021, marker error: RMS = 0.02252255698618381, max = 0.05337989186829151 (LTTC)
[2026-08-31 22:42:11.012] [info] Frame 2862 (t = 14.31):	 total squared error = 0.014701977266600328, marker error: RMS = 0.022515877360899036, max = 0.053371751076550886 (LTTC)
[2026-08-31 22:42:11.018] [info] Frame 2863 (t = 14.315):	 total squared error = 0.01468809790320307, marker error: RMS = 0.022505246823645575, max = 0.05337017364266533 (LTTC)
[2026-08-31 22:42:11.027] [info] Frame 2864 (t = 14.32):	 total squared error = 0.014697478161825983, marker error: RMS = 0.02251243193853349, max = 0.053360467959683335 (LTTC)
[2026-08-31 22:42:11.032] [info] Frame 2865 (t = 14.325):	 total squared error = 0.014682914212464936, marker error: RMS = 0.022501275222456214, max = 0.05338598405434039 (LTTC)
[2026-08-31 22:42:11.042] [info] Frame 2866 (t = 14.33):	 total squared error = 0.01468499551270035, marker error: RMS = 0.02250286994163982, max = 0.05337681087704073 (LTTC)
[2026-08-31 22:42:11.048] [info] Frame 2867 (t = 14.335):	 total squared error = 0.014694374306438709, marker error: RMS = 0.02251005469320299, max = 0.053387185958254806 (LTTC)
[2026-08-31 22:42:11.054] [info] Frame 2868 (t = 14.34):	 total squared error = 0.014675318186587039, marker error: RMS = 0.02249545408987998, max = 0.053381514939889366 (LTTC)
[2026-08-31 22:42:11.064] [info] Frame 2869 (t = 14.345):	 total squared error = 0.01466813142984965, marker error: RMS = 0.022489945209183078, max = 0.05336667598849814 (LTTC)
[2026-08-31 22:42:11.070] [info] Frame 2870 (t = 14.35):	 total squared error = 0.014666348197244354, marker error: RMS = 0.022488578094947753, max = 0.05336462992584148 (LTTC)
[2026-08-31 22:42:11.079] [info] Frame 2871 (t = 14.355):	 total squared error = 0.01465701340649625, marker error: RMS = 0.02248142022640968, max = 0.053372178231083804 (LTTC)
[2026-08-31 22:42:11.085] [info] Frame 2872 (t = 14.36):	 total squared error = 0.014650268879947166, marker error: RMS = 0.022476247140379543, max = 0.05339376206978485 (LTTC)
[2026-08-31 22:42:11.093] [info] Frame 2873 (t = 14.365):	 total squared error = 0.014641437803522872, marker error: RMS = 0.02246947185936331, max = 0.05338872724386043 (LTTC)
[2026-08-31 22:42:11.101] [info] Frame 2874 (t = 14.37):	 total squared error = 0.014622211200119473, marker error: RMS = 0.022454713966436193, max = 0.05333234889842652 (LTTC)
[2026-08-31 22:42:11.107] [info] Frame 2875 (t = 14.375):	 total squared error = 0.014626706430670013, marker error: RMS = 0.022458165269328728, max = 0.0533621402616633 (LTTC)
[2026-08-31 22:42:11.114] [info] Frame 2876 (t = 14.38):	 total squared error = 0.014612820110585853, marker error: RMS = 0.02244750205793267, max = 0.05336198217166122 (LTTC)
[2026-08-31 22:42:11.121] [info] Frame 2877 (t = 14.385):	 total squared error = 0.014606140379391848, marker error: RMS = 0.022442370932735194, max = 0.05333426549389968 (LTTC)
[2026-08-31 22:42:11.126] [info] Frame 2878 (t = 14.39):	 total squared error = 0.014613438663612657, marker error: RMS = 0.02244797714841159, max = 0.053373853406857394 (LTTC)
[2026-08-31 22:42:11.133] [info] Frame 2879 (t = 14.395):	 total squared error = 0.01458597955405166, marker error: RMS = 0.022426877005251485, max = 0.05335471261767621 (LTTC)
[2026-08-31 22:42:11.138] [info] Frame 2880 (t = 14.4):	 total squared error = 0.014599963699833336, marker error: RMS = 0.022437625189225884, max = 0.05337645351359105 (LTTC)
[2026-08-31 22:42:11.146] [info] Frame 2881 (t = 14.405):	 total squared error = 0.014569320431886827, marker error: RMS = 0.022414066113051318, max = 0.05333867962513473 (LTTC)
[2026-08-31 22:42:11.151] [info] Frame 2882 (t = 14.41):	 total squared error = 0.014574295911649167, marker error: RMS = 0.02241789303185967, max = 0.05335759418485408 (LTTC)
[2026-08-31 22:42:11.159] [info] Frame 2883 (t = 14.415):	 total squared error = 0.014553699464739715, marker error: RMS = 0.02240204690827782, max = 0.0533466809711246 (LTTC)
[2026-08-31 22:42:11.165] [info] Frame 2884 (t = 14.42):	 total squared error = 0.014557067954014978, marker error: RMS = 0.022404639262511572, max = 0.053370382371898215 (LTTC)
[2026-08-31 22:42:11.172] [info] Frame 2885 (t = 14.425):	 total squared error = 0.014536240045943135, marker error: RMS = 0.022388605511658378, max = 0.05333439611971755 (LTTC)
[2026-08-31 22:42:11.179] [info] Frame 2886 (t = 14.43):	 total squared error = 0.014528129277639494, marker error: RMS = 0.022382358568547173, max = 0.05332802328219295 (LTTC)
[2026-08-31 22:42:11.185] [info] Frame 2887 (t = 14.435):	 total squared error = 0.014520607452829418, marker error: RMS = 0.022376563673220783, max = 0.05331530277711196 (LTTC)
[2026-08-31 22:42:11.194] [info] Frame 2888 (t = 14.44):	 total squared error = 0.014520377220867686, marker error: RMS = 0.0223763862763526, max = 0.05330364018342014 (LTTC)
[2026-08-31 22:42:11.201] [info] Frame 2889 (t = 14.445):	 total squared error = 0.014513990268202843, marker error: RMS = 0.02237146448137621, max = 0.053321878148982996 (LTTC)
[2026-08-31 22:42:11.208] [info] Frame 2890 (t = 14.45):	 total squared error = 0.014508310943724144, marker error: RMS = 0.022367087076021988, max = 0.053287906474521966 (LTTC)
[2026-08-31 22:42:11.215] [info] Frame 2891 (t = 14.455):	 total squared error = 0.014510808116500823, marker error: RMS = 0.02236901190648443, max = 0.05328339487402242 (LTTC)
[2026-08-31 22:42:11.225] [info] Frame 2892 (t = 14.46):	 total squared error = 0.014504662221716832, marker error: RMS = 0.022364274329074434, max = 0.05329923432919104 (LTTC)
[2026-08-31 22:42:11.232] [info] Frame 2893 (t = 14.465):	 total squared error = 0.014504146887480055, marker error: RMS = 0.022363877036864648, max = 0.05327350629398106 (LTTC)
[2026-08-31 22:42:11.240] [info] Frame 2894 (t = 14.47):	 total squared error = 0.014501806995040657, marker error: RMS = 0.022362073029435707, max = 0.05329333010122545 (LTTC)
[2026-08-31 22:42:11.248] [info] Frame 2895 (t = 14.475):	 total squared error = 0.014508924230709664, marker error: RMS = 0.022367559815353946, max = 0.05331780595322113 (LTTC)
[2026-08-31 22:42:11.254] [info] Frame 2896 (t = 14.48):	 total squared error = 0.014502535530000521, marker error: RMS = 0.022362634730035358, max = 0.05328242454719579 (LTTC)
[2026-08-31 22:42:11.261] [info] Frame 2897 (t = 14.485):	 total squared error = 0.014510352574057115, marker error: RMS = 0.02236866078495345, max = 0.05330319423750127 (LTTC)
[2026-08-31 22:42:11.267] [info] Frame 2898 (t = 14.49):	 total squared error = 0.014514882732883134, marker error: RMS = 0.02237215228103066, max = 0.05328620379657316 (LTTC)
[2026-08-31 22:42:11.276] [info] Frame 2899 (t = 14.495):	 total squared error = 0.01450447092945756, marker error: RMS = 0.022364126854882913, max = 0.053288739886554685 (LTTC)
[2026-08-31 22:42:11.282] [info] Frame 2900 (t = 14.5):	 total squared error = 0.01451278658082581, marker error: RMS = 0.022370536796871916, max = 0.05327990665173849 (LTTC)
[2026-08-31 22:42:11.289] [info] Frame 2901 (t = 14.505):	 total squared error = 0.01451977834835061, marker error: RMS = 0.022375924830319083, max = 0.053278981608910043 (LTTC)
[2026-08-31 22:42:11.297] [info] Frame 2902 (t = 14.51):	 total squared error = 0.01451961240138274, marker error: RMS = 0.022375796962406793, max = 0.053289186528789806 (LTTC)
[2026-08-31 22:42:11.304] [info] Frame 2903 (t = 14.515):	 total squared error = 0.014528246633050622, marker error: RMS = 0.02238244896854077, max = 0.053293523452037715 (LTTC)
[2026-08-31 22:42:11.313] [info] Frame 2904 (t = 14.52):	 total squared error = 0.014528406669184087, marker error: RMS = 0.022382572245313825, max = 0.05330045261068977 (LTTC)
[2026-08-31 22:42:11.319] [info] Frame 2905 (t = 14.525):	 total squared error = 0.014528042565044221, marker error: RMS = 0.02238229177277262, max = 0.05327427819864301 (LTTC)
[2026-08-31 22:42:11.328] [info] Frame 2906 (t = 14.53):	 total squared error = 0.014538149642119578, marker error: RMS = 0.02239007603606283, max = 0.053317830438378316 (LTTC)
[2026-08-31 22:42:11.335] [info] Frame 2907 (t = 14.535):	 total squared error = 0.01454706092998262, marker error: RMS = 0.02239693708275879, max = 0.05331494792593731 (LTTC)
[2026-08-31 22:42:11.345] [info] Frame 2908 (t = 14.54):	 total squared error = 0.014552242379177975, marker error: RMS = 0.022400925457466365, max = 0.05333121525420651 (LTTC)
[2026-08-31 22:42:11.352] [info] Frame 2909 (t = 14.545):	 total squared error = 0.014555209471620558, marker error: RMS = 0.022403209030928305, max = 0.05332535827110884 (LTTC)
[2026-08-31 22:42:11.359] [info] Frame 2910 (t = 14.55):	 total squared error = 0.014568491720812883, marker error: RMS = 0.02241342864169394, max = 0.05335888601167465 (LTTC)
[2026-08-31 22:42:11.368] [info] Frame 2911 (t = 14.555):	 total squared error = 0.01456200866476958, marker error: RMS = 0.022408441039475296, max = 0.05335778690653534 (LTTC)
[2026-08-31 22:42:11.375] [info] Frame 2912 (t = 14.56):	 total squared error = 0.0145771266227717, marker error: RMS = 0.022420069998023325, max = 0.05336703570911149 (LTTC)
[2026-08-31 22:42:11.383] [info] Frame 2913 (t = 14.565):	 total squared error = 0.014570935831231858, marker error: RMS = 0.02241530867835476, max = 0.0533772930013906 (LTTC)
[2026-08-31 22:42:11.389] [info] Frame 2914 (t = 14.57):	 total squared error = 0.014578555373453645, marker error: RMS = 0.02242116870239284, max = 0.05337647794624876 (LTTC)
[2026-08-31 22:42:11.394] [info] Frame 2915 (t = 14.575):	 total squared error = 0.014592094525767067, marker error: RMS = 0.02243157759281127, max = 0.05340404905188114 (LTTC)
[2026-08-31 22:42:11.401] [info] Frame 2916 (t = 14.58):	 total squared error = 0.014581448391770228, marker error: RMS = 0.022423393258680903, max = 0.05336834439336803 (LTTC)
[2026-08-31 22:42:11.409] [info] Frame 2917 (t = 14.585):	 total squared error = 0.014585727634439254, marker error: RMS = 0.02242668333315231, max = 0.05341369534798016 (LTTC)
[2026-08-31 22:42:11.414] [info] Frame 2918 (t = 14.59):	 total squared error = 0.014598631831397731, marker error: RMS = 0.02243660173988932, max = 0.0534287709893981 (LTTC)
[2026-08-31 22:42:11.421] [info] Frame 2919 (t = 14.595):	 total squared error = 0.014584555057705634, marker error: RMS = 0.022425781851365224, max = 0.05342373256604118 (LTTC)
[2026-08-31 22:42:11.428] [info] Frame 2920 (t = 14.6):	 total squared error = 0.014601732119595815, marker error: RMS = 0.02243898402610942, max = 0.05345100183812287 (LTTC)
[2026-08-31 22:42:11.434] [info] Frame 2921 (t = 14.605):	 total squared error = 0.014586319717382315, marker error: RMS = 0.02242713851517176, max = 0.05343845129817695 (LTTC)
[2026-08-31 22:42:11.442] [info] Frame 2922 (t = 14.61):	 total squared error = 0.014586308395140276, marker error: RMS = 0.02242712981093571, max = 0.05344109996567749 (LTTC)
[2026-08-31 22:42:11.448] [info] Frame 2923 (t = 14.615):	 total squared error = 0.014589502707266711, marker error: RMS = 0.02242958537848117, max = 0.053446824573200505 (LTTC)
[2026-08-31 22:42:11.455] [info] Frame 2924 (t = 14.62):	 total squared error = 0.01458427213672065, marker error: RMS = 0.022425564335128514, max = 0.05344618507622875 (LTTC)
[2026-08-31 22:42:11.463] [info] Frame 2925 (t = 14.625):	 total squared error = 0.01456627653173419, marker error: RMS = 0.02241172455760615, max = 0.05342297181307512 (LTTC)
[2026-08-31 22:42:11.468] [info] Frame 2926 (t = 14.63):	 total squared error = 0.014570859149297273, marker error: RMS = 0.02241524969616188, max = 0.05343239882656954 (LTTC)
[2026-08-31 22:42:11.476] [info] Frame 2927 (t = 14.635):	 total squared error = 0.014577082838979747, marker error: RMS = 0.022420036327587343, max = 0.05344349761914768 (LTTC)
[2026-08-31 22:42:11.482] [info] Frame 2928 (t = 14.64):	 total squared error = 0.014584497364995308, marker error: RMS = 0.022425737496038288, max = 0.053455570154250925 (LTTC)
[2026-08-31 22:42:11.488] [info] Frame 2929 (t = 14.645):	 total squared error = 0.01457493523395746, marker error: RMS = 0.022418384722917482, max = 0.05344055691558742 (LTTC)
[2026-08-31 22:42:11.495] [info] Frame 2930 (t = 14.65):	 total squared error = 0.014559225054451886, marker error: RMS = 0.02240629918699118, max = 0.053404041078596455 (LTTC)
[2026-08-31 22:42:11.500] [info] Frame 2931 (t = 14.655):	 total squared error = 0.014570838016098002, marker error: RMS = 0.022415233440905225, max = 0.053433836005332934 (LTTC)
[2026-08-31 22:42:11.504] [info] Frame 2932 (t = 14.66):	 total squared error = 0.014564897436759164, marker error: RMS = 0.02241066359229168, max = 0.053430717055116865 (LTTC)
[2026-08-31 22:42:11.511] [info] Frame 2933 (t = 14.665):	 total squared error = 0.014562808072789897, marker error: RMS = 0.022409056107151073, max = 0.053429997808897935 (LTTC)
[2026-08-31 22:42:11.517] [info] Frame 2934 (t = 14.67):	 total squared error = 0.01454813992116526, marker error: RMS = 0.022397767685230614, max = 0.053404456023273525 (LTTC)
[2026-08-31 22:42:11.523] [info] Frame 2935 (t = 14.675):	 total squared error = 0.014559291899828755, marker error: RMS = 0.022406350623650366, max = 0.053418668561517044 (LTTC)
[2026-08-31 22:42:11.529] [info] Frame 2936 (t = 14.68):	 total squared error = 0.014557938215898876, marker error: RMS = 0.022405308958230286, max = 0.053416853961458725 (LTTC)
[2026-08-31 22:42:11.533] [info] Frame 2937 (t = 14.685):	 total squared error = 0.014543355451222676, marker error: RMS = 0.022394084387610105, max = 0.05339216162746042 (LTTC)
[2026-08-31 22:42:11.537] [info] Frame 2938 (t = 14.69):	 total squared error = 0.014547961059978578, marker error: RMS = 0.022397630000837894, max = 0.05339273342138262 (LTTC)
[2026-08-31 22:42:11.543] [info] Frame 2939 (t = 14.695):	 total squared error = 0.014541296613861316, marker error: RMS = 0.022392499216649122, max = 0.053384551514603897 (LTTC)
[2026-08-31 22:42:11.549] [info] Frame 2940 (t = 14.7):	 total squared error = 0.014537662482257595, marker error: RMS = 0.022389700897616847, max = 0.05338509595294146 (LTTC)
[2026-08-31 22:42:11.553] [info] Frame 2941 (t = 14.705):	 total squared error = 0.014530278434656617, marker error: RMS = 0.022384014026837915, max = 0.05337176041784657 (LTTC)
[2026-08-31 22:42:11.561] [info] Frame 2942 (t = 14.71):	 total squared error = 0.014530453759114223, marker error: RMS = 0.022384149070818583, max = 0.05336473526006372 (LTTC)
[2026-08-31 22:42:11.565] [info] Frame 2943 (t = 14.715):	 total squared error = 0.014520069701287146, marker error: RMS = 0.022376149326125666, max = 0.053354869672778145 (LTTC)
[2026-08-31 22:42:11.570] [info] Frame 2944 (t = 14.72):	 total squared error = 0.014530005969100666, marker error: RMS = 0.02238380415813358, max = 0.05335819509696753 (LTTC)
[2026-08-31 22:42:11.578] [info] Frame 2945 (t = 14.725):	 total squared error = 0.014493877474344077, marker error: RMS = 0.02235595845464152, max = 0.05330599111802601 (LTTC)
[2026-08-31 22:42:11.583] [info] Frame 2946 (t = 14.73):	 total squared error = 0.014515130634409887, marker error: RMS = 0.022372343328630865, max = 0.05333225588790674 (LTTC)
[2026-08-31 22:42:11.587] [info] Frame 2947 (t = 14.735):	 total squared error = 0.014517628008585224, marker error: RMS = 0.022374267862100155, max = 0.053323642649246245 (LTTC)
[2026-08-31 22:42:11.594] [info] Frame 2948 (t = 14.74):	 total squared error = 0.014513493827020517, marker error: RMS = 0.022371081877728172, max = 0.05331402417845304 (LTTC)
[2026-08-31 22:42:11.598] [info] Frame 2949 (t = 14.745):	 total squared error = 0.014505393952131223, marker error: RMS = 0.0223648384378102, max = 0.05330559239006324 (LTTC)
[2026-08-31 22:42:11.604] [info] Frame 2950 (t = 14.75):	 total squared error = 0.01450647832439546, marker error: RMS = 0.02236567438054116, max = 0.05329699289415113 (LTTC)
[2026-08-31 22:42:11.609] [info] Frame 2951 (t = 14.755):	 total squared error = 0.014500962565985966, marker error: RMS = 0.022361421956811033, max = 0.053290938027209876 (LTTC)
[2026-08-31 22:42:11.615] [info] Frame 2952 (t = 14.76):	 total squared error = 0.01448224352066858, marker error: RMS = 0.022346984306820045, max = 0.053261441845601096 (LTTC)
[2026-08-31 22:42:11.621] [info] Frame 2953 (t = 14.765):	 total squared error = 0.01450084321267653, marker error: RMS = 0.02236132993136121, max = 0.053267542589286704 (LTTC)
[2026-08-31 22:42:11.628] [info] Frame 2954 (t = 14.77):	 total squared error = 0.014490355122011793, marker error: RMS = 0.022353241778328408, max = 0.0532598044969271 (LTTC)
[2026-08-31 22:42:11.635] [info] Frame 2955 (t = 14.775):	 total squared error = 0.014505777089827325, marker error: RMS = 0.022365133802283537, max = 0.05326785228169825 (LTTC)
[2026-08-31 22:42:11.642] [info] Frame 2956 (t = 14.78):	 total squared error = 0.01449246526500666, marker error: RMS = 0.022354869302949498, max = 0.053225077460129666 (LTTC)
[2026-08-31 22:42:11.646] [info] Frame 2957 (t = 14.785):	 total squared error = 0.014491100501193111, marker error: RMS = 0.022353816692699188, max = 0.05323050367528469 (LTTC)
[2026-08-31 22:42:11.651] [info] Frame 2958 (t = 14.79):	 total squared error = 0.014490592368722174, marker error: RMS = 0.02235342476940512, max = 0.05321277516462681 (LTTC)
[2026-08-31 22:42:11.655] [info] Frame 2959 (t = 14.795):	 total squared error = 0.014484096417835083, marker error: RMS = 0.02234841382771947, max = 0.053204620591698365 (LTTC)
[2026-08-31 22:42:11.664] [info] Frame 2960 (t = 14.8):	 total squared error = 0.014484937493202966, marker error: RMS = 0.022349062692065977, max = 0.053187131994989575 (LTTC)
[2026-08-31 22:42:11.668] [info] Frame 2961 (t = 14.805):	 total squared error = 0.014484822934768316, marker error: RMS = 0.02234897431478781, max = 0.05318972977443068 (LTTC)
[2026-08-31 22:42:11.674] [info] Frame 2962 (t = 14.81):	 total squared error = 0.014499308500486733, marker error: RMS = 0.02236014658246224, max = 0.053184223492267986 (LTTC)
[2026-08-31 22:42:11.682] [info] Frame 2963 (t = 14.815):	 total squared error = 0.014481397239518811, marker error: RMS = 0.0223463313655877, max = 0.05316316995573241 (LTTC)
[2026-08-31 22:42:11.687] [info] Frame 2964 (t = 14.82):	 total squared error = 0.014507315228235711, marker error: RMS = 0.022366319528467515, max = 0.05316891166265052 (LTTC)
[2026-08-31 22:42:11.695] [info] Frame 2965 (t = 14.825):	 total squared error = 0.014497952308040974, marker error: RMS = 0.022359100830141792, max = 0.05315401595647879 (LTTC)
[2026-08-31 22:42:11.700] [info] Frame 2966 (t = 14.83):	 total squared error = 0.014512511145864264, marker error: RMS = 0.02237032451313359, max = 0.053154415740556675 (LTTC)
[2026-08-31 22:42:11.715] [info] Frame 2967 (t = 14.835):	 total squared error = 0.014495776336071992, marker error: RMS = 0.02235742284826844, max = 0.05312855447403915 (LTTC)
[2026-08-31 22:42:11.720] [info] Frame 2968 (t = 14.84):	 total squared error = 0.014497657655966317, marker error: RMS = 0.0223588736191267, max = 0.053128418141600846 (LTTC)
[2026-08-31 22:42:11.729] [info] Frame 2969 (t = 14.845):	 total squared error = 0.014509966119637575, marker error: RMS = 0.022368362910545052, max = 0.0531269659292779 (LTTC)
[2026-08-31 22:42:11.736] [info] Frame 2970 (t = 14.85):	 total squared error = 0.014487379102414509, marker error: RMS = 0.022350946213415285, max = 0.05309748142866074 (LTTC)
[2026-08-31 22:42:11.743] [info] Frame 2971 (t = 14.855):	 total squared error = 0.014520080372303255, marker error: RMS = 0.022376157548407338, max = 0.05311620284859738 (LTTC)
[2026-08-31 22:42:11.749] [info] Frame 2972 (t = 14.86):	 total squared error = 0.01449657826464857, marker error: RMS = 0.02235804126317448, max = 0.05309104429378923 (LTTC)
[2026-08-31 22:42:11.755] [info] Frame 2973 (t = 14.865):	 total squared error = 0.014526151226412112, marker error: RMS = 0.022380834801856785, max = 0.05310024279403323 (LTTC)
[2026-08-31 22:42:11.760] [info] Frame 2974 (t = 14.87):	 total squared error = 0.014528227083790892, marker error: RMS = 0.022382433909584706, max = 0.05310059644426787 (LTTC)
[2026-08-31 22:42:11.767] [info] Frame 2975 (t = 14.875):	 total squared error = 0.01451808565353904, marker error: RMS = 0.02237462051578717, max = 0.05308858665189977 (LTTC)
[2026-08-31 22:42:11.772] [info] Frame 2976 (t = 14.88):	 total squared error = 0.014523928465702001, marker error: RMS = 0.022379122402519845, max = 0.05308604035767442 (LTTC)
[2026-08-31 22:42:11.779] [info] Frame 2977 (t = 14.885):	 total squared error = 0.014531438513697254, marker error: RMS = 0.022384907564678834, max = 0.05308601478898558 (LTTC)
[2026-08-31 22:42:11.785] [info] Frame 2978 (t = 14.89):	 total squared error = 0.014535332770899813, marker error: RMS = 0.022387906811721776, max = 0.053088036369146795 (LTTC)
[2026-08-31 22:42:11.793] [info] Frame 2979 (t = 14.895):	 total squared error = 0.01452126985491841, marker error: RMS = 0.022377074055225554, max = 0.05307571228498466 (LTTC)
[2026-08-31 22:42:11.799] [info] Frame 2980 (t = 14.9):	 total squared error = 0.014503405241164504, marker error: RMS = 0.022363305259042565, max = 0.05306201159509734 (LTTC)
[2026-08-31 22:42:11.806] [info] Frame 2981 (t = 14.905):	 total squared error = 0.014528422368624247, marker error: RMS = 0.022382584338648166, max = 0.05306658158630452 (LTTC)
[2026-08-31 22:42:11.812] [info] Frame 2982 (t = 14.91):	 total squared error = 0.014514480632969886, marker error: RMS = 0.022371842395551053, max = 0.05305119543227893 (LTTC)
[2026-08-31 22:42:11.819] [info] Frame 2983 (t = 14.915):	 total squared error = 0.01454328101869162, marker error: RMS = 0.02239402708135365, max = 0.05306061184731063 (LTTC)
[2026-08-31 22:42:11.828] [info] Frame 2984 (t = 14.92):	 total squared error = 0.014523467165394738, marker error: RMS = 0.022378767003564306, max = 0.053069202294927564 (LTTC)
[2026-08-31 22:42:11.834] [info] Frame 2985 (t = 14.925):	 total squared error = 0.014531558277536983, marker error: RMS = 0.022384999809398985, max = 0.05305104648599348 (LTTC)
[2026-08-31 22:42:11.840] [info] Frame 2986 (t = 14.93):	 total squared error = 0.014531378628138787, marker error: RMS = 0.02238486143937367, max = 0.053052013279812925 (LTTC)
[2026-08-31 22:42:11.846] [info] Frame 2987 (t = 14.935):	 total squared error = 0.014545585487712183, marker error: RMS = 0.022395801244192753, max = 0.05305757447890813 (LTTC)
[2026-08-31 22:42:11.853] [info] Frame 2988 (t = 14.94):	 total squared error = 0.014528933781843476, marker error: RMS = 0.022382978278488595, max = 0.05305731017762621 (LTTC)
[2026-08-31 22:42:11.862] [info] Frame 2989 (t = 14.945):	 total squared error = 0.014524693194978212, marker error: RMS = 0.02237971155940146, max = 0.05302784534638327 (LTTC)
[2026-08-31 22:42:11.868] [info] Frame 2990 (t = 14.95):	 total squared error = 0.014528307738962718, marker error: RMS = 0.022382496038863692, max = 0.05303730119981701 (LTTC)
[2026-08-31 22:42:11.876] [info] Frame 2991 (t = 14.955):	 total squared error = 0.01452089107875192, marker error: RMS = 0.02237678220893094, max = 0.053040990619698164 (LTTC)
[2026-08-31 22:42:11.884] [info] Frame 2992 (t = 14.96):	 total squared error = 0.014518347868053644, marker error: RMS = 0.022374822571481948, max = 0.05302262153768032 (LTTC)
[2026-08-31 22:42:11.893] [info] Frame 2993 (t = 14.965):	 total squared error = 0.014514655770131366, marker error: RMS = 0.02237197736866011, max = 0.05300801087569086 (LTTC)
[2026-08-31 22:42:11.901] [info] Frame 2994 (t = 14.97):	 total squared error = 0.014513687793978752, marker error: RMS = 0.02237123136744643, max = 0.05301292301512696 (LTTC)
[2026-08-31 22:42:11.907] [info] Frame 2995 (t = 14.975):	 total squared error = 0.014505748110191044, marker error: RMS = 0.022365111461744223, max = 0.05297430522452083 (LTTC)
[2026-08-31 22:42:11.914] [info] Frame 2996 (t = 14.98):	 total squared error = 0.014503400089592272, marker error: RMS = 0.022363301287347963, max = 0.05297858900180787 (LTTC)
[2026-08-31 22:42:11.921] [info] Frame 2997 (t = 14.985):	 total squared error = 0.014503786718933917, marker error: RMS = 0.022363599364032673, max = 0.0529812115522338 (LTTC)
[2026-08-31 22:42:11.929] [info] Frame 2998 (t = 14.99):	 total squared error = 0.0145014900990247, marker error: RMS = 0.022361828698140716, max = 0.052985945811813456 (LTTC)
[2026-08-31 22:42:11.935] [info] Frame 2999 (t = 14.995):	 total squared error = 0.014497936432247338, marker error: RMS = 0.02235908858811753, max = 0.052968689892438976 (LTTC)
[2026-08-31 22:42:11.943] [info] Frame 3000 (t = 15):	 total squared error = 0.014494356054216352, marker error: RMS = 0.022356327542328462, max = 0.052953907130860074 (LTTC)
[2026-08-31 22:42:11.950] [info] Frame 3001 (t = 15.005):	 total squared error = 0.014488874377823707, marker error: RMS = 0.022352099629698995, max = 0.05294117216475558 (LTTC)
[2026-08-31 22:42:11.959] [info] Frame 3002 (t = 15.01):	 total squared error = 0.014486558620839368, marker error: RMS = 0.022350313290128054, max = 0.05293450014000112 (LTTC)
[2026-08-31 22:42:11.966] [info] Frame 3003 (t = 15.015):	 total squared error = 0.01448351056032777, marker error: RMS = 0.022347961845143552, max = 0.052928427850158534 (LTTC)
[2026-08-31 22:42:11.973] [info] Frame 3004 (t = 15.02):	 total squared error = 0.014479709421891699, marker error: RMS = 0.022345029086864424, max = 0.05292020916354921 (LTTC)
[2026-08-31 22:42:11.980] [info] Frame 3005 (t = 15.025):	 total squared error = 0.014474881761714721, marker error: RMS = 0.02234130376348327, max = 0.052895701441350966 (LTTC)
[2026-08-31 22:42:11.985] [info] Frame 3006 (t = 15.03):	 total squared error = 0.014485751879740773, marker error: RMS = 0.02234969094883199, max = 0.052906243996571525 (LTTC)
[2026-08-31 22:42:11.993] [info] Frame 3007 (t = 15.035):	 total squared error = 0.014479892339721917, marker error: RMS = 0.02234517022544702, max = 0.05291791193245311 (LTTC)
[2026-08-31 22:42:11.999] [info] Frame 3008 (t = 15.04):	 total squared error = 0.01447181375168627, marker error: RMS = 0.022338935972936912, max = 0.05289579667543165 (LTTC)
[2026-08-31 22:42:12.005] [info] Frame 3009 (t = 15.045):	 total squared error = 0.014467427883227182, marker error: RMS = 0.022335550666136666, max = 0.052890319942683395 (LTTC)
[2026-08-31 22:42:12.014] [info] Frame 3010 (t = 15.05):	 total squared error = 0.014465876392177692, marker error: RMS = 0.022334352998647538, max = 0.052877735774665986 (LTTC)
[2026-08-31 22:42:12.020] [info] Frame 3011 (t = 15.055):	 total squared error = 0.014463661786238006, marker error: RMS = 0.02233264333092118, max = 0.05288571577432193 (LTTC)
[2026-08-31 22:42:12.028] [info] Frame 3012 (t = 15.06):	 total squared error = 0.014471819942341152, marker error: RMS = 0.022338940750936082, max = 0.05290673987231966 (LTTC)
[2026-08-31 22:42:12.035] [info] Frame 3013 (t = 15.065):	 total squared error = 0.014463935395842474, marker error: RMS = 0.02233285456362633, max = 0.05290856496735278 (LTTC)
[2026-08-31 22:42:12.042] [info] Frame 3014 (t = 15.07):	 total squared error = 0.014468430451140253, marker error: RMS = 0.022336324560386055, max = 0.05288656432067435 (LTTC)
[2026-08-31 22:42:12.048] [info] Frame 3015 (t = 15.075):	 total squared error = 0.014462895056450008, marker error: RMS = 0.022332051387813242, max = 0.052893750429792566 (LTTC)
[2026-08-31 22:42:12.055] [info] Frame 3016 (t = 15.08):	 total squared error = 0.014464727180321858, marker error: RMS = 0.02233346582761322, max = 0.05290378967278803 (LTTC)
[2026-08-31 22:42:12.061] [info] Frame 3017 (t = 15.085):	 total squared error = 0.014448875409458696, marker error: RMS = 0.02232122494588464, max = 0.05289638611042997 (LTTC)
[2026-08-31 22:42:12.068] [info] Frame 3018 (t = 15.09):	 total squared error = 0.014459655422547549, marker error: RMS = 0.022329550100126366, max = 0.05289995399215483 (LTTC)
[2026-08-31 22:42:12.076] [info] Frame 3019 (t = 15.095):	 total squared error = 0.014461264292902214, marker error: RMS = 0.02233079232723607, max = 0.05290859221648541 (LTTC)
[2026-08-31 22:42:12.082] [info] Frame 3020 (t = 15.1):	 total squared error = 0.014457441129111603, marker error: RMS = 0.022327840305949573, max = 0.052909214051241986 (LTTC)
[2026-08-31 22:42:12.089] [info] Frame 3021 (t = 15.105):	 total squared error = 0.014472301720754064, marker error: RMS = 0.02233931258840688, max = 0.05292383606274947 (LTTC)
[2026-08-31 22:42:12.097] [info] Frame 3022 (t = 15.11):	 total squared error = 0.014460567412753774, marker error: RMS = 0.02233025426662668, max = 0.05292487624250756 (LTTC)
[2026-08-31 22:42:12.103] [info] Frame 3023 (t = 15.115):	 total squared error = 0.014475897063911324, marker error: RMS = 0.02234208728549784, max = 0.052940614622529275 (LTTC)
[2026-08-31 22:42:12.110] [info] Frame 3024 (t = 15.12):	 total squared error = 0.014447441380992968, marker error: RMS = 0.02232011724492826, max = 0.05293215429730591 (LTTC)
[2026-08-31 22:42:12.116] [info] Frame 3025 (t = 15.125):	 total squared error = 0.01447530940398925, marker error: RMS = 0.022341633783981876, max = 0.05295736277311396 (LTTC)
[2026-08-31 22:42:12.122] [info] Frame 3026 (t = 15.13):	 total squared error = 0.0144699545604263, marker error: RMS = 0.02233750098734251, max = 0.052964597886204036 (LTTC)
[2026-08-31 22:42:12.130] [info] Frame 3027 (t = 15.135):	 total squared error = 0.014463965432665649, marker error: RMS = 0.02233287775260073, max = 0.05296392287236424 (LTTC)
[2026-08-31 22:42:12.136] [info] Frame 3028 (t = 15.14):	 total squared error = 0.01447735938105559, marker error: RMS = 0.022343215726522377, max = 0.05297590522069005 (LTTC)
[2026-08-31 22:42:12.142] [info] Frame 3029 (t = 15.145):	 total squared error = 0.014461504493776915, marker error: RMS = 0.022330977783136325, max = 0.05297529152010341 (LTTC)
[2026-08-31 22:42:12.148] [info] Frame 3030 (t = 15.15):	 total squared error = 0.014476565675347376, marker error: RMS = 0.02234260324670258, max = 0.05298909140192388 (LTTC)
[2026-08-31 22:42:12.153] [info] Frame 3031 (t = 15.155):	 total squared error = 0.014475062981702723, marker error: RMS = 0.022341443615338182, max = 0.05299370790100591 (LTTC)
[2026-08-31 22:42:12.160] [info] Frame 3032 (t = 15.16):	 total squared error = 0.014464969696588453, marker error: RMS = 0.02233365304877485, max = 0.05298628586075485 (LTTC)
[2026-08-31 22:42:12.167] [info] Frame 3033 (t = 15.165):	 total squared error = 0.014459964493773328, marker error: RMS = 0.022329788742899665, max = 0.05298500447550189 (LTTC)
[2026-08-31 22:42:12.173] [info] Frame 3034 (t = 15.17):	 total squared error = 0.014457030006544337, marker error: RMS = 0.022327522838141625, max = 0.05298490202170256 (LTTC)
[2026-08-31 22:42:12.180] [info] Frame 3035 (t = 15.175):	 total squared error = 0.014458781384601516, marker error: RMS = 0.022328875216511355, max = 0.05298907380044647 (LTTC)
[2026-08-31 22:42:12.186] [info] Frame 3036 (t = 15.18):	 total squared error = 0.014458671101615047, marker error: RMS = 0.022328790060657848, max = 0.05298879301217495 (LTTC)
[2026-08-31 22:42:12.194] [info] Frame 3037 (t = 15.185):	 total squared error = 0.014460365383588745, marker error: RMS = 0.02233009827764462, max = 0.05299110377683849 (LTTC)
[2026-08-31 22:42:12.201] [info] Frame 3038 (t = 15.19):	 total squared error = 0.014442730054658456, marker error: RMS = 0.022316477640939834, max = 0.052981093412491 (LTTC)
[2026-08-31 22:42:12.206] [info] Frame 3039 (t = 15.195):	 total squared error = 0.014468148610766068, marker error: RMS = 0.02233610700711547, max = 0.05299821099034358 (LTTC)
[2026-08-31 22:42:12.213] [info] Frame 3040 (t = 15.2):	 total squared error = 0.014468787368505747, marker error: RMS = 0.02233660006272815, max = 0.05299634363342726 (LTTC)
[2026-08-31 22:42:12.218] [info] Frame 3041 (t = 15.205):	 total squared error = 0.014469136390929777, marker error: RMS = 0.022336869467726853, max = 0.05299889573799013 (LTTC)
[2026-08-31 22:42:12.227] [info] Frame 3042 (t = 15.21):	 total squared error = 0.0144384232961874, marker error: RMS = 0.022313150055197774, max = 0.052977216303371565 (LTTC)
[2026-08-31 22:42:12.232] [info] Frame 3043 (t = 15.215):	 total squared error = 0.014457074004377714, marker error: RMS = 0.022327556813373107, max = 0.052988861188543866 (LTTC)
[2026-08-31 22:42:12.238] [info] Frame 3044 (t = 15.22):	 total squared error = 0.014425050205444705, marker error: RMS = 0.02230281426918315, max = 0.05296111444501126 (LTTC)
[2026-08-31 22:42:12.245] [info] Frame 3045 (t = 15.225):	 total squared error = 0.014452574793847742, marker error: RMS = 0.022324082244601126, max = 0.05297854537811957 (LTTC)
[2026-08-31 22:42:12.250] [info] Frame 3046 (t = 15.23):	 total squared error = 0.014457002928959947, marker error: RMS = 0.022327501928740914, max = 0.05298434023053435 (LTTC)
[2026-08-31 22:42:12.256] [info] Frame 3047 (t = 15.235):	 total squared error = 0.014445522727752584, marker error: RMS = 0.022318635114423526, max = 0.05296672138960629 (LTTC)
[2026-08-31 22:42:12.263] [info] Frame 3048 (t = 15.24):	 total squared error = 0.014469917360525771, marker error: RMS = 0.022337472274282445, max = 0.05298552597908856 (LTTC)
[2026-08-31 22:42:12.268] [info] Frame 3049 (t = 15.245):	 total squared error = 0.014467449129435067, marker error: RMS = 0.022335567066618572, max = 0.052984988305906464 (LTTC)
[2026-08-31 22:42:12.275] [info] Frame 3050 (t = 15.25):	 total squared error = 0.014434585065520172, marker error: RMS = 0.022310184055810565, max = 0.05296075084652331 (LTTC)
[2026-08-31 22:42:12.280] [info] Frame 3051 (t = 15.255):	 total squared error = 0.014460315795683227, marker error: RMS = 0.022330059990100577, max = 0.05297278780676792 (LTTC)
[2026-08-31 22:42:12.286] [info] Frame 3052 (t = 15.26):	 total squared error = 0.01446211226127612, marker error: RMS = 0.022331447025459427, max = 0.05296901883614154 (LTTC)
[2026-08-31 22:42:12.293] [info] Frame 3053 (t = 15.265):	 total squared error = 0.014471319109149934, marker error: RMS = 0.022338554200390652, max = 0.05297102717343315 (LTTC)
[2026-08-31 22:42:12.299] [info] Frame 3054 (t = 15.27):	 total squared error = 0.014448622563065837, marker error: RMS = 0.02232102964120718, max = 0.052954904849831785 (LTTC)
[2026-08-31 22:42:12.305] [info] Frame 3055 (t = 15.275):	 total squared error = 0.014471475552129114, marker error: RMS = 0.022338674946139482, max = 0.05295848877927127 (LTTC)
[2026-08-31 22:42:12.311] [info] Frame 3056 (t = 15.28):	 total squared error = 0.014465885756900445, marker error: RMS = 0.022334360227901546, max = 0.05296606423783466 (LTTC)
[2026-08-31 22:42:12.316] [info] Frame 3057 (t = 15.285):	 total squared error = 0.014473919829294378, marker error: RMS = 0.022340561402273928, max = 0.05296237147545996 (LTTC)
[2026-08-31 22:42:12.322] [info] Frame 3058 (t = 15.29):	 total squared error = 0.014455427926056544, marker error: RMS = 0.022326285672565067, max = 0.0529475173396968 (LTTC)
[2026-08-31 22:42:12.327] [info] Frame 3059 (t = 15.295):	 total squared error = 0.014477812612423308, marker error: RMS = 0.02234356546457546, max = 0.05295116536336255 (LTTC)
[2026-08-31 22:42:12.334] [info] Frame 3060 (t = 15.3):	 total squared error = 0.014468486121135302, marker error: RMS = 0.02233636753194008, max = 0.05294864043857804 (LTTC)
[2026-08-31 22:42:12.341] [info] Frame 3061 (t = 15.305):	 total squared error = 0.014459245428992825, marker error: RMS = 0.02232923352838762, max = 0.052943284556812374 (LTTC)
[2026-08-31 22:42:12.348] [info] Frame 3062 (t = 15.31):	 total squared error = 0.014470899775331092, marker error: RMS = 0.02233823054713453, max = 0.052946517069884604 (LTTC)
[2026-08-31 22:42:12.354] [info] Frame 3063 (t = 15.315):	 total squared error = 0.014463170215161992, marker error: RMS = 0.02233226382208886, max = 0.052939328265485815 (LTTC)
[2026-08-31 22:42:12.363] [info] Frame 3064 (t = 15.32):	 total squared error = 0.014463775991956489, marker error: RMS = 0.02233273150052097, max = 0.052935250928900994 (LTTC)
[2026-08-31 22:42:12.368] [info] Frame 3065 (t = 15.325):	 total squared error = 0.014456196545635923, marker error: RMS = 0.022326879227881607, max = 0.05293103469287261 (LTTC)
[2026-08-31 22:42:12.376] [info] Frame 3066 (t = 15.33):	 total squared error = 0.01445983966477938, marker error: RMS = 0.022329692359154017, max = 0.052928277752747735 (LTTC)
[2026-08-31 22:42:12.382] [info] Frame 3067 (t = 15.335):	 total squared error = 0.01445461761609438, marker error: RMS = 0.022325659905367883, max = 0.05291931836258556 (LTTC)
[2026-08-31 22:42:12.388] [info] Frame 3068 (t = 15.34):	 total squared error = 0.014450641979035481, marker error: RMS = 0.02232258943933444, max = 0.05291329743230588 (LTTC)
[2026-08-31 22:42:12.396] [info] Frame 3069 (t = 15.345):	 total squared error = 0.0144471218769674, marker error: RMS = 0.02231987043974834, max = 0.052907401023732446 (LTTC)
[2026-08-31 22:42:12.402] [info] Frame 3070 (t = 15.35):	 total squared error = 0.014448234046973405, marker error: RMS = 0.02232072953863771, max = 0.052902584083758614 (LTTC)
[2026-08-31 22:42:12.408] [info] Frame 3071 (t = 15.355):	 total squared error = 0.014444073674023897, marker error: RMS = 0.022317515677172134, max = 0.05288844366150656 (LTTC)
[2026-08-31 22:42:12.414] [info] Frame 3072 (t = 15.36):	 total squared error = 0.014427047957432163, marker error: RMS = 0.02230435859479593, max = 0.05285900746707112 (LTTC)
[2026-08-31 22:42:12.420] [info] Frame 3073 (t = 15.365):	 total squared error = 0.01444487097921936, marker error: RMS = 0.022318131626178437, max = 0.0528588052484889 (LTTC)
[2026-08-31 22:42:12.429] [info] Frame 3074 (t = 15.37):	 total squared error = 0.014432958292334796, marker error: RMS = 0.022308926845033623, max = 0.05283242152299527 (LTTC)
[2026-08-31 22:42:12.434] [info] Frame 3075 (t = 15.375):	 total squared error = 0.01442659906411955, marker error: RMS = 0.022304011595349876, max = 0.05281636138451667 (LTTC)
[2026-08-31 22:42:12.440] [info] Frame 3076 (t = 15.38):	 total squared error = 0.014433714200668033, marker error: RMS = 0.0223095110386054, max = 0.052803071106286494 (LTTC)
[2026-08-31 22:42:12.447] [info] Frame 3077 (t = 15.385):	 total squared error = 0.01441916111880855, marker error: RMS = 0.02229826119617197, max = 0.05277310794021615 (LTTC)
[2026-08-31 22:42:12.453] [info] Frame 3078 (t = 15.39):	 total squared error = 0.014427331498971468, marker error: RMS = 0.02230457777272876, max = 0.05276090292932394 (LTTC)
[2026-08-31 22:42:12.460] [info] Frame 3079 (t = 15.395):	 total squared error = 0.014417686458729862, marker error: RMS = 0.022297120935788273, max = 0.05273649344395561 (LTTC)
[2026-08-31 22:42:12.466] [info] Frame 3080 (t = 15.4):	 total squared error = 0.014415105714448394, marker error: RMS = 0.02229512527085345, max = 0.052715439268710876 (LTTC)
[2026-08-31 22:42:12.474] [info] Frame 3081 (t = 15.405):	 total squared error = 0.014367267003894455, marker error: RMS = 0.022258099652357827, max = 0.0526847327314485 (LTTC)
[2026-08-31 22:42:12.480] [info] Frame 3082 (t = 15.41):	 total squared error = 0.014390542585649126, marker error: RMS = 0.022276121888733104, max = 0.052642363923241335 (LTTC)
[2026-08-31 22:42:12.486] [info] Frame 3083 (t = 15.415):	 total squared error = 0.014380248249118856, marker error: RMS = 0.022268152803498555, max = 0.05261563609291637 (LTTC)
[2026-08-31 22:42:12.495] [info] Frame 3084 (t = 15.42):	 total squared error = 0.014372180343314583, marker error: RMS = 0.022261905256099203, max = 0.052593635636521086 (LTTC)
[2026-08-31 22:42:12.503] [info] Frame 3085 (t = 15.425):	 total squared error = 0.014332708689758639, marker error: RMS = 0.022231314269057695, max = 0.05254215893403431 (LTTC)
[2026-08-31 22:42:12.509] [info] Frame 3086 (t = 15.43):	 total squared error = 0.014347297328486577, marker error: RMS = 0.022242625533813856, max = 0.05251935353602236 (LTTC)
[2026-08-31 22:42:12.515] [info] Frame 3087 (t = 15.435):	 total squared error = 0.014306903605019846, marker error: RMS = 0.022211292254647724, max = 0.05248076147088627 (LTTC)
[2026-08-31 22:42:12.523] [info] Frame 3088 (t = 15.44):	 total squared error = 0.014296693730115306, marker error: RMS = 0.022203365487454673, max = 0.05243982379630763 (LTTC)
[2026-08-31 22:42:12.531] [info] Frame 3089 (t = 15.445):	 total squared error = 0.014281308890493248, marker error: RMS = 0.02219141562087439, max = 0.05239947725389998 (LTTC)
[2026-08-31 22:42:12.538] [info] Frame 3090 (t = 15.45):	 total squared error = 0.014259590002865764, marker error: RMS = 0.02217453494661882, max = 0.05235420444640986 (LTTC)
[2026-08-31 22:42:12.546] [info] Frame 3091 (t = 15.455):	 total squared error = 0.01425136833571763, marker error: RMS = 0.0221681414271718, max = 0.0523247800641977 (LTTC)
[2026-08-31 22:42:12.554] [info] Frame 3092 (t = 15.46):	 total squared error = 0.014236559664449755, marker error: RMS = 0.022156620917871645, max = 0.052286397141271694 (LTTC)
[2026-08-31 22:42:12.566] [info] Frame 3093 (t = 15.465):	 total squared error = 0.014187371631622814, marker error: RMS = 0.02211831167687239, max = 0.05212919876975512 (LTTC)
[2026-08-31 22:42:12.574] [info] Frame 3094 (t = 15.47):	 total squared error = 0.014163667277417661, marker error: RMS = 0.022099826241646196, max = 0.05210236457102002 (LTTC)
[2026-08-31 22:42:12.582] [info] Frame 3095 (t = 15.475):	 total squared error = 0.014163399014081078, marker error: RMS = 0.022099616952587022, max = 0.0520894100456243 (LTTC)
[2026-08-31 22:42:12.589] [info] Frame 3096 (t = 15.48):	 total squared error = 0.014127433816038013, marker error: RMS = 0.022071540277203296, max = 0.05204660020125709 (LTTC)
[2026-08-31 22:42:12.601] [info] Frame 3097 (t = 15.485):	 total squared error = 0.014133284260567614, marker error: RMS = 0.022076109930754224, max = 0.05203591632712226 (LTTC)
[2026-08-31 22:42:12.614] [info] Frame 3098 (t = 15.49):	 total squared error = 0.014115143743824768, marker error: RMS = 0.022061937689483377, max = 0.052002663064867984 (LTTC)
[2026-08-31 22:42:12.623] [info] Frame 3099 (t = 15.495):	 total squared error = 0.014095044773488502, marker error: RMS = 0.02204622477142101, max = 0.05196592384290754 (LTTC)
[2026-08-31 22:42:12.631] [info] Frame 3100 (t = 15.5):	 total squared error = 0.014074412172729152, marker error: RMS = 0.022030083015738174, max = 0.05192657641406951 (LTTC)
[2026-08-31 22:42:12.639] [info] Frame 3101 (t = 15.505):	 total squared error = 0.01405333463690641, marker error: RMS = 0.02201358094677513, max = 0.05188271893966878 (LTTC)
[2026-08-31 22:42:12.648] [info] Frame 3102 (t = 15.51):	 total squared error = 0.01403068267847972, marker error: RMS = 0.021995832425382486, max = 0.05183541174091541 (LTTC)
[2026-08-31 22:42:12.656] [info] Frame 3103 (t = 15.515):	 total squared error = 0.014016112681730865, marker error: RMS = 0.021984408802706353, max = 0.051774511829126034 (LTTC)
[2026-08-31 22:42:12.664] [info] Frame 3104 (t = 15.52):	 total squared error = 0.013982277007953778, marker error: RMS = 0.021957856977239124, max = 0.05172309101727399 (LTTC)
[2026-08-31 22:42:12.672] [info] Frame 3105 (t = 15.525):	 total squared error = 0.013967730780874446, marker error: RMS = 0.02194643226120525, max = 0.05165342580082885 (LTTC)
[2026-08-31 22:42:12.686] [info] Frame 3106 (t = 15.53):	 total squared error = 0.013921669207462206, marker error: RMS = 0.021910215856490486, max = 0.05146551433808208 (LTTC)
[2026-08-31 22:42:12.693] [info] Frame 3107 (t = 15.535):	 total squared error = 0.01385334482681839, marker error: RMS = 0.02185638455354312, max = 0.05138165392308332 (LTTC)
[2026-08-31 22:42:12.701] [info] Frame 3108 (t = 15.54):	 total squared error = 0.013858397722919458, marker error: RMS = 0.02186037016038262, max = 0.05134212097058825 (LTTC)
[2026-08-31 22:42:12.710] [info] Frame 3109 (t = 15.545):	 total squared error = 0.013836672888869167, marker error: RMS = 0.0218432289586571, max = 0.05127306163566046 (LTTC)
[2026-08-31 22:42:12.718] [info] Frame 3110 (t = 15.55):	 total squared error = 0.013813412358873968, marker error: RMS = 0.02182486114730406, max = 0.051195063293965365 (LTTC)
[2026-08-31 22:42:12.726] [info] Frame 3111 (t = 15.555):	 total squared error = 0.013789853571419533, marker error: RMS = 0.02180624204483466, max = 0.05111150587973999 (LTTC)
[2026-08-31 22:42:12.734] [info] Frame 3112 (t = 15.56):	 total squared error = 0.013770233296585091, marker error: RMS = 0.02179072350604099, max = 0.05101616468332742 (LTTC)
[2026-08-31 22:42:12.743] [info] Frame 3113 (t = 15.565):	 total squared error = 0.013741845835428989, marker error: RMS = 0.021768251030935562, max = 0.05090159548072861 (LTTC)
[2026-08-31 22:42:12.752] [info] Frame 3114 (t = 15.57):	 total squared error = 0.013713587666248174, marker error: RMS = 0.021745857842791635, max = 0.050787447430128495 (LTTC)
[2026-08-31 22:42:12.762] [info] Frame 3115 (t = 15.575):	 total squared error = 0.0136603543114411, marker error: RMS = 0.021703610307838662, max = 0.05059987849811005 (LTTC)
[2026-08-31 22:42:12.770] [info] Frame 3116 (t = 15.58):	 total squared error = 0.01362291922539953, marker error: RMS = 0.021673851419593253, max = 0.05047054220985332 (LTTC)
[2026-08-31 22:42:12.778] [info] Frame 3117 (t = 15.585):	 total squared error = 0.013607122305861533, marker error: RMS = 0.021661281448594524, max = 0.05036267306597104 (LTTC)
[2026-08-31 22:42:12.786] [info] Frame 3118 (t = 15.59):	 total squared error = 0.013581159617612585, marker error: RMS = 0.0216406064814088, max = 0.05024016166076602 (LTTC)
[2026-08-31 22:42:12.795] [info] Frame 3119 (t = 15.595):	 total squared error = 0.013564838702106197, marker error: RMS = 0.0216275994667304, max = 0.05011728360277192 (LTTC)
[2026-08-31 22:42:12.805] [info] Frame 3120 (t = 15.6):	 total squared error = 0.01349328253388254, marker error: RMS = 0.021570479934777512, max = 0.04987865419589432 (LTTC)
[2026-08-31 22:42:12.812] [info] Frame 3121 (t = 15.605):	 total squared error = 0.013466002938554964, marker error: RMS = 0.021548664202583147, max = 0.049755014526035805 (LTTC)
[2026-08-31 22:42:12.819] [info] Frame 3122 (t = 15.61):	 total squared error = 0.01345964548367206, marker error: RMS = 0.02154357691595152, max = 0.049659152014245644 (LTTC)
[2026-08-31 22:42:12.828] [info] Frame 3123 (t = 15.615):	 total squared error = 0.013441947424723323, marker error: RMS = 0.021529408455383425, max = 0.04954518850124986 (LTTC)
[2026-08-31 22:42:12.838] [info] Frame 3124 (t = 15.62):	 total squared error = 0.013385673076193122, marker error: RMS = 0.021484295046890225, max = 0.04934728185969776 (LTTC)
[2026-08-31 22:42:12.847] [info] Frame 3125 (t = 15.625):	 total squared error = 0.013354438895657444, marker error: RMS = 0.02145921463972307, max = 0.049207375394575203 (LTTC)
[2026-08-31 22:42:12.853] [info] Frame 3126 (t = 15.63):	 total squared error = 0.01335727955575728, marker error: RMS = 0.021461496843189924, max = 0.04912618503730657 (LTTC)
[2026-08-31 22:42:12.863] [info] Frame 3127 (t = 15.635):	 total squared error = 0.013344803882616623, marker error: RMS = 0.021451472003681034, max = 0.04902745525861127 (LTTC)
[2026-08-31 22:42:12.878] [info] Frame 3128 (t = 15.64):	 total squared error = 0.013288679086942912, marker error: RMS = 0.021406314800611035, max = 0.0488210193621564 (LTTC)
[2026-08-31 22:42:12.885] [info] Frame 3129 (t = 15.645):	 total squared error = 0.01327749935372886, marker error: RMS = 0.02139730836579674, max = 0.04873884972810755 (LTTC)
[2026-08-31 22:42:12.895] [info] Frame 3130 (t = 15.65):	 total squared error = 0.013266810610332646, marker error: RMS = 0.021388693927926153, max = 0.048651724960282305 (LTTC)
[2026-08-31 22:42:12.903] [info] Frame 3131 (t = 15.655):	 total squared error = 0.01325396532036601, marker error: RMS = 0.021378336860223078, max = 0.04857239745629749 (LTTC)
[2026-08-31 22:42:12.916] [info] Frame 3132 (t = 15.66):	 total squared error = 0.013205094451452888, marker error: RMS = 0.021338886675102295, max = 0.04839591643783482 (LTTC)
[2026-08-31 22:42:12.928] [info] Frame 3133 (t = 15.665):	 total squared error = 0.013198219496691008, marker error: RMS = 0.021333331130587087, max = 0.048316581172663436 (LTTC)
[2026-08-31 22:42:12.937] [info] Frame 3134 (t = 15.67):	 total squared error = 0.013184214864550648, marker error: RMS = 0.021322009726515195, max = 0.04826315173325648 (LTTC)
[2026-08-31 22:42:12.947] [info] Frame 3135 (t = 15.675):	 total squared error = 0.013160099581141657, marker error: RMS = 0.02130250072833579, max = 0.0481462619654953 (LTTC)
[2026-08-31 22:42:12.955] [info] Frame 3136 (t = 15.68):	 total squared error = 0.0131453918107748, marker error: RMS = 0.021290593528254163, max = 0.04810315514857102 (LTTC)
[2026-08-31 22:42:12.964] [info] Frame 3137 (t = 15.685):	 total squared error = 0.013131082381859636, marker error: RMS = 0.021279002424974165, max = 0.048051439405920986 (LTTC)
[2026-08-31 22:42:12.980] [info] Frame 3138 (t = 15.69):	 total squared error = 0.013066604536346511, marker error: RMS = 0.021226694754926997, max = 0.047817028714786554 (LTTC)
[2026-08-31 22:42:12.989] [info] Frame 3139 (t = 15.695):	 total squared error = 0.013065057810368146, marker error: RMS = 0.021225438389825563, max = 0.04780642843084241 (LTTC)
[2026-08-31 22:42:12.996] [info] Frame 3140 (t = 15.7):	 total squared error = 0.013063731780680429, marker error: RMS = 0.02122436123134535, max = 0.047800386398150874 (LTTC)
[2026-08-31 22:42:13.009] [info] Frame 3141 (t = 15.705):	 total squared error = 0.012999910169895249, marker error: RMS = 0.021172452963205433, max = 0.04764183629110005 (LTTC)
[2026-08-31 22:42:13.015] [info] Frame 3142 (t = 15.71):	 total squared error = 0.012974521121266987, marker error: RMS = 0.021151767775854792, max = 0.04753304225118954 (LTTC)
[2026-08-31 22:42:13.026] [info] Frame 3143 (t = 15.715):	 total squared error = 0.012946287779721108, marker error: RMS = 0.02112874148031792, max = 0.04748019781352208 (LTTC)
[2026-08-31 22:42:13.032] [info] Frame 3144 (t = 15.72):	 total squared error = 0.012919233783104937, marker error: RMS = 0.021106653455890793, max = 0.04736409382513315 (LTTC)
[2026-08-31 22:42:13.039] [info] Frame 3145 (t = 15.725):	 total squared error = 0.012899111376831354, marker error: RMS = 0.021090209672468108, max = 0.04733650844392631 (LTTC)
[2026-08-31 22:42:13.050] [info] Frame 3146 (t = 15.73):	 total squared error = 0.012850774317962908, marker error: RMS = 0.021050656733111028, max = 0.04720581090978359 (LTTC)
[2026-08-31 22:42:13.057] [info] Frame 3147 (t = 15.735):	 total squared error = 0.012799135980981344, marker error: RMS = 0.02100832017524399, max = 0.04705497942726699 (LTTC)
[2026-08-31 22:42:13.070] [info] Frame 3148 (t = 15.74):	 total squared error = 0.012752583547836892, marker error: RMS = 0.020970080120739587, max = 0.04694026455020345 (LTTC)
[2026-08-31 22:42:13.077] [info] Frame 3149 (t = 15.745):	 total squared error = 0.012715028429045183, marker error: RMS = 0.020939179930789358, max = 0.04682458822450501 (LTTC)
[2026-08-31 22:42:13.085] [info] Frame 3150 (t = 15.75):	 total squared error = 0.012682089097861341, marker error: RMS = 0.020912040004926167, max = 0.04670251967639979 (LTTC)
[2026-08-31 22:42:13.096] [info] Frame 3151 (t = 15.755):	 total squared error = 0.012639106572821697, marker error: RMS = 0.020876572063722114, max = 0.04661912754352907 (LTTC)
[2026-08-31 22:42:13.104] [info] Frame 3152 (t = 15.76):	 total squared error = 0.012568850455547663, marker error: RMS = 0.02081846863720277, max = 0.04642846192898227 (LTTC)
[2026-08-31 22:42:13.117] [info] Frame 3153 (t = 15.765):	 total squared error = 0.012496014640912566, marker error: RMS = 0.020758060039011157, max = 0.04623417728139328 (LTTC)
[2026-08-31 22:42:13.126] [info] Frame 3154 (t = 15.77):	 total squared error = 0.012432804307463506, marker error: RMS = 0.020705491781470315, max = 0.046034395145410155 (LTTC)
[2026-08-31 22:42:13.136] [info] Frame 3155 (t = 15.775):	 total squared error = 0.01235817438644651, marker error: RMS = 0.020643254209552923, max = 0.04584317544874036 (LTTC)
[2026-08-31 22:42:13.146] [info] Frame 3156 (t = 15.78):	 total squared error = 0.012308869778604684, marker error: RMS = 0.02060203352752167, max = 0.04566863631768996 (LTTC)
[2026-08-31 22:42:13.154] [info] Frame 3157 (t = 15.785):	 total squared error = 0.012248990091283326, marker error: RMS = 0.02055186046724097, max = 0.04550648473633944 (LTTC)
[2026-08-31 22:42:13.167] [info] Frame 3158 (t = 15.79):	 total squared error = 0.012159834543043173, marker error: RMS = 0.02047692944304106, max = 0.045251271785255606 (LTTC)
[2026-08-31 22:42:13.181] [info] Frame 3159 (t = 15.795):	 total squared error = 0.012087672077652727, marker error: RMS = 0.020416078921765297, max = 0.0450365100083337 (LTTC)
[2026-08-31 22:42:13.192] [info] Frame 3160 (t = 15.8):	 total squared error = 0.012026908550626951, marker error: RMS = 0.020364699470023555, max = 0.04483165816620286 (LTTC)
[2026-08-31 22:42:13.203] [info] Frame 3161 (t = 15.805):	 total squared error = 0.01195359431451436, marker error: RMS = 0.02030253450673208, max = 0.04461214495264537 (LTTC)
[2026-08-31 22:42:13.217] [info] Frame 3162 (t = 15.81):	 total squared error = 0.011864242252202725, marker error: RMS = 0.020226512348897274, max = 0.04436657462115809 (LTTC)
[2026-08-31 22:42:13.228] [info] Frame 3163 (t = 15.815):	 total squared error = 0.011803444061600638, marker error: RMS = 0.020174620503716732, max = 0.04416304541044588 (LTTC)
[2026-08-31 22:42:13.239] [info] Frame 3164 (t = 15.82):	 total squared error = 0.011725030612031503, marker error: RMS = 0.020107496124950004, max = 0.04393642316092686 (LTTC)
[2026-08-31 22:42:13.249] [info] Frame 3165 (t = 15.825):	 total squared error = 0.0116456073533328, marker error: RMS = 0.020039278114650325, max = 0.04368665643065236 (LTTC)
[2026-08-31 22:42:13.265] [info] Frame 3166 (t = 15.83):	 total squared error = 0.011555060663342715, marker error: RMS = 0.01996122159842611, max = 0.04344544122089808 (LTTC)
[2026-08-31 22:42:13.274] [info] Frame 3167 (t = 15.835):	 total squared error = 0.011480499534593569, marker error: RMS = 0.01989671566606735, max = 0.043174557829441934 (LTTC)
[2026-08-31 22:42:13.288] [info] Frame 3168 (t = 15.84):	 total squared error = 0.011398742453887934, marker error: RMS = 0.019825742977674893, max = 0.04296276780971061 (LTTC)
[2026-08-31 22:42:13.300] [info] Frame 3169 (t = 15.845):	 total squared error = 0.011322479163612323, marker error: RMS = 0.019759309602985418, max = 0.04272794523394192 (LTTC)
[2026-08-31 22:42:13.315] [info] Frame 3170 (t = 15.85):	 total squared error = 0.01124163331719727, marker error: RMS = 0.01968863957157061, max = 0.042486657466310994 (LTTC)
[2026-08-31 22:42:13.322] [info] Frame 3171 (t = 15.855):	 total squared error = 0.011151418072303557, marker error: RMS = 0.019609478770881185, max = 0.042169025237344684 (LTTC)
[2026-08-31 22:42:13.332] [info] Frame 3172 (t = 15.86):	 total squared error = 0.011084683888262292, marker error: RMS = 0.01955071555993786, max = 0.04195498731296563 (LTTC)
[2026-08-31 22:42:13.349] [info] Frame 3173 (t = 15.865):	 total squared error = 0.010976920514458815, marker error: RMS = 0.019455449120968138, max = 0.04170028840772556 (LTTC)
[2026-08-31 22:42:13.356] [info] Frame 3174 (t = 15.87):	 total squared error = 0.010892336279174445, marker error: RMS = 0.01938034578458685, max = 0.0413915730389058 (LTTC)
[2026-08-31 22:42:13.371] [info] Frame 3175 (t = 15.875):	 total squared error = 0.010801996914068919, marker error: RMS = 0.01929980964178852, max = 0.04117705941864156 (LTTC)
[2026-08-31 22:42:13.379] [info] Frame 3176 (t = 15.88):	 total squared error = 0.010711267070692435, marker error: RMS = 0.01921858571592688, max = 0.0408373640842641 (LTTC)
[2026-08-31 22:42:13.389] [info] Frame 3177 (t = 15.885):	 total squared error = 0.010648207435574453, marker error: RMS = 0.019161930141401377, max = 0.04061776655654029 (LTTC)
[2026-08-31 22:42:13.405] [info] Frame 3178 (t = 15.89):	 total squared error = 0.010548606960547003, marker error: RMS = 0.019072101814038983, max = 0.04039792135490289 (LTTC)
[2026-08-31 22:42:13.415] [info] Frame 3179 (t = 15.895):	 total squared error = 0.010440584346997493, marker error: RMS = 0.01897419694997565, max = 0.040008301606117805 (LTTC)
[2026-08-31 22:42:13.422] [info] Frame 3180 (t = 15.9):	 total squared error = 0.010358832537351786, marker error: RMS = 0.018899765130224445, max = 0.03967295422517134 (LTTC)
[2026-08-31 22:42:13.430] [info] Frame 3181 (t = 15.905):	 total squared error = 0.010260800497522388, marker error: RMS = 0.018810122456037248, max = 0.039401543487830835 (LTTC)
[2026-08-31 22:42:13.444] [info] Frame 3182 (t = 15.91):	 total squared error = 0.010104860020807835, marker error: RMS = 0.018666640002779653, max = 0.039111536342488755 (LTTC)
[2026-08-31 22:42:13.459] [info] Frame 3183 (t = 15.915):	 total squared error = 0.010029249693770762, marker error: RMS = 0.018596671646746974, max = 0.03880438921588977 (LTTC)
[2026-08-31 22:42:13.475] [info] Frame 3184 (t = 15.92):	 total squared error = 0.009913001105380393, marker error: RMS = 0.0184885809169731, max = 0.03848175274812753 (LTTC)
[2026-08-31 22:42:13.484] [info] Frame 3185 (t = 15.925):	 total squared error = 0.009782798375793173, marker error: RMS = 0.018366760057978403, max = 0.03804466099872416 (LTTC)
[2026-08-31 22:42:13.498] [info] Frame 3186 (t = 15.93):	 total squared error = 0.00972009310639148, marker error: RMS = 0.01830780228094915, max = 0.03786559498946457 (LTTC)
[2026-08-31 22:42:13.511] [info] Frame 3187 (t = 15.935):	 total squared error = 0.009573721182534356, marker error: RMS = 0.018169433580580208, max = 0.0374528704474935 (LTTC)
[2026-08-31 22:42:13.520] [info] Frame 3188 (t = 15.94):	 total squared error = 0.009440353171102069, marker error: RMS = 0.01804243386279065, max = 0.03693915185088681 (LTTC)
[2026-08-31 22:42:13.535] [info] Frame 3189 (t = 15.945):	 total squared error = 0.009317199328834382, marker error: RMS = 0.01792436150821132, max = 0.03670646291861489 (LTTC)
[2026-08-31 22:42:13.549] [info] Frame 3190 (t = 15.95):	 total squared error = 0.009202672738561863, marker error: RMS = 0.01781385816461526, max = 0.03640198601182 (LTTC)
[2026-08-31 22:42:13.562] [info] Frame 3191 (t = 15.955):	 total squared error = 0.009065734485954564, marker error: RMS = 0.017680823906097622, max = 0.03581301795061488 (LTTC)
[2026-08-31 22:42:13.575] [info] Frame 3192 (t = 15.96):	 total squared error = 0.008960260328956726, marker error: RMS = 0.01757767032635315, max = 0.035478636981470184 (LTTC)
[2026-08-31 22:42:13.585] [info] Frame 3193 (t = 15.965):	 total squared error = 0.008832791162699478, marker error: RMS = 0.01745219200015651, max = 0.0349342295239621 (LTTC)
[2026-08-31 22:42:13.603] [info] Frame 3194 (t = 15.97):	 total squared error = 0.00872272328094813, marker error: RMS = 0.017343112794766816, max = 0.03478399271745138 (LTTC)
[2026-08-31 22:42:13.619] [info] Frame 3195 (t = 15.975):	 total squared error = 0.008559557347605447, marker error: RMS = 0.017180138239182744, max = 0.03428798826523059 (LTTC)
[2026-08-31 22:42:13.633] [info] Frame 3196 (t = 15.98):	 total squared error = 0.008403613425940686, marker error: RMS = 0.017022919059559074, max = 0.0338330169729217 (LTTC)
[2026-08-31 22:42:13.643] [info] Frame 3197 (t = 15.985):	 total squared error = 0.008268022176474725, marker error: RMS = 0.016885029256175042, max = 0.03323815127321466 (LTTC)
[2026-08-31 22:42:13.657] [info] Frame 3198 (t = 15.99):	 total squared error = 0.008133151503052114, marker error: RMS = 0.01674674595571466, max = 0.032972318773803896 (LTTC)
[2026-08-31 22:42:13.670] [info] Frame 3199 (t = 15.995):	 total squared error = 0.008022480140458307, marker error: RMS = 0.01663241552579481, max = 0.03251925300290616 (LTTC)
[2026-08-31 22:42:13.678] [info] Frame 3200 (t = 16):	 total squared error = 0.007881540086264939, marker error: RMS = 0.016485667846768096, max = 0.03187408633825735 (LTTC)
[2026-08-31 22:42:13.694] [info] Frame 3201 (t = 16.005):	 total squared error = 0.00773146916942411, marker error: RMS = 0.016327963288559767, max = 0.031624791711089686 (LTTC)
[2026-08-31 22:42:13.710] [info] Frame 3202 (t = 16.01):	 total squared error = 0.007606198050902288, marker error: RMS = 0.016195144068838156, max = 0.03116337008149087 (LTTC)
[2026-08-31 22:42:13.725] [info] Frame 3203 (t = 16.015):	 total squared error = 0.007467114828945108, marker error: RMS = 0.016046392686192325, max = 0.030714835136072642 (LTTC)
[2026-08-31 22:42:13.738] [info] Frame 3204 (t = 16.02):	 total squared error = 0.007351656953588141, marker error: RMS = 0.01592185329013851, max = 0.03024136308333935 (LTTC)
[2026-08-31 22:42:13.755] [info] Frame 3205 (t = 16.025):	 total squared error = 0.007218830122355629, marker error: RMS = 0.015777362790813702, max = 0.029844788914456258 (LTTC)
[2026-08-31 22:42:13.772] [info] Frame 3206 (t = 16.03):	 total squared error = 0.007084022729410849, marker error: RMS = 0.015629352060842237, max = 0.0292741043105906 (LTTC)
[2026-08-31 22:42:13.784] [info] Frame 3207 (t = 16.035):	 total squared error = 0.00696379702787139, marker error: RMS = 0.015496158620624827, max = 0.02873438452346261 (LTTC)
[2026-08-31 22:42:13.799] [info] Frame 3208 (t = 16.04):	 total squared error = 0.006850969926968019, marker error: RMS = 0.015370111981024798, max = 0.028241090262848746 (LTTC)
[2026-08-31 22:42:13.812] [info] Frame 3209 (t = 16.045):	 total squared error = 0.006766531759435617, marker error: RMS = 0.015275100044184616, max = 0.027625550597948613 (LTTC)
[2026-08-31 22:42:13.828] [info] Frame 3210 (t = 16.05):	 total squared error = 0.0065887939013452934, marker error: RMS = 0.015073147969205433, max = 0.027467410699757673 (LTTC)
[2026-08-31 22:42:13.838] [info] Frame 3211 (t = 16.055):	 total squared error = 0.006490744956185974, marker error: RMS = 0.01496057457428089, max = 0.026880253041268513 (LTTC)
[2026-08-31 22:42:13.850] [info] Frame 3212 (t = 16.06):	 total squared error = 0.006395991522479512, marker error: RMS = 0.014850974103055945, max = 0.02634850408508673 (LTTC)
[2026-08-31 22:42:13.867] [info] Frame 3213 (t = 16.065):	 total squared error = 0.006226414517974273, marker error: RMS = 0.014652779562105771, max = 0.026149769875394087 (LTTC)
[2026-08-31 22:42:13.876] [info] Frame 3214 (t = 16.07):	 total squared error = 0.006124944147904724, marker error: RMS = 0.014532892713338397, max = 0.025670297727251084 (LFM1)
[2026-08-31 22:42:13.888] [info] Frame 3215 (t = 16.075):	 total squared error = 0.00604269231892079, marker error: RMS = 0.014434981837620754, max = 0.02565535969877775 (LFM1)
[2026-08-31 22:42:13.898] [info] Frame 3216 (t = 16.08):	 total squared error = 0.0059358601450566935, marker error: RMS = 0.014306810706379037, max = 0.025569521840300685 (LFM1)
[2026-08-31 22:42:13.912] [info] Frame 3217 (t = 16.085):	 total squared error = 0.005772481504754468, marker error: RMS = 0.014108546571877762, max = 0.025145729457165106 (LFM1)
[2026-08-31 22:42:13.924] [info] Frame 3218 (t = 16.09):	 total squared error = 0.005683110488621409, marker error: RMS = 0.013998904499775748, max = 0.024991502679611893 (LFM1)
[2026-08-31 22:42:13.935] [info] Frame 3219 (t = 16.095):	 total squared error = 0.005595396643522944, marker error: RMS = 0.013890453982704049, max = 0.024914102406378882 (LFM1)
[2026-08-31 22:42:13.947] [info] Frame 3220 (t = 16.1):	 total squared error = 0.0054945249262828635, marker error: RMS = 0.013764678592992087, max = 0.02484586704260288 (LFM1)
[2026-08-31 22:42:13.965] [info] Frame 3221 (t = 16.105):	 total squared error = 0.005343301226578073, marker error: RMS = 0.013573937027764887, max = 0.024289610839584436 (LFM1)
[2026-08-31 22:42:13.981] [info] Frame 3222 (t = 16.11):	 total squared error = 0.005241629199990811, marker error: RMS = 0.013444174741591309, max = 0.02415261146735794 (LFM1)
[2026-08-31 22:42:13.993] [info] Frame 3223 (t = 16.115):	 total squared error = 0.005154086878881392, marker error: RMS = 0.013331434047188276, max = 0.024128166192204627 (LFM1)
[2026-08-31 22:42:14.004] [info] Frame 3224 (t = 16.12):	 total squared error = 0.005070815786469121, marker error: RMS = 0.013223302037494163, max = 0.02411155842668285 (LFM1)
[2026-08-31 22:42:14.021] [info] Frame 3225 (t = 16.125):	 total squared error = 0.004925467572021097, marker error: RMS = 0.01303240996055748, max = 0.02360716596195827 (LFM1)
[2026-08-31 22:42:14.033] [info] Frame 3226 (t = 16.13):	 total squared error = 0.004834781978726895, marker error: RMS = 0.012911879024994768, max = 0.023505757439379084 (LFM1)
[2026-08-31 22:42:14.043] [info] Frame 3227 (t = 16.135):	 total squared error = 0.004746782191710983, marker error: RMS = 0.012793832285197348, max = 0.02348904417435926 (LFM1)
[2026-08-31 22:42:14.053] [info] Frame 3228 (t = 16.14):	 total squared error = 0.004658801121507677, marker error: RMS = 0.012674711615447014, max = 0.02341696847028307 (LFM1)
[2026-08-31 22:42:14.070] [info] Frame 3229 (t = 16.145):	 total squared error = 0.004515523562443804, marker error: RMS = 0.012478289508173238, max = 0.022891282975139912 (LFM1)
[2026-08-31 22:42:14.082] [info] Frame 3230 (t = 16.15):	 total squared error = 0.004430442420887417, marker error: RMS = 0.012360172999692387, max = 0.022822858207637665 (LFM1)
[2026-08-31 22:42:14.093] [info] Frame 3231 (t = 16.155):	 total squared error = 0.004342046764115658, marker error: RMS = 0.012236247402155077, max = 0.02271290160037508 (LFM1)
[2026-08-31 22:42:14.102] [info] Frame 3232 (t = 16.16):	 total squared error = 0.004259801748995122, marker error: RMS = 0.012119806742790513, max = 0.02271741494117105 (LFM1)
[2026-08-31 22:42:14.116] [info] Frame 3233 (t = 16.165):	 total squared error = 0.004115114742515925, marker error: RMS = 0.01191219997996248, max = 0.022057846331053732 (LFM1)
[2026-08-31 22:42:14.127] [info] Frame 3234 (t = 16.17):	 total squared error = 0.004029612943524398, marker error: RMS = 0.011787797523980405, max = 0.02205497242655266 (LFM1)
[2026-08-31 22:42:14.144] [info] Frame 3235 (t = 16.175):	 total squared error = 0.003919030900427674, marker error: RMS = 0.011624929959637242, max = 0.02165337907341445 (LFM1)
[2026-08-31 22:42:14.154] [info] Frame 3236 (t = 16.18):	 total squared error = 0.003842458076106603, marker error: RMS = 0.011510801637961778, max = 0.02164334732325871 (LFM1)
[2026-08-31 22:42:14.167] [info] Frame 3237 (t = 16.185):	 total squared error = 0.0037354041914130056, marker error: RMS = 0.011349318970017853, max = 0.021321331968967645 (LFM1)
[2026-08-31 22:42:14.178] [info] Frame 3238 (t = 16.19):	 total squared error = 0.0036588372322770807, marker error: RMS = 0.011232399615086831, max = 0.021286019366575867 (LFM1)
[2026-08-31 22:42:14.188] [info] Frame 3239 (t = 16.195):	 total squared error = 0.0035813147430984182, marker error: RMS = 0.011112767964417323, max = 0.021233663733388336 (LFM1)
[2026-08-31 22:42:14.199] [info] Frame 3240 (t = 16.2):	 total squared error = 0.003506483321668003, marker error: RMS = 0.01099605465558224, max = 0.021181524898399258 (LFM1)
[2026-08-31 22:42:14.217] [info] Frame 3241 (t = 16.205):	 total squared error = 0.0033650960964799873, marker error: RMS = 0.010772084126590564, max = 0.02044617371870112 (LFM1)
[2026-08-31 22:42:14.228] [info] Frame 3242 (t = 16.21):	 total squared error = 0.003298219682645876, marker error: RMS = 0.010664507170736272, max = 0.02048224426714174 (LFM1)
[2026-08-31 22:42:14.238] [info] Frame 3243 (t = 16.215):	 total squared error = 0.0032270604348067712, marker error: RMS = 0.010548836240449451, max = 0.020374114202640216 (LFM1)
[2026-08-31 22:42:14.247] [info] Frame 3244 (t = 16.22):	 total squared error = 0.00316237729770325, marker error: RMS = 0.010442580764554805, max = 0.02036366668887652 (LFM1)
[2026-08-31 22:42:14.263] [info] Frame 3245 (t = 16.225):	 total squared error = 0.0030276490118289158, marker error: RMS = 0.010217714522488191, max = 0.0196186723395633 (LFM1)
[2026-08-31 22:42:14.272] [info] Frame 3246 (t = 16.23):	 total squared error = 0.002962623373821608, marker error: RMS = 0.010107394653594155, max = 0.019599734446944208 (LFM1)
[2026-08-31 22:42:14.289] [info] Frame 3247 (t = 16.235):	 total squared error = 0.0028699282313806, marker error: RMS = 0.00994801701151541, max = 0.019200130579574447 (LFM1)
[2026-08-31 22:42:14.300] [info] Frame 3248 (t = 16.24):	 total squared error = 0.0028086891609722135, marker error: RMS = 0.009841308367201597, max = 0.01917995892520327 (LFM1)
[2026-08-31 22:42:14.313] [info] Frame 3249 (t = 16.245):	 total squared error = 0.0027495363338876813, marker error: RMS = 0.009737124715246532, max = 0.019113979620315708 (LFM1)
[2026-08-31 22:42:14.323] [info] Frame 3250 (t = 16.25):	 total squared error = 0.0026915775953238745, marker error: RMS = 0.00963395144934878, max = 0.01904844583595714 (LFM1)
[2026-08-31 22:42:14.338] [info] Frame 3251 (t = 16.255):	 total squared error = 0.0025838495876455442, marker error: RMS = 0.009439187552059223, max = 0.01852374934977983 (LFM1)
[2026-08-31 22:42:14.349] [info] Frame 3252 (t = 16.26):	 total squared error = 0.0025263268504569776, marker error: RMS = 0.009333526610090908, max = 0.018477044043821007 (LFM1)
[2026-08-31 22:42:14.366] [info] Frame 3253 (t = 16.265):	 total squared error = 0.0024444408731375245, marker error: RMS = 0.009181016533638807, max = 0.018107995234374872 (LFM1)
[2026-08-31 22:42:14.377] [info] Frame 3254 (t = 16.27):	 total squared error = 0.0023892619113777187, marker error: RMS = 0.009076802397961822, max = 0.018014197832079033 (LFM1)
[2026-08-31 22:42:14.397] [info] Frame 3255 (t = 16.275):	 total squared error = 0.002310551042568693, marker error: RMS = 0.0089260390925471, max = 0.017614801305595708 (LFM1)
[2026-08-31 22:42:14.410] [info] Frame 3256 (t = 16.28):	 total squared error = 0.002255639767858463, marker error: RMS = 0.008819335669441992, max = 0.017534705079045726 (LFM1)
[2026-08-31 22:42:14.423] [info] Frame 3257 (t = 16.285):	 total squared error = 0.0021896500281116454, marker error: RMS = 0.008689371288140482, max = 0.017357146532641428 (LFM1)
[2026-08-31 22:42:14.442] [info] Frame 3258 (t = 16.29):	 total squared error = 0.002124169409234126, marker error: RMS = 0.008558459032330138, max = 0.017086975006449907 (LFM1)
[2026-08-31 22:42:14.454] [info] Frame 3259 (t = 16.295):	 total squared error = 0.002070969789932634, marker error: RMS = 0.008450606568583546, max = 0.016957591839826033 (LFM1)
[2026-08-31 22:42:14.470] [info] Frame 3260 (t = 16.3):	 total squared error = 0.0020055098881814784, marker error: RMS = 0.008315979400261176, max = 0.01670916932333865 (LFM1)
[2026-08-31 22:42:14.482] [info] Frame 3261 (t = 16.305):	 total squared error = 0.00195288980036441, marker error: RMS = 0.008206157907253112, max = 0.01657193009798326 (LFM1)
[2026-08-31 22:42:14.501] [info] Frame 3262 (t = 16.31):	 total squared error = 0.0018863238955543363, marker error: RMS = 0.008065088441600574, max = 0.01624243419249549 (LFM1)
[2026-08-31 22:42:14.519] [info] Frame 3263 (t = 16.315):	 total squared error = 0.0018309877558439812, marker error: RMS = 0.007945911453207005, max = 0.016047895448704334 (LFM1)
[2026-08-31 22:42:14.533] [info] Frame 3264 (t = 16.32):	 total squared error = 0.0017745818532722247, marker error: RMS = 0.007822562093012892, max = 0.015831125097432997 (LFM1)
[2026-08-31 22:42:14.548] [info] Frame 3265 (t = 16.325):	 total squared error = 0.001717983348367608, marker error: RMS = 0.007696804864105911, max = 0.015607448516463505 (LFM1)
[2026-08-31 22:42:14.567] [info] Frame 3266 (t = 16.33):	 total squared error = 0.0016563721760212158, marker error: RMS = 0.007557531470775762, max = 0.015261944970128971 (LFM1)
[2026-08-31 22:42:14.587] [info] Frame 3267 (t = 16.335):	 total squared error = 0.001599856544656144, marker error: RMS = 0.007427480532260479, max = 0.014994034488893042 (LFM1)
[2026-08-31 22:42:14.609] [info] Frame 3268 (t = 16.34):	 total squared error = 0.0015436622104915533, marker error: RMS = 0.00729587084564005, max = 0.01470656793672427 (LFM1)
[2026-08-31 22:42:14.629] [info] Frame 3269 (t = 16.345):	 total squared error = 0.0014883264395959845, marker error: RMS = 0.0071639096424633095, max = 0.014423078718921617 (LFM1)
[2026-08-31 22:42:14.650] [info] Frame 3270 (t = 16.35):	 total squared error = 0.0014339950002238316, marker error: RMS = 0.0070319345457700464, max = 0.014139031426610018 (LFM1)
[2026-08-31 22:42:14.666] [info] Frame 3271 (t = 16.355):	 total squared error = 0.0013885936008031878, marker error: RMS = 0.0069197209451487725, max = 0.013969351202123224 (LFM1)
[2026-08-31 22:42:14.692] [info] Frame 3272 (t = 16.36):	 total squared error = 0.0013320603863211965, marker error: RMS = 0.006777397492378356, max = 0.013675909301927755 (LFM1)
[2026-08-31 22:42:14.715] [info] Frame 3273 (t = 16.365):	 total squared error = 0.0012763142601123023, marker error: RMS = 0.006634066366535432, max = 0.013203027406290271 (LFM1)
[2026-08-31 22:42:14.732] [info] Frame 3274 (t = 16.37):	 total squared error = 0.001239697594526969, marker error: RMS = 0.0065382102225856175, max = 0.0130702137873013 (LFM1)
[2026-08-31 22:42:14.752] [info] Frame 3275 (t = 16.375):	 total squared error = 0.001179181395541125, marker error: RMS = 0.006376631354598805, max = 0.012588290218772107 (LFM1)
[2026-08-31 22:42:14.769] [info] Frame 3276 (t = 16.38):	 total squared error = 0.00113359129547284, marker error: RMS = 0.006252148032181006, max = 0.01234382617144434 (LFM1)
[2026-08-31 22:42:14.788] [info] Frame 3277 (t = 16.385):	 total squared error = 0.0010897652296628973, marker error: RMS = 0.006130098805703389, max = 0.01196790954446666 (LFM1)
[2026-08-31 22:42:14.808] [info] Frame 3278 (t = 16.39):	 total squared error = 0.0010496478811233393, marker error: RMS = 0.006016207652790457, max = 0.011732411762597815 (LFM1)
[2026-08-31 22:42:14.822] [info] Frame 3279 (t = 16.395):	 total squared error = 0.0010173176254503465, marker error: RMS = 0.005922830245666126, max = 0.011544892473010984 (LFM1)
[2026-08-31 22:42:14.839] [info] Frame 3280 (t = 16.4):	 total squared error = 0.0009776423820355216, marker error: RMS = 0.005806186896499884, max = 0.011242628610643743 (LFM1)
[2026-08-31 22:42:14.848] [info] InverseKinematicsTool completed 721 frames in 6 second(s).
[2026-08-31 22:42:15.435] [info] Loaded model AB03_ik from file C:\Users\edgar\Documents\GitHub\WR26\IK\solution\results\Model_ik.osim
[2026-08-31 22:42:15.637] [cout] [info] 
               MODEL: AB03_ik
         coordinates: 42
              forces: 0
           actuators: 0
             muscles: 0
            analyses: 0
              probes: 0
              bodies: 23
              joints: 23
         constraints: 2
             markers: 57
         controllers: 0
  contact geometries: 0
misc modelcomponents: 0
[2026-08-31 22:42:15.637] [info] Running tool .
[2026-08-31 22:42:16.059] [info] Frame 0 (t = 0):	 total squared error = 0.0007727088195612442, marker error: RMS = 0.005161892260499866, max = 0.011581431132626578 (LTH)
[2026-08-31 22:42:16.072] [info] Frame 1 (t = 0.005):	 total squared error = 0.0007868450313744476, marker error: RMS = 0.005208895016102173, max = 0.011703231022720572 (LTH)
[2026-08-31 22:42:16.085] [info] Frame 2 (t = 0.01):	 total squared error = 0.0008040627561698876, marker error: RMS = 0.005265577075391896, max = 0.011838992700164617 (LTH)
[2026-08-31 22:42:16.104] [info] Frame 3 (t = 0.015):	 total squared error = 0.0008096823335012267, marker error: RMS = 0.0052839455396095384, max = 0.011491028497956607 (LTH)
[2026-08-31 22:42:16.115] [info] Frame 4 (t = 0.02):	 total squared error = 0.000824308002752268, marker error: RMS = 0.005331455137953356, max = 0.01159940911871878 (LTH)
[2026-08-31 22:42:16.127] [info] Frame 5 (t = 0.025):	 total squared error = 0.0008447248581131539, marker error: RMS = 0.005397077300096063, max = 0.011737465617615775 (LTH)
[2026-08-31 22:42:16.147] [info] Frame 6 (t = 0.03):	 total squared error = 0.0008501140897329574, marker error: RMS = 0.005414266243574366, max = 0.011339142241068757 (LTH)
[2026-08-31 22:42:16.163] [info] Frame 7 (t = 0.035):	 total squared error = 0.0008631987016978828, marker error: RMS = 0.0054557742321636425, max = 0.011322166949975765 (LTH)
[2026-08-31 22:42:16.176] [info] Frame 8 (t = 0.04):	 total squared error = 0.0008803223765986164, marker error: RMS = 0.005509622856479556, max = 0.0112772094927362 (LTH)
[2026-08-31 22:42:16.187] [info] Frame 9 (t = 0.045):	 total squared error = 0.0009033529554199718, marker error: RMS = 0.005581227634762222, max = 0.011501567142947975 (LTH)
[2026-08-31 22:42:16.211] [info] Frame 10 (t = 0.05):	 total squared error = 0.000909393458060818, marker error: RMS = 0.0055998567040189025, max = 0.011126699319341005 (LTH)
[2026-08-31 22:42:16.226] [info] Frame 11 (t = 0.055):	 total squared error = 0.0009294096997532951, marker error: RMS = 0.0056611492063290934, max = 0.011048736775407506 (LTH)
[2026-08-31 22:42:16.242] [info] Frame 12 (t = 0.06):	 total squared error = 0.0009500699108253607, marker error: RMS = 0.0057237253085530805, max = 0.011321926744160313 (LFM1)
[2026-08-31 22:42:16.259] [info] Frame 13 (t = 0.065):	 total squared error = 0.0009713908918297234, marker error: RMS = 0.005787593424671502, max = 0.011600908489729462 (LFM1)
[2026-08-31 22:42:16.271] [info] Frame 14 (t = 0.07):	 total squared error = 0.0010014173182192562, marker error: RMS = 0.005876362111266882, max = 0.011617158381926335 (LFM1)
[2026-08-31 22:42:16.287] [info] Frame 15 (t = 0.075):	 total squared error = 0.0010134760566554506, marker error: RMS = 0.005911636848580797, max = 0.01210716670179979 (LFM1)
[2026-08-31 22:42:16.301] [info] Frame 16 (t = 0.08):	 total squared error = 0.0010385498444644768, marker error: RMS = 0.005984318140124515, max = 0.012200006696246019 (LFM1)
[2026-08-31 22:42:16.318] [info] Frame 17 (t = 0.085):	 total squared error = 0.0010601539168303667, marker error: RMS = 0.0060462411145140605, max = 0.012631366274995377 (LFM1)
[2026-08-31 22:42:16.335] [info] Frame 18 (t = 0.09):	 total squared error = 0.001082636482213952, marker error: RMS = 0.006110015752036673, max = 0.012861898991144479 (LFM1)
[2026-08-31 22:42:16.348] [info] Frame 19 (t = 0.095):	 total squared error = 0.0011103796169816761, marker error: RMS = 0.006187806744696619, max = 0.012918234229976306 (LFM1)
[2026-08-31 22:42:16.364] [info] Frame 20 (t = 0.1):	 total squared error = 0.0011370718776507749, marker error: RMS = 0.0062617389830147046, max = 0.013415715613448913 (LFM1)
[2026-08-31 22:42:16.378] [info] Frame 21 (t = 0.105):	 total squared error = 0.0011681174235022443, marker error: RMS = 0.006346645661705859, max = 0.01372985290181129 (LFM1)
[2026-08-31 22:42:16.389] [info] Frame 22 (t = 0.11):	 total squared error = 0.0012023033401946386, marker error: RMS = 0.006438845849123943, max = 0.013960665096153027 (LFM1)
[2026-08-31 22:42:16.400] [info] Frame 23 (t = 0.115):	 total squared error = 0.0012303206966515138, marker error: RMS = 0.006513436236632158, max = 0.014006760266022853 (LFM1)
[2026-08-31 22:42:16.415] [info] Frame 24 (t = 0.12):	 total squared error = 0.0012722250972402192, marker error: RMS = 0.006623430451006329, max = 0.014837574056149987 (LFM1)
[2026-08-31 22:42:16.430] [info] Frame 25 (t = 0.125):	 total squared error = 0.0013027369774027075, marker error: RMS = 0.006702385003715051, max = 0.014809941882739682 (LFM1)
[2026-08-31 22:42:16.439] [info] Frame 26 (t = 0.13):	 total squared error = 0.0013343313882897656, marker error: RMS = 0.00678317235387733, max = 0.014883172130801309 (LFM1)
[2026-08-31 22:42:16.453] [info] Frame 27 (t = 0.135):	 total squared error = 0.0013859502711490964, marker error: RMS = 0.00691313161022656, max = 0.015558725123956264 (LFM1)
[2026-08-31 22:42:16.467] [info] Frame 28 (t = 0.14):	 total squared error = 0.001427037154281341, marker error: RMS = 0.007014854077872137, max = 0.01577572297827593 (LFM1)
[2026-08-31 22:42:16.478] [info] Frame 29 (t = 0.145):	 total squared error = 0.0014646767905341811, marker error: RMS = 0.007106764117748428, max = 0.015875824679242947 (LFM1)
[2026-08-31 22:42:16.493] [info] Frame 30 (t = 0.15):	 total squared error = 0.0015211344702237592, marker error: RMS = 0.007242438316363939, max = 0.016478366458909804 (LFM1)
[2026-08-31 22:42:16.507] [info] Frame 31 (t = 0.155):	 total squared error = 0.001566568848682598, marker error: RMS = 0.007349803770973325, max = 0.016701834717837007 (LFM1)
[2026-08-31 22:42:16.520] [info] Frame 32 (t = 0.16):	 total squared error = 0.001609547750904135, marker error: RMS = 0.00744994272346447, max = 0.016812243660499868 (LFM1)
[2026-08-31 22:42:16.536] [info] Frame 33 (t = 0.165):	 total squared error = 0.0016756601384976422, marker error: RMS = 0.007601406717583634, max = 0.01747713725342585 (LFM1)
[2026-08-31 22:42:16.548] [info] Frame 34 (t = 0.17):	 total squared error = 0.0017318298914188119, marker error: RMS = 0.00772775983826426, max = 0.017706094442618142 (LFM1)
[2026-08-31 22:42:16.559] [info] Frame 35 (t = 0.175):	 total squared error = 0.001779342555665112, marker error: RMS = 0.007833047928521892, max = 0.01787735945045827 (LFM1)
[2026-08-31 22:42:16.572] [info] Frame 36 (t = 0.18):	 total squared error = 0.001848530863525794, marker error: RMS = 0.00798388649530133, max = 0.01836149329124462 (LFM1)
[2026-08-31 22:42:16.585] [info] Frame 37 (t = 0.185):	 total squared error = 0.0019066774203841197, marker error: RMS = 0.008108483042753733, max = 0.01858576630084317 (LFM1)
[2026-08-31 22:42:16.600] [info] Frame 38 (t = 0.19):	 total squared error = 0.001975991218057618, marker error: RMS = 0.008254551968997674, max = 0.019021375315392792 (LFM1)
[2026-08-31 22:42:16.611] [info] Frame 39 (t = 0.195):	 total squared error = 0.0020330646331527444, marker error: RMS = 0.008372913292592194, max = 0.019115003759440082 (LFM1)
[2026-08-31 22:42:16.633] [info] Frame 40 (t = 0.2):	 total squared error = 0.002114726020340111, marker error: RMS = 0.008539413733288703, max = 0.019616121734557877 (LFM1)
[2026-08-31 22:42:16.649] [info] Frame 41 (t = 0.205):	 total squared error = 0.0021835719372785395, marker error: RMS = 0.008677302809288585, max = 0.019895435526575023 (LFM1)
[2026-08-31 22:42:16.662] [info] Frame 42 (t = 0.21):	 total squared error = 0.0022676913402489255, marker error: RMS = 0.008842864530910327, max = 0.020314056950495176 (LFM1)
[2026-08-31 22:42:16.676] [info] Frame 43 (t = 0.215):	 total squared error = 0.002341769445600604, marker error: RMS = 0.008986137687457936, max = 0.020522699125383393 (LFM1)
[2026-08-31 22:42:16.690] [info] Frame 44 (t = 0.22):	 total squared error = 0.0024267281587500005, marker error: RMS = 0.009147692678277234, max = 0.020912320852295652 (LFM1)
[2026-08-31 22:42:16.700] [info] Frame 45 (t = 0.225):	 total squared error = 0.002493545141143037, marker error: RMS = 0.009272772789830928, max = 0.021044692144429986 (LFM1)
[2026-08-31 22:42:16.714] [info] Frame 46 (t = 0.23):	 total squared error = 0.0025911671846796996, marker error: RMS = 0.0094525442382018, max = 0.021426570905600604 (LFM1)
[2026-08-31 22:42:16.723] [info] Frame 47 (t = 0.235):	 total squared error = 0.002664921560544248, marker error: RMS = 0.009586127837417927, max = 0.021548873148113556 (LFM1)
[2026-08-31 22:42:16.736] [info] Frame 48 (t = 0.24):	 total squared error = 0.0027620582777325075, marker error: RMS = 0.00975927194453192, max = 0.021889821876879368 (LFM1)
[2026-08-31 22:42:16.747] [info] Frame 49 (t = 0.245):	 total squared error = 0.0028446685386292704, marker error: RMS = 0.009904141485935221, max = 0.022054297789532364 (LFM1)
[2026-08-31 22:42:16.764] [info] Frame 50 (t = 0.25):	 total squared error = 0.0029672929981748677, marker error: RMS = 0.010115357048217649, max = 0.022776345834078723 (LFM1)
[2026-08-31 22:42:16.779] [info] Frame 51 (t = 0.255):	 total squared error = 0.003062077253577663, marker error: RMS = 0.010275644544894635, max = 0.02305777675440645 (LFM1)
[2026-08-31 22:42:16.794] [info] Frame 52 (t = 0.26):	 total squared error = 0.0031578506507867255, marker error: RMS = 0.010435104299970672, max = 0.023319345666887186 (LFM1)
[2026-08-31 22:42:16.804] [info] Frame 53 (t = 0.265):	 total squared error = 0.0032348699219078595, marker error: RMS = 0.010561592620740393, max = 0.023364759737594037 (LFM1)
[2026-08-31 22:42:16.819] [info] Frame 54 (t = 0.27):	 total squared error = 0.0033536510930678677, marker error: RMS = 0.010753750096606824, max = 0.02378434980672736 (LFM1)
[2026-08-31 22:42:16.832] [info] Frame 55 (t = 0.275):	 total squared error = 0.0034315519766401777, marker error: RMS = 0.010877930800700734, max = 0.023878944446589473 (LFM1)
[2026-08-31 22:42:16.844] [info] Frame 56 (t = 0.28):	 total squared error = 0.003548611154942965, marker error: RMS = 0.011061912216908295, max = 0.024191652275648602 (LFM1)
[2026-08-31 22:42:16.853] [info] Frame 57 (t = 0.285):	 total squared error = 0.003623942872860965, marker error: RMS = 0.011178709556117526, max = 0.024270861458152753 (LFM1)
[2026-08-31 22:42:16.869] [info] Frame 58 (t = 0.29):	 total squared error = 0.0037508280259546316, marker error: RMS = 0.011372726034100682, max = 0.02474571565821506 (LFM1)
[2026-08-31 22:42:16.879] [info] Frame 59 (t = 0.295):	 total squared error = 0.0038247651520734623, marker error: RMS = 0.011484269829631076, max = 0.0247986492358021 (LFM1)
[2026-08-31 22:42:16.891] [info] Frame 60 (t = 0.3):	 total squared error = 0.0039464430891296386, marker error: RMS = 0.011665515181625978, max = 0.02513798902999069 (LFM1)
[2026-08-31 22:42:16.901] [info] Frame 61 (t = 0.305):	 total squared error = 0.004018631148567003, marker error: RMS = 0.011771724082802009, max = 0.02515332271021458 (LFM1)
[2026-08-31 22:42:16.910] [info] Frame 62 (t = 0.31):	 total squared error = 0.004102638205488595, marker error: RMS = 0.011894128086912576, max = 0.025190508633719542 (LFM1)
[2026-08-31 22:42:16.925] [info] Frame 63 (t = 0.315):	 total squared error = 0.0042282472468411, marker error: RMS = 0.012074834541368144, max = 0.025740591819374357 (LFM1)
[2026-08-31 22:42:16.936] [info] Frame 64 (t = 0.32):	 total squared error = 0.004312732132789606, marker error: RMS = 0.012194871919404323, max = 0.02571891671515845 (LFM1)
[2026-08-31 22:42:16.948] [info] Frame 65 (t = 0.325):	 total squared error = 0.00440730427405529, marker error: RMS = 0.012327855022273031, max = 0.02587207523163518 (LFM1)
[2026-08-31 22:42:16.965] [info] Frame 66 (t = 0.33):	 total squared error = 0.004504564116794986, marker error: RMS = 0.012463137531571317, max = 0.0261104039243828 (LFM1)
[2026-08-31 22:42:16.974] [info] Frame 67 (t = 0.335):	 total squared error = 0.004574084759888871, marker error: RMS = 0.012558943454201199, max = 0.02603243211618126 (LFM1)
[2026-08-31 22:42:16.986] [info] Frame 68 (t = 0.34):	 total squared error = 0.004658672203195946, marker error: RMS = 0.012674536246968656, max = 0.026035359034928134 (LFM1)
[2026-08-31 22:42:16.999] [info] Frame 69 (t = 0.345):	 total squared error = 0.0047780487208972326, marker error: RMS = 0.012835898905826355, max = 0.026406012297833813 (LFM1)
[2026-08-31 22:42:17.009] [info] Frame 70 (t = 0.35):	 total squared error = 0.00484908373030892, marker error: RMS = 0.012930962214922594, max = 0.02631160911338292 (LFM1)
[2026-08-31 22:42:17.023] [info] Frame 71 (t = 0.355):	 total squared error = 0.004951416343588604, marker error: RMS = 0.013066694096308507, max = 0.026549120415264624 (LFM1)
[2026-08-31 22:42:17.034] [info] Frame 72 (t = 0.36):	 total squared error = 0.005014393125146852, marker error: RMS = 0.013149528803865352, max = 0.026410182456485423 (LFM1)
[2026-08-31 22:42:17.049] [info] Frame 73 (t = 0.365):	 total squared error = 0.0051264129690989915, marker error: RMS = 0.013295595549031022, max = 0.026637517076509527 (LFM1)
[2026-08-31 22:42:17.058] [info] Frame 74 (t = 0.37):	 total squared error = 0.005192587747836369, marker error: RMS = 0.01338113410460384, max = 0.0265239519765148 (LFM1)
[2026-08-31 22:42:17.068] [info] Frame 75 (t = 0.375):	 total squared error = 0.0052685798305141095, marker error: RMS = 0.013478693058655651, max = 0.02642139689884248 (LFM1)
[2026-08-31 22:42:17.084] [info] Frame 76 (t = 0.38):	 total squared error = 0.005393341312898563, marker error: RMS = 0.013637348959811602, max = 0.026736573069236526 (LFM1)
[2026-08-31 22:42:17.094] [info] Frame 77 (t = 0.385):	 total squared error = 0.005465732109220812, marker error: RMS = 0.013728565875852226, max = 0.026625584140899893 (LFM1)
[2026-08-31 22:42:17.104] [info] Frame 78 (t = 0.39):	 total squared error = 0.005545487068033054, marker error: RMS = 0.013828365485520687, max = 0.02657522328575151 (LFM1)
[2026-08-31 22:42:17.115] [info] Frame 79 (t = 0.395):	 total squared error = 0.005630890197762023, marker error: RMS = 0.013934440337129988, max = 0.026526093860581117 (LFM1)
[2026-08-31 22:42:17.124] [info] Frame 80 (t = 0.4):	 total squared error = 0.005719540385923765, marker error: RMS = 0.014043700742649544, max = 0.026487200450043945 (LFM1)
[2026-08-31 22:42:17.140] [info] Frame 81 (t = 0.405):	 total squared error = 0.005854317114401594, marker error: RMS = 0.014208201995498323, max = 0.02687966448614294 (LFM1)
[2026-08-31 22:42:17.149] [info] Frame 82 (t = 0.41):	 total squared error = 0.005926263354842041, marker error: RMS = 0.014295240774035833, max = 0.026801579534293227 (LFM1)
[2026-08-31 22:42:17.159] [info] Frame 83 (t = 0.415):	 total squared error = 0.006010871160390086, marker error: RMS = 0.014396923953532438, max = 0.026996587417104496 (LTTC)
[2026-08-31 22:42:17.168] [info] Frame 84 (t = 0.42):	 total squared error = 0.006101361933994145, marker error: RMS = 0.014504888514820936, max = 0.02736523835178924 (LTTC)
[2026-08-31 22:42:17.177] [info] Frame 85 (t = 0.425):	 total squared error = 0.006195417751415208, marker error: RMS = 0.014616261316642723, max = 0.02775071862130995 (LTTC)
[2026-08-31 22:42:17.186] [info] Frame 86 (t = 0.43):	 total squared error = 0.006292028611794995, marker error: RMS = 0.014729782885535002, max = 0.02815915844690641 (LTTC)
[2026-08-31 22:42:17.196] [info] Frame 87 (t = 0.435):	 total squared error = 0.006390660591179364, marker error: RMS = 0.01484478381763749, max = 0.028575854963292215 (LTTC)
[2026-08-31 22:42:17.205] [info] Frame 88 (t = 0.44):	 total squared error = 0.006494472670484912, marker error: RMS = 0.014964869978218888, max = 0.02897237001379974 (LTTC)
[2026-08-31 22:42:17.214] [info] Frame 89 (t = 0.445):	 total squared error = 0.006592347299673437, marker error: RMS = 0.015077211966354868, max = 0.029420823754177483 (LTTC)
[2026-08-31 22:42:17.228] [info] Frame 90 (t = 0.45):	 total squared error = 0.006742488358975213, marker error: RMS = 0.01524793751906638, max = 0.03013603196964506 (LTTC)
[2026-08-31 22:42:17.237] [info] Frame 91 (t = 0.455):	 total squared error = 0.00682518853135797, marker error: RMS = 0.015341164514713875, max = 0.030422250737073345 (LTTC)
[2026-08-31 22:42:17.247] [info] Frame 92 (t = 0.46):	 total squared error = 0.0069202775367337216, marker error: RMS = 0.015447661955369483, max = 0.030840015624777735 (LTTC)
[2026-08-31 22:42:17.256] [info] Frame 93 (t = 0.465):	 total squared error = 0.007018397174088561, marker error: RMS = 0.015556789375003642, max = 0.031217796888461186 (LTTC)
[2026-08-31 22:42:17.267] [info] Frame 94 (t = 0.47):	 total squared error = 0.007110792517411672, marker error: RMS = 0.01565885506605489, max = 0.03156863876825034 (LTTC)
[2026-08-31 22:42:17.281] [info] Frame 95 (t = 0.475):	 total squared error = 0.007255445099250945, marker error: RMS = 0.01581732474355686, max = 0.03203599164704169 (LTTC)
[2026-08-31 22:42:17.291] [info] Frame 96 (t = 0.48):	 total squared error = 0.007333241535996208, marker error: RMS = 0.015901899188240778, max = 0.03236772141925803 (LTTC)
[2026-08-31 22:42:17.301] [info] Frame 97 (t = 0.485):	 total squared error = 0.007422788196668374, marker error: RMS = 0.015998694124153376, max = 0.032713348142458874 (LTTC)
[2026-08-31 22:42:17.310] [info] Frame 98 (t = 0.49):	 total squared error = 0.007511756363395009, marker error: RMS = 0.01609428723169745, max = 0.033043547935228845 (LTTC)
[2026-08-31 22:42:17.320] [info] Frame 99 (t = 0.495):	 total squared error = 0.007601019254894802, marker error: RMS = 0.016189629774573347, max = 0.033362443044273375 (LTTC)
[2026-08-31 22:42:17.329] [info] Frame 100 (t = 0.5):	 total squared error = 0.007691557114042857, marker error: RMS = 0.016285763948331936, max = 0.03370951134420337 (LTTC)
[2026-08-31 22:42:17.337] [info] Frame 101 (t = 0.505):	 total squared error = 0.007787965550523155, marker error: RMS = 0.01638751159343408, max = 0.0340261656003814 (LTTC)
[2026-08-31 22:42:17.352] [info] Frame 102 (t = 0.51):	 total squared error = 0.007921215490450164, marker error: RMS = 0.016527109902813038, max = 0.03441890331261792 (LTTC)
[2026-08-31 22:42:17.362] [info] Frame 103 (t = 0.515):	 total squared error = 0.007994103444932791, marker error: RMS = 0.016602973814363528, max = 0.03470050718804921 (LTTC)
[2026-08-31 22:42:17.371] [info] Frame 104 (t = 0.52):	 total squared error = 0.00806738481852598, marker error: RMS = 0.016678899346103376, max = 0.03493761052702688 (LTTC)
[2026-08-31 22:42:17.380] [info] Frame 105 (t = 0.525):	 total squared error = 0.008146935362287255, marker error: RMS = 0.01676093092868389, max = 0.03528101663650488 (LTTC)
[2026-08-31 22:42:17.387] [info] Frame 106 (t = 0.53):	 total squared error = 0.008227627991850058, marker error: RMS = 0.016843732070529832, max = 0.035559889006995374 (LTTC)
[2026-08-31 22:42:17.395] [info] Frame 107 (t = 0.535):	 total squared error = 0.008308068811510902, marker error: RMS = 0.01692587165942748, max = 0.035812608626785675 (LTTC)
[2026-08-31 22:42:17.405] [info] Frame 108 (t = 0.54):	 total squared error = 0.008380582878014345, marker error: RMS = 0.016999576950125942, max = 0.03613357139144628 (LTTC)
[2026-08-31 22:42:17.415] [info] Frame 109 (t = 0.545):	 total squared error = 0.008460603685238897, marker error: RMS = 0.01708054316066706, max = 0.036342411890102184 (LTTC)
[2026-08-31 22:42:17.423] [info] Frame 110 (t = 0.55):	 total squared error = 0.008535593495493272, marker error: RMS = 0.017156072108423397, max = 0.03660979129710858 (LTTC)
[2026-08-31 22:42:17.435] [info] Frame 111 (t = 0.555):	 total squared error = 0.008602070393277077, marker error: RMS = 0.01722274998394723, max = 0.03691798194985911 (LTTC)
[2026-08-31 22:42:17.447] [info] Frame 112 (t = 0.56):	 total squared error = 0.008702176060590525, marker error: RMS = 0.017322674059511916, max = 0.0372339816520449 (LTTC)
[2026-08-31 22:42:17.454] [info] Frame 113 (t = 0.565):	 total squared error = 0.008766297324744638, marker error: RMS = 0.01738637727205892, max = 0.037527459913872255 (LTTC)
[2026-08-31 22:42:17.467] [info] Frame 114 (t = 0.57):	 total squared error = 0.008816805112932778, marker error: RMS = 0.017436391900703636, max = 0.03770604798219844 (LTTC)
[2026-08-31 22:42:17.478] [info] Frame 115 (t = 0.575):	 total squared error = 0.008868275649858553, marker error: RMS = 0.017487212717177434, max = 0.03795734736078574 (LTTC)
[2026-08-31 22:42:17.491] [info] Frame 116 (t = 0.58):	 total squared error = 0.008939004590739584, marker error: RMS = 0.017556808867550785, max = 0.038164089958205936 (LTTC)
[2026-08-31 22:42:17.503] [info] Frame 117 (t = 0.585):	 total squared error = 0.009002081421457482, marker error: RMS = 0.017618643555617815, max = 0.03844528443277502 (LTTC)
[2026-08-31 22:42:17.517] [info] Frame 118 (t = 0.59):	 total squared error = 0.009066713772810544, marker error: RMS = 0.01768177882767196, max = 0.03866534030177415 (LTTC)
[2026-08-31 22:42:17.531] [info] Frame 119 (t = 0.595):	 total squared error = 0.009113306585096733, marker error: RMS = 0.017727152935827915, max = 0.0388832758241008 (LTTC)
[2026-08-31 22:42:17.544] [info] Frame 120 (t = 0.6):	 total squared error = 0.009173203988642017, marker error: RMS = 0.017785313573808314, max = 0.03909516326535735 (LTTC)
[2026-08-31 22:42:17.556] [info] Frame 121 (t = 0.605):	 total squared error = 0.009234233919334318, marker error: RMS = 0.017844378926916742, max = 0.0393271859436798 (LTTC)
[2026-08-31 22:42:17.570] [info] Frame 122 (t = 0.61):	 total squared error = 0.009282291930959188, marker error: RMS = 0.017890752698029252, max = 0.03953960799572901 (LTTC)
[2026-08-31 22:42:17.584] [info] Frame 123 (t = 0.615):	 total squared error = 0.009352098175044411, marker error: RMS = 0.017957899208065755, max = 0.03975870588787735 (LTTC)
[2026-08-31 22:42:17.595] [info] Frame 124 (t = 0.62):	 total squared error = 0.009388321508497959, marker error: RMS = 0.01799264361985098, max = 0.03995775956673449 (LTTC)
[2026-08-31 22:42:17.610] [info] Frame 125 (t = 0.625):	 total squared error = 0.00946683139218577, marker error: RMS = 0.01806771877685474, max = 0.040196081374542864 (LTTC)
[2026-08-31 22:42:17.619] [info] Frame 126 (t = 0.63):	 total squared error = 0.009515087840090686, marker error: RMS = 0.018113709648895956, max = 0.04043709011381976 (LTTC)
[2026-08-31 22:42:17.633] [info] Frame 127 (t = 0.635):	 total squared error = 0.009560123874711949, marker error: RMS = 0.01815652620837985, max = 0.040583942775352044 (LTTC)
[2026-08-31 22:42:17.654] [info] Frame 128 (t = 0.64):	 total squared error = 0.009640662312038688, marker error: RMS = 0.0182328448534399, max = 0.04082794241554598 (LTTC)
[2026-08-31 22:42:17.665] [info] Frame 129 (t = 0.645):	 total squared error = 0.009696350340880181, marker error: RMS = 0.0182854288521274, max = 0.04105263318208762 (LTTC)
[2026-08-31 22:42:17.681] [info] Frame 130 (t = 0.65):	 total squared error = 0.009755981920748913, marker error: RMS = 0.018341569444325013, max = 0.041238959299719 (LTTC)
[2026-08-31 22:42:17.689] [info] Frame 131 (t = 0.655):	 total squared error = 0.009807537596960255, marker error: RMS = 0.01838996877700773, max = 0.04146775304436029 (LTTC)
[2026-08-31 22:42:17.700] [info] Frame 132 (t = 0.66):	 total squared error = 0.009854498743517955, marker error: RMS = 0.01843394427409986, max = 0.04161918143740377 (LTTC)
[2026-08-31 22:42:17.708] [info] Frame 133 (t = 0.665):	 total squared error = 0.009909753077669808, marker error: RMS = 0.01848555174637545, max = 0.04177174718195658 (LTTC)
[2026-08-31 22:42:17.722] [info] Frame 134 (t = 0.67):	 total squared error = 0.010000703629500823, marker error: RMS = 0.018570187109804032, max = 0.0420765360073729 (LTTC)
[2026-08-31 22:42:17.731] [info] Frame 135 (t = 0.675):	 total squared error = 0.010056823466265186, marker error: RMS = 0.01862221834471151, max = 0.04228825539680285 (LTTC)
[2026-08-31 22:42:17.739] [info] Frame 136 (t = 0.68):	 total squared error = 0.01009880286094762, marker error: RMS = 0.018661044488773582, max = 0.042425463536090835 (LTTC)
[2026-08-31 22:42:17.747] [info] Frame 137 (t = 0.685):	 total squared error = 0.010151477871711334, marker error: RMS = 0.018709648876809374, max = 0.042593299546170374 (LTTC)
[2026-08-31 22:42:17.756] [info] Frame 138 (t = 0.69):	 total squared error = 0.010207554695081502, marker error: RMS = 0.018761253813591, max = 0.042764649960483604 (LTTC)
[2026-08-31 22:42:17.769] [info] Frame 139 (t = 0.695):	 total squared error = 0.010294885066618308, marker error: RMS = 0.018841338508183054, max = 0.043077152111988766 (LTTC)
[2026-08-31 22:42:17.776] [info] Frame 140 (t = 0.7):	 total squared error = 0.010349415512897637, marker error: RMS = 0.018891172462196997, max = 0.04327296057033606 (LTTC)
[2026-08-31 22:42:17.789] [info] Frame 141 (t = 0.705):	 total squared error = 0.010411767676957019, marker error: RMS = 0.018947993867932496, max = 0.04345529659779561 (LTTC)
[2026-08-31 22:42:17.798] [info] Frame 142 (t = 0.71):	 total squared error = 0.01046300425409573, marker error: RMS = 0.01899455843501586, max = 0.043631471080684256 (LTTC)
[2026-08-31 22:42:17.811] [info] Frame 143 (t = 0.715):	 total squared error = 0.010509906951788493, marker error: RMS = 0.019037084454937705, max = 0.043816286028790896 (LTTC)
[2026-08-31 22:42:17.824] [info] Frame 144 (t = 0.72):	 total squared error = 0.010582181618046374, marker error: RMS = 0.01910242954221772, max = 0.04401782517326595 (LTTC)
[2026-08-31 22:42:17.833] [info] Frame 145 (t = 0.725):	 total squared error = 0.010622933407558136, marker error: RMS = 0.01913917575384289, max = 0.04416045989352317 (LTTC)
[2026-08-31 22:42:17.847] [info] Frame 146 (t = 0.73):	 total squared error = 0.010684723072864164, marker error: RMS = 0.019194757790878435, max = 0.04437113899532795 (LTTC)
[2026-08-31 22:42:17.855] [info] Frame 147 (t = 0.735):	 total squared error = 0.010734642276400789, marker error: RMS = 0.019239544654086255, max = 0.044547488030313644 (LTTC)
[2026-08-31 22:42:17.865] [info] Frame 148 (t = 0.74):	 total squared error = 0.010772387035591338, marker error: RMS = 0.019273339666932215, max = 0.04465124123428384 (LTTC)
[2026-08-31 22:42:17.878] [info] Frame 149 (t = 0.745):	 total squared error = 0.010838789716669007, marker error: RMS = 0.019332650349610903, max = 0.04489569935865938 (LTTC)
[2026-08-31 22:42:17.886] [info] Frame 150 (t = 0.75):	 total squared error = 0.010883898645827004, marker error: RMS = 0.019372837940170345, max = 0.04505432052968372 (LTTC)
[2026-08-31 22:42:17.899] [info] Frame 151 (t = 0.755):	 total squared error = 0.01093842954519213, marker error: RMS = 0.019421308547476413, max = 0.04522083819210546 (LTTC)
[2026-08-31 22:42:17.905] [info] Frame 152 (t = 0.76):	 total squared error = 0.010985725485339352, marker error: RMS = 0.019463250504068316, max = 0.04537407562263367 (LTTC)
[2026-08-31 22:42:17.913] [info] Frame 153 (t = 0.765):	 total squared error = 0.01101721017011559, marker error: RMS = 0.01949112102906098, max = 0.045451460707602497 (LTTC)
[2026-08-31 22:42:17.920] [info] Frame 154 (t = 0.77):	 total squared error = 0.01105469547725096, marker error: RMS = 0.019524251477771804, max = 0.0455592060408708 (LTTC)
[2026-08-31 22:42:17.935] [info] Frame 155 (t = 0.775):	 total squared error = 0.011120382302494226, marker error: RMS = 0.019582171960911218, max = 0.04581564547146595 (LTTC)
[2026-08-31 22:42:17.945] [info] Frame 156 (t = 0.78):	 total squared error = 0.011166301983945661, marker error: RMS = 0.019622560892965175, max = 0.04595440068316729 (LTTC)
[2026-08-31 22:42:17.953] [info] Frame 157 (t = 0.785):	 total squared error = 0.011205687080190147, marker error: RMS = 0.019657136179138036, max = 0.04607918604633531 (LTTC)
[2026-08-31 22:42:17.967] [info] Frame 158 (t = 0.79):	 total squared error = 0.011260341188665526, marker error: RMS = 0.019705015280262105, max = 0.04624279441713346 (LTTC)
[2026-08-31 22:42:17.973] [info] Frame 159 (t = 0.795):	 total squared error = 0.011309815457510447, marker error: RMS = 0.019748256542436286, max = 0.04639570789532137 (LTTC)
[2026-08-31 22:42:17.985] [info] Frame 160 (t = 0.8):	 total squared error = 0.01133953054176385, marker error: RMS = 0.019774182525292443, max = 0.04648039857346442 (LTTC)
[2026-08-31 22:42:17.997] [info] Frame 161 (t = 0.805):	 total squared error = 0.011400018092969985, marker error: RMS = 0.01982685230114399, max = 0.0466336806218006 (LTTC)
[2026-08-31 22:42:18.003] [info] Frame 162 (t = 0.81):	 total squared error = 0.011445616903041017, marker error: RMS = 0.019866465335646625, max = 0.04675291719785735 (LTTC)
[2026-08-31 22:42:18.009] [info] Frame 163 (t = 0.815):	 total squared error = 0.011484507846949881, marker error: RMS = 0.019900188741913707, max = 0.046825910858277565 (LTTC)
[2026-08-31 22:42:18.020] [info] Frame 164 (t = 0.82):	 total squared error = 0.0115366584082116, marker error: RMS = 0.019945320433116896, max = 0.04698867947862113 (LTTC)
[2026-08-31 22:42:18.025] [info] Frame 165 (t = 0.825):	 total squared error = 0.011607696292749312, marker error: RMS = 0.020006633635000885, max = 0.04714129176605464 (LTTC)
[2026-08-31 22:42:18.031] [info] Frame 166 (t = 0.83):	 total squared error = 0.01164015557097167, marker error: RMS = 0.020034586965073476, max = 0.04721062650107064 (LTTC)
[2026-08-31 22:42:18.038] [info] Frame 167 (t = 0.835):	 total squared error = 0.011678170651332333, marker error: RMS = 0.020067275343232698, max = 0.047264630305628295 (LTTC)
[2026-08-31 22:42:18.044] [info] Frame 168 (t = 0.84):	 total squared error = 0.011727955357509052, marker error: RMS = 0.020110003821660716, max = 0.047357528271277864 (LTTC)
[2026-08-31 22:42:18.051] [info] Frame 169 (t = 0.845):	 total squared error = 0.011779708602798365, marker error: RMS = 0.020154325798010644, max = 0.04745070949180805 (LTTC)
[2026-08-31 22:42:18.057] [info] Frame 170 (t = 0.85):	 total squared error = 0.011826507717058293, marker error: RMS = 0.020194321254576608, max = 0.04756601530685119 (LTTC)
[2026-08-31 22:42:18.066] [info] Frame 171 (t = 0.855):	 total squared error = 0.011884664052180768, marker error: RMS = 0.020243912709734174, max = 0.047672444714458966 (LTTC)
[2026-08-31 22:42:18.072] [info] Frame 172 (t = 0.86):	 total squared error = 0.011940019627346525, marker error: RMS = 0.020291003295453063, max = 0.047778816299501196 (LTTC)
[2026-08-31 22:42:18.081] [info] Frame 173 (t = 0.865):	 total squared error = 0.011992095587285116, marker error: RMS = 0.020335204387775162, max = 0.04790024122990465 (LTTC)
[2026-08-31 22:42:18.087] [info] Frame 174 (t = 0.87):	 total squared error = 0.012048160219233545, marker error: RMS = 0.020382683843479143, max = 0.048009980439433074 (LTTC)
[2026-08-31 22:42:18.100] [info] Frame 175 (t = 0.875):	 total squared error = 0.012117320870736236, marker error: RMS = 0.020441101993655886, max = 0.04827466479450833 (LTTC)
[2026-08-31 22:42:18.107] [info] Frame 176 (t = 0.88):	 total squared error = 0.012155872546017325, marker error: RMS = 0.020473593207548685, max = 0.048337030382280516 (LTTC)
[2026-08-31 22:42:18.116] [info] Frame 177 (t = 0.885):	 total squared error = 0.012210657780278883, marker error: RMS = 0.020519677503245584, max = 0.048396806473171725 (LTTC)
[2026-08-31 22:42:18.127] [info] Frame 178 (t = 0.89):	 total squared error = 0.012275132906928802, marker error: RMS = 0.020573780524408013, max = 0.04859363718072957 (LTTC)
[2026-08-31 22:42:18.135] [info] Frame 179 (t = 0.895):	 total squared error = 0.012325049731464255, marker error: RMS = 0.020615569719948993, max = 0.048655491342828566 (LTTC)
[2026-08-31 22:42:18.141] [info] Frame 180 (t = 0.9):	 total squared error = 0.012367109230176823, marker error: RMS = 0.020650715300441543, max = 0.04871158005569791 (LTTC)
[2026-08-31 22:42:18.148] [info] Frame 181 (t = 0.905):	 total squared error = 0.012422998024166224, marker error: RMS = 0.020697324518222843, max = 0.04881091507613928 (LTTC)
[2026-08-31 22:42:18.158] [info] Frame 182 (t = 0.91):	 total squared error = 0.012482328681065965, marker error: RMS = 0.020746689541546362, max = 0.04899857303955035 (LTTC)
[2026-08-31 22:42:18.165] [info] Frame 183 (t = 0.915):	 total squared error = 0.012520033115226504, marker error: RMS = 0.020777999899783343, max = 0.04903516622716935 (LTTC)
[2026-08-31 22:42:18.172] [info] Frame 184 (t = 0.92):	 total squared error = 0.012572520538666102, marker error: RMS = 0.020821507894206084, max = 0.04909190604991445 (LTTC)
[2026-08-31 22:42:18.179] [info] Frame 185 (t = 0.925):	 total squared error = 0.012619612150963322, marker error: RMS = 0.02086046595089358, max = 0.04914999690249222 (LTTC)
[2026-08-31 22:42:18.185] [info] Frame 186 (t = 0.93):	 total squared error = 0.012650680730476057, marker error: RMS = 0.020886128650767614, max = 0.04921393240726768 (LTTC)
[2026-08-31 22:42:18.196] [info] Frame 187 (t = 0.935):	 total squared error = 0.01269872029364452, marker error: RMS = 0.020925747458033543, max = 0.049293122182199445 (LTTC)
[2026-08-31 22:42:18.207] [info] Frame 188 (t = 0.94):	 total squared error = 0.01275147286868022, marker error: RMS = 0.0209691669121349, max = 0.04950894008454803 (LTTC)
[2026-08-31 22:42:18.215] [info] Frame 189 (t = 0.945):	 total squared error = 0.012792765580616176, marker error: RMS = 0.021003091382162158, max = 0.04952799375467417 (LTTC)
[2026-08-31 22:42:18.223] [info] Frame 190 (t = 0.95):	 total squared error = 0.01282856134989706, marker error: RMS = 0.021032455502846284, max = 0.049594707611446326 (LTTC)
[2026-08-31 22:42:18.231] [info] Frame 191 (t = 0.955):	 total squared error = 0.012865563757024205, marker error: RMS = 0.021062766426862327, max = 0.049647022240634026 (LTTC)
[2026-08-31 22:42:18.241] [info] Frame 192 (t = 0.96):	 total squared error = 0.012917251828802321, marker error: RMS = 0.02110503439597416, max = 0.049784612800318415 (LTTC)
[2026-08-31 22:42:18.248] [info] Frame 193 (t = 0.965):	 total squared error = 0.012947193863288414, marker error: RMS = 0.02112948084556383, max = 0.04983105557996866 (LTTC)
[2026-08-31 22:42:18.255] [info] Frame 194 (t = 0.97):	 total squared error = 0.012974047712256185, marker error: RMS = 0.0211513818838165, max = 0.049854594168888496 (LTTC)
[2026-08-31 22:42:18.262] [info] Frame 195 (t = 0.975):	 total squared error = 0.01300994890049933, marker error: RMS = 0.021180626232560385, max = 0.0499007354202893 (LTTC)
[2026-08-31 22:42:18.268] [info] Frame 196 (t = 0.98):	 total squared error = 0.013044921116501025, marker error: RMS = 0.021209075087948608, max = 0.049951792643538495 (LTTC)
[2026-08-31 22:42:18.273] [info] Frame 197 (t = 0.985):	 total squared error = 0.013082482105921263, marker error: RMS = 0.021239587392837333, max = 0.04998167881754508 (LTTC)
[2026-08-31 22:42:18.280] [info] Frame 198 (t = 0.99):	 total squared error = 0.013104022103951332, marker error: RMS = 0.021257065441182974, max = 0.05002811545235707 (LTTC)
[2026-08-31 22:42:18.286] [info] Frame 199 (t = 0.995):	 total squared error = 0.013145769116226903, marker error: RMS = 0.021290899072565466, max = 0.05006563190290819 (LTTC)
[2026-08-31 22:42:18.299] [info] Frame 200 (t = 1):	 total squared error = 0.013182390060350496, marker error: RMS = 0.021320534104352185, max = 0.05030042410743487 (LTTC)
[2026-08-31 22:42:18.305] [info] Frame 201 (t = 1.005):	 total squared error = 0.013207945644303528, marker error: RMS = 0.02134119025564666, max = 0.0502866152508892 (LTTC)
[2026-08-31 22:42:18.310] [info] Frame 202 (t = 1.01):	 total squared error = 0.0132409233578601, marker error: RMS = 0.021367816080829164, max = 0.05033329735934036 (LTTC)
[2026-08-31 22:42:18.316] [info] Frame 203 (t = 1.015):	 total squared error = 0.013267723903517126, marker error: RMS = 0.021389430118891325, max = 0.05035331062910098 (LTTC)
[2026-08-31 22:42:18.322] [info] Frame 204 (t = 1.02):	 total squared error = 0.013293918587147593, marker error: RMS = 0.021410534457684847, max = 0.050383415228323805 (LTTC)
[2026-08-31 22:42:18.329] [info] Frame 205 (t = 1.025):	 total squared error = 0.013319578418296243, marker error: RMS = 0.021431187730208905, max = 0.05040673341702218 (LTTC)
[2026-08-31 22:42:18.334] [info] Frame 206 (t = 1.03):	 total squared error = 0.013347694143138137, marker error: RMS = 0.021453794892294122, max = 0.05043251436123906 (LTTC)
[2026-08-31 22:42:18.340] [info] Frame 207 (t = 1.035):	 total squared error = 0.013376090401971734, marker error: RMS = 0.021476603470281675, max = 0.050458275104468 (LTTC)
[2026-08-31 22:42:18.346] [info] Frame 208 (t = 1.04):	 total squared error = 0.01340444314798673, marker error: RMS = 0.021499352955770178, max = 0.05048420075117037 (LTTC)
[2026-08-31 22:42:18.353] [info] Frame 209 (t = 1.045):	 total squared error = 0.013429936775651264, marker error: RMS = 0.021519787827158188, max = 0.050508201547806504 (LTTC)
[2026-08-31 22:42:18.359] [info] Frame 210 (t = 1.05):	 total squared error = 0.013454080377538234, marker error: RMS = 0.021539122686915733, max = 0.05052329899593613 (LTTC)
[2026-08-31 22:42:18.366] [info] Frame 211 (t = 1.055):	 total squared error = 0.01348116390598851, marker error: RMS = 0.021560791286410513, max = 0.050554363891197336 (LTTC)
[2026-08-31 22:42:18.372] [info] Frame 212 (t = 1.06):	 total squared error = 0.01350626537143166, marker error: RMS = 0.02158085467885962, max = 0.050577444558623036 (LTTC)
[2026-08-31 22:42:18.381] [info] Frame 213 (t = 1.065):	 total squared error = 0.013529043353821544, marker error: RMS = 0.021599044801534024, max = 0.050598302113184106 (LTTC)
[2026-08-31 22:42:18.386] [info] Frame 214 (t = 1.07):	 total squared error = 0.013559798733465986, marker error: RMS = 0.021623581263778693, max = 0.05062937557868655 (LTTC)
[2026-08-31 22:42:18.392] [info] Frame 215 (t = 1.075):	 total squared error = 0.013580809002911096, marker error: RMS = 0.02164032713988105, max = 0.050641118467398924 (LTTC)
[2026-08-31 22:42:18.398] [info] Frame 216 (t = 1.08):	 total squared error = 0.013602920153283394, marker error: RMS = 0.02165793647100725, max = 0.05065680615999992 (LTTC)
[2026-08-31 22:42:18.403] [info] Frame 217 (t = 1.085):	 total squared error = 0.013621950874318512, marker error: RMS = 0.02167308109019153, max = 0.05066299722539229 (LTTC)
[2026-08-31 22:42:18.409] [info] Frame 218 (t = 1.09):	 total squared error = 0.013649855531517197, marker error: RMS = 0.021695268458827445, max = 0.050694660860208636 (LTTC)
[2026-08-31 22:42:18.414] [info] Frame 219 (t = 1.095):	 total squared error = 0.013672596220500238, marker error: RMS = 0.021713333120220474, max = 0.05071851062833844 (LTTC)
[2026-08-31 22:42:18.419] [info] Frame 220 (t = 1.1):	 total squared error = 0.013690625676267342, marker error: RMS = 0.02172764461604025, max = 0.05073052331483457 (LTTC)
[2026-08-31 22:42:18.424] [info] Frame 221 (t = 1.105):	 total squared error = 0.013710373032027271, marker error: RMS = 0.02174330894466179, max = 0.050740048095305815 (LTTC)
[2026-08-31 22:42:18.430] [info] Frame 222 (t = 1.11):	 total squared error = 0.013731442541058606, marker error: RMS = 0.021760009619878232, max = 0.05075246014812086 (LTTC)
[2026-08-31 22:42:18.435] [info] Frame 223 (t = 1.115):	 total squared error = 0.013754155381694525, marker error: RMS = 0.021777998531968726, max = 0.05076914522122344 (LTTC)
[2026-08-31 22:42:18.440] [info] Frame 224 (t = 1.12):	 total squared error = 0.013775608403909737, marker error: RMS = 0.021794976013869878, max = 0.0507844442346881 (LTTC)
[2026-08-31 22:42:18.451] [info] Frame 225 (t = 1.125):	 total squared error = 0.01380296483487516, marker error: RMS = 0.02181660616711196, max = 0.05098793919533248 (LTTC)
[2026-08-31 22:42:18.456] [info] Frame 226 (t = 1.13):	 total squared error = 0.013815666078887968, marker error: RMS = 0.02182664148654904, max = 0.05098178660406338 (LTTC)
[2026-08-31 22:42:18.462] [info] Frame 227 (t = 1.135):	 total squared error = 0.013828529805409565, marker error: RMS = 0.021836800483563304, max = 0.05097535079494514 (LTTC)
[2026-08-31 22:42:18.467] [info] Frame 228 (t = 1.14):	 total squared error = 0.013835979894219632, marker error: RMS = 0.021842681954675133, max = 0.05096007317336 (LTTC)
[2026-08-31 22:42:18.472] [info] Frame 229 (t = 1.145):	 total squared error = 0.013857698024660324, marker error: RMS = 0.021859818298027314, max = 0.05097605689485929 (LTTC)
[2026-08-31 22:42:18.482] [info] Frame 230 (t = 1.15):	 total squared error = 0.013878887188628326, marker error: RMS = 0.02187652433201519, max = 0.051047926143425515 (LTTC)
[2026-08-31 22:42:18.487] [info] Frame 231 (t = 1.155):	 total squared error = 0.013888614719474203, marker error: RMS = 0.021884189474307387, max = 0.051019942930616895 (LTTC)
[2026-08-31 22:42:18.491] [info] Frame 232 (t = 1.16):	 total squared error = 0.013907954890376557, marker error: RMS = 0.02189942125701716, max = 0.05103609403830328 (LTTC)
[2026-08-31 22:42:18.499] [info] Frame 233 (t = 1.165):	 total squared error = 0.01393164371980892, marker error: RMS = 0.021918063499762427, max = 0.05106887567942146 (LTTC)
[2026-08-31 22:42:18.505] [info] Frame 234 (t = 1.17):	 total squared error = 0.013937133412271603, marker error: RMS = 0.021922381424464597, max = 0.051060925928631706 (LTTC)
[2026-08-31 22:42:18.512] [info] Frame 235 (t = 1.175):	 total squared error = 0.013946238328710437, marker error: RMS = 0.021929541033855048, max = 0.05105274654040396 (LTTC)
[2026-08-31 22:42:18.516] [info] Frame 236 (t = 1.18):	 total squared error = 0.01395680819135928, marker error: RMS = 0.021937849666225407, max = 0.05105426952410624 (LTTC)
[2026-08-31 22:42:18.520] [info] Frame 237 (t = 1.185):	 total squared error = 0.013971716749085221, marker error: RMS = 0.021949563462068042, max = 0.05107029908919586 (LTTC)
[2026-08-31 22:42:18.524] [info] Frame 238 (t = 1.19):	 total squared error = 0.01398110851194043, marker error: RMS = 0.02195693945127397, max = 0.05106810324473402 (LTTC)
[2026-08-31 22:42:18.529] [info] Frame 239 (t = 1.195):	 total squared error = 0.013992687159872024, marker error: RMS = 0.02196602954083169, max = 0.05107504859534488 (LTTC)
[2026-08-31 22:42:18.535] [info] Frame 240 (t = 1.2):	 total squared error = 0.01401053112934856, marker error: RMS = 0.021980031007279875, max = 0.051110408095301436 (LTTC)
[2026-08-31 22:42:18.544] [info] Frame 241 (t = 1.205):	 total squared error = 0.014006962250441742, marker error: RMS = 0.021977231360912924, max = 0.051185506888940066 (LTTC)
[2026-08-31 22:42:18.551] [info] Frame 242 (t = 1.21):	 total squared error = 0.014023104430344482, marker error: RMS = 0.021989891431844145, max = 0.051183741834466154 (LTTC)
[2026-08-31 22:42:18.557] [info] Frame 243 (t = 1.215):	 total squared error = 0.014027107525262194, marker error: RMS = 0.02199302987175882, max = 0.05118433167749956 (LTTC)
[2026-08-31 22:42:18.565] [info] Frame 244 (t = 1.22):	 total squared error = 0.014035803264956325, marker error: RMS = 0.02199984581839102, max = 0.05118635140219316 (LTTC)
[2026-08-31 22:42:18.570] [info] Frame 245 (t = 1.225):	 total squared error = 0.014044557182754458, marker error: RMS = 0.022006705234255197, max = 0.051186563469606206 (LTTC)
[2026-08-31 22:42:18.575] [info] Frame 246 (t = 1.23):	 total squared error = 0.014050781728109862, marker error: RMS = 0.022011581378047537, max = 0.05118618303517365 (LTTC)
[2026-08-31 22:42:18.582] [info] Frame 247 (t = 1.235):	 total squared error = 0.014057865105809954, marker error: RMS = 0.02201712899462281, max = 0.051185098690361426 (LTTC)
[2026-08-31 22:42:18.587] [info] Frame 248 (t = 1.24):	 total squared error = 0.014063557787063351, marker error: RMS = 0.022021586421496202, max = 0.051183204898962206 (LTTC)
[2026-08-31 22:42:18.593] [info] Frame 249 (t = 1.245):	 total squared error = 0.014070885615544104, marker error: RMS = 0.02202732285730932, max = 0.05118612204031679 (LTTC)
[2026-08-31 22:42:18.599] [info] Frame 250 (t = 1.25):	 total squared error = 0.01407736657457992, marker error: RMS = 0.022032395094637443, max = 0.05117896006706357 (LTTC)
[2026-08-31 22:42:18.605] [info] Frame 251 (t = 1.255):	 total squared error = 0.014072855672010444, marker error: RMS = 0.022028864819634703, max = 0.05117933280245731 (LTTC)
[2026-08-31 22:42:18.612] [info] Frame 252 (t = 1.26):	 total squared error = 0.014090006306045285, marker error: RMS = 0.022042284056225995, max = 0.051184205520172395 (LTTC)
[2026-08-31 22:42:18.617] [info] Frame 253 (t = 1.265):	 total squared error = 0.01410440456160069, marker error: RMS = 0.022053543433793826, max = 0.05119680097346987 (LTTC)
[2026-08-31 22:42:18.624] [info] Frame 254 (t = 1.27):	 total squared error = 0.014101909060411129, marker error: RMS = 0.022051592373819026, max = 0.05117579713166829 (LTTC)
[2026-08-31 22:42:18.631] [info] Frame 255 (t = 1.275):	 total squared error = 0.014108396877512006, marker error: RMS = 0.022056664390885085, max = 0.05117395386743669 (LTTC)
[2026-08-31 22:42:18.636] [info] Frame 256 (t = 1.28):	 total squared error = 0.014110520119898455, marker error: RMS = 0.02205832403667249, max = 0.05116108588730355 (LTTC)
[2026-08-31 22:42:18.641] [info] Frame 257 (t = 1.285):	 total squared error = 0.014120220786063628, marker error: RMS = 0.022065905035522037, max = 0.051155904299165625 (LTTC)
[2026-08-31 22:42:18.645] [info] Frame 258 (t = 1.29):	 total squared error = 0.014127456220552751, marker error: RMS = 0.022071557778681618, max = 0.0511444154451304 (LTTC)
[2026-08-31 22:42:18.650] [info] Frame 259 (t = 1.295):	 total squared error = 0.014135546265663773, marker error: RMS = 0.022077876479645295, max = 0.051138351194345615 (LTTC)
[2026-08-31 22:42:18.660] [info] Frame 260 (t = 1.3):	 total squared error = 0.014144103292586776, marker error: RMS = 0.022084557947678544, max = 0.05113425515101545 (LTTC)
[2026-08-31 22:42:18.669] [info] Frame 261 (t = 1.305):	 total squared error = 0.014152996122495001, marker error: RMS = 0.02209149947494628, max = 0.051132383752615626 (LTTC)
[2026-08-31 22:42:18.676] [info] Frame 262 (t = 1.31):	 total squared error = 0.014161985394989451, marker error: RMS = 0.02209851406690399, max = 0.05113196970752491 (LTTC)
[2026-08-31 22:42:18.684] [info] Frame 263 (t = 1.315):	 total squared error = 0.014156201259456156, marker error: RMS = 0.0220940007924262, max = 0.05113967770423359 (LTTC)
[2026-08-31 22:42:18.690] [info] Frame 264 (t = 1.32):	 total squared error = 0.014177902858099434, marker error: RMS = 0.022110929469459865, max = 0.05116033318974058 (LTTC)
[2026-08-31 22:42:18.698] [info] Frame 265 (t = 1.325):	 total squared error = 0.014188734253528077, marker error: RMS = 0.02211937382471574, max = 0.05116671501125042 (LTTC)
[2026-08-31 22:42:18.704] [info] Frame 266 (t = 1.33):	 total squared error = 0.014197815190712558, marker error: RMS = 0.02212645100693968, max = 0.05117062560682641 (LTTC)
[2026-08-31 22:42:18.712] [info] Frame 267 (t = 1.335):	 total squared error = 0.01420493911194292, marker error: RMS = 0.022132001414664725, max = 0.05118506596551546 (LTTC)
[2026-08-31 22:42:18.717] [info] Frame 268 (t = 1.34):	 total squared error = 0.014217252891517831, marker error: RMS = 0.022141592077073217, max = 0.05120261643804552 (LTTC)
[2026-08-31 22:42:18.723] [info] Frame 269 (t = 1.345):	 total squared error = 0.014216575451887937, marker error: RMS = 0.022141064557068473, max = 0.05119345868917834 (LTTC)
[2026-08-31 22:42:18.732] [info] Frame 270 (t = 1.35):	 total squared error = 0.014214255737876595, marker error: RMS = 0.02213925810821021, max = 0.05119950305148632 (LTTC)
[2026-08-31 22:42:18.737] [info] Frame 271 (t = 1.355):	 total squared error = 0.014229028894446591, marker error: RMS = 0.022150760004433716, max = 0.05122283502935742 (LTTC)
[2026-08-31 22:42:18.744] [info] Frame 272 (t = 1.36):	 total squared error = 0.01424054710711385, marker error: RMS = 0.022159723565991683, max = 0.051231388493744354 (LTTC)
[2026-08-31 22:42:18.757] [info] Frame 273 (t = 1.365):	 total squared error = 0.014172751241343758, marker error: RMS = 0.022106912042307865, max = 0.05130389232973141 (LTTC)
[2026-08-31 22:42:18.766] [info] Frame 274 (t = 1.37):	 total squared error = 0.014181167367651123, marker error: RMS = 0.02211347488067659, max = 0.05130165939412268 (LTTC)
[2026-08-31 22:42:18.772] [info] Frame 275 (t = 1.375):	 total squared error = 0.0141845379226012, marker error: RMS = 0.02211610267047691, max = 0.051291590030055366 (LTTC)
[2026-08-31 22:42:18.780] [info] Frame 276 (t = 1.38):	 total squared error = 0.014196965080319054, marker error: RMS = 0.022125788573766177, max = 0.05130941086418358 (LTTC)
[2026-08-31 22:42:18.784] [info] Frame 277 (t = 1.385):	 total squared error = 0.014210042349402974, marker error: RMS = 0.022135976606516384, max = 0.05131003338731206 (LTTC)
[2026-08-31 22:42:18.790] [info] Frame 278 (t = 1.39):	 total squared error = 0.01422883589187635, marker error: RMS = 0.022150609777452576, max = 0.05133746377158258 (LTTC)
[2026-08-31 22:42:18.796] [info] Frame 279 (t = 1.395):	 total squared error = 0.0142279634733934, marker error: RMS = 0.02214993070230726, max = 0.051316519658772604 (LTTC)
[2026-08-31 22:42:18.804] [info] Frame 280 (t = 1.4):	 total squared error = 0.014223697254884676, marker error: RMS = 0.022146609653261925, max = 0.051339838755751446 (LTTC)
[2026-08-31 22:42:18.808] [info] Frame 281 (t = 1.405):	 total squared error = 0.014233640790617577, marker error: RMS = 0.02215434945279297, max = 0.05132737945037421 (LTTC)
[2026-08-31 22:42:18.813] [info] Frame 282 (t = 1.41):	 total squared error = 0.014242396161194684, marker error: RMS = 0.02216116217635513, max = 0.05132645712485486 (LTTC)
[2026-08-31 22:42:18.820] [info] Frame 283 (t = 1.415):	 total squared error = 0.0142107329879687, marker error: RMS = 0.022136514527973834, max = 0.05129200246944933 (LTTC)
[2026-08-31 22:42:18.827] [info] Frame 284 (t = 1.42):	 total squared error = 0.014228495156033178, marker error: RMS = 0.022150344557165337, max = 0.051327386017898755 (LTTC)
[2026-08-31 22:42:18.832] [info] Frame 285 (t = 1.425):	 total squared error = 0.014232882311930354, marker error: RMS = 0.02215375916721534, max = 0.0513276256030965 (LTTC)
[2026-08-31 22:42:18.838] [info] Frame 286 (t = 1.43):	 total squared error = 0.014235316678765783, marker error: RMS = 0.022155653655962355, max = 0.05132716596804715 (LTTC)
[2026-08-31 22:42:18.843] [info] Frame 287 (t = 1.435):	 total squared error = 0.014221476567481033, marker error: RMS = 0.022144880756198318, max = 0.051283586045796206 (LTTC)
[2026-08-31 22:42:18.851] [info] Frame 288 (t = 1.44):	 total squared error = 0.014220594632944039, marker error: RMS = 0.022144194096206892, max = 0.051317338488239425 (LTTC)
[2026-08-31 22:42:18.859] [info] Frame 289 (t = 1.445):	 total squared error = 0.014220126022710623, marker error: RMS = 0.022143829235182384, max = 0.05131341979570902 (LTTC)
[2026-08-31 22:42:18.867] [info] Frame 290 (t = 1.45):	 total squared error = 0.014216714117964139, marker error: RMS = 0.02214117253690753, max = 0.051302060100104685 (LTTC)
[2026-08-31 22:42:18.873] [info] Frame 291 (t = 1.455):	 total squared error = 0.01421681841449104, marker error: RMS = 0.022141253752691385, max = 0.051293067650503656 (LTTC)
[2026-08-31 22:42:18.879] [info] Frame 292 (t = 1.46):	 total squared error = 0.014207669799948195, marker error: RMS = 0.02213412858628222, max = 0.051286785547265866 (LTTC)
[2026-08-31 22:42:18.886] [info] Frame 293 (t = 1.465):	 total squared error = 0.014195462118007613, marker error: RMS = 0.022124617368994213, max = 0.05129692697179984 (LTTC)
[2026-08-31 22:42:18.893] [info] Frame 294 (t = 1.47):	 total squared error = 0.014182080075970346, marker error: RMS = 0.02211418648738808, max = 0.0512730436446523 (LTTC)
[2026-08-31 22:42:18.901] [info] Frame 295 (t = 1.475):	 total squared error = 0.014174832910378455, marker error: RMS = 0.022108535495079455, max = 0.051255413844375944 (LTTC)
[2026-08-31 22:42:18.907] [info] Frame 296 (t = 1.48):	 total squared error = 0.014168357118318946, marker error: RMS = 0.02210348476061461, max = 0.05127535468961105 (LTTC)
[2026-08-31 22:42:18.916] [info] Frame 297 (t = 1.485):	 total squared error = 0.014156606498777244, marker error: RMS = 0.022094317024642835, max = 0.05124125991362861 (LTTC)
[2026-08-31 22:42:18.922] [info] Frame 298 (t = 1.49):	 total squared error = 0.014162905453383702, marker error: RMS = 0.022099231889744025, max = 0.05123359702944134 (LTTC)
[2026-08-31 22:42:18.929] [info] Frame 299 (t = 1.495):	 total squared error = 0.014145538957641077, marker error: RMS = 0.022085678740665842, max = 0.051240189681930344 (LTTC)
[2026-08-31 22:42:18.936] [info] Frame 300 (t = 1.5):	 total squared error = 0.014139018488471882, marker error: RMS = 0.022080587892342095, max = 0.051212514753454744 (LTTC)
[2026-08-31 22:42:18.943] [info] Frame 301 (t = 1.505):	 total squared error = 0.014118551487724548, marker error: RMS = 0.022064600676762414, max = 0.051212469579796076 (LTTC)
[2026-08-31 22:42:18.951] [info] Frame 302 (t = 1.51):	 total squared error = 0.01412922147226309, marker error: RMS = 0.022072936676534764, max = 0.05120388176228964 (LTTC)
[2026-08-31 22:42:18.958] [info] Frame 303 (t = 1.515):	 total squared error = 0.014100358019963448, marker error: RMS = 0.022050379635455374, max = 0.05117793624533068 (LTTC)
[2026-08-31 22:42:18.965] [info] Frame 304 (t = 1.52):	 total squared error = 0.014087726634352898, marker error: RMS = 0.02204050083475082, max = 0.051186643564289376 (LTTC)
[2026-08-31 22:42:18.972] [info] Frame 305 (t = 1.525):	 total squared error = 0.01408602408281489, marker error: RMS = 0.02203916895830982, max = 0.0511653270212055 (LTTC)
[2026-08-31 22:42:18.978] [info] Frame 306 (t = 1.53):	 total squared error = 0.014092073531783683, marker error: RMS = 0.022043900971958352, max = 0.051189573273170856 (LTTC)
[2026-08-31 22:42:18.984] [info] Frame 307 (t = 1.535):	 total squared error = 0.014062846683863515, marker error: RMS = 0.022021029669827694, max = 0.051152503606841204 (LTTC)
[2026-08-31 22:42:18.991] [info] Frame 308 (t = 1.54):	 total squared error = 0.014052580482649948, marker error: RMS = 0.022012990273496073, max = 0.05116139569471014 (LTTC)
[2026-08-31 22:42:18.997] [info] Frame 309 (t = 1.545):	 total squared error = 0.014040298799346259, marker error: RMS = 0.022003368707091554, max = 0.05114786384856374 (LTTC)
[2026-08-31 22:42:19.004] [info] Frame 310 (t = 1.55):	 total squared error = 0.01402480360291793, marker error: RMS = 0.021991223643581036, max = 0.05114686716110559 (LTTC)
[2026-08-31 22:42:19.010] [info] Frame 311 (t = 1.555):	 total squared error = 0.014022459264273212, marker error: RMS = 0.021989385577555063, max = 0.051166222644370714 (LTTC)
[2026-08-31 22:42:19.016] [info] Frame 312 (t = 1.56):	 total squared error = 0.014029241079253086, marker error: RMS = 0.021994702402336516, max = 0.05117545157482613 (LTTC)
[2026-08-31 22:42:19.022] [info] Frame 313 (t = 1.565):	 total squared error = 0.014023448606863753, marker error: RMS = 0.02199016128499583, max = 0.051182364249190336 (LTTC)
[2026-08-31 22:42:19.027] [info] Frame 314 (t = 1.57):	 total squared error = 0.014016569292036464, marker error: RMS = 0.021984766898638344, max = 0.05118807763164414 (LTTC)
[2026-08-31 22:42:19.033] [info] Frame 315 (t = 1.575):	 total squared error = 0.014009049500249973, marker error: RMS = 0.02197886877030783, max = 0.051192770778997615 (LTTC)
[2026-08-31 22:42:19.039] [info] Frame 316 (t = 1.58):	 total squared error = 0.014001653627762971, marker error: RMS = 0.021973066293456956, max = 0.05119655098434034 (LTTC)
[2026-08-31 22:42:19.044] [info] Frame 317 (t = 1.585):	 total squared error = 0.013995613123976123, marker error: RMS = 0.021968326042341616, max = 0.05119471058693797 (LTTC)
[2026-08-31 22:42:19.050] [info] Frame 318 (t = 1.59):	 total squared error = 0.013988161611383108, marker error: RMS = 0.02196247710055769, max = 0.05120470170403989 (LTTC)
[2026-08-31 22:42:19.056] [info] Frame 319 (t = 1.595):	 total squared error = 0.013980672441228062, marker error: RMS = 0.02195659703018196, max = 0.05120446584155246 (LTTC)
[2026-08-31 22:42:19.060] [info] Frame 320 (t = 1.6):	 total squared error = 0.013973760581553946, marker error: RMS = 0.021951168833504803, max = 0.05120761801278672 (LTTC)
[2026-08-31 22:42:19.068] [info] Frame 321 (t = 1.605):	 total squared error = 0.013938822682928518, marker error: RMS = 0.021923709951374968, max = 0.05114829905673152 (LTTC)
[2026-08-31 22:42:19.073] [info] Frame 322 (t = 1.61):	 total squared error = 0.013955658094100787, marker error: RMS = 0.02193694576397889, max = 0.05119227112664287 (LTTC)
[2026-08-31 22:42:19.076] [info] Frame 323 (t = 1.615):	 total squared error = 0.013958798064160097, marker error: RMS = 0.02193941348991314, max = 0.05119062191990563 (LTTC)
[2026-08-31 22:42:19.082] [info] Frame 324 (t = 1.62):	 total squared error = 0.013956656087772912, marker error: RMS = 0.021937730124756576, max = 0.05119599188991423 (LTTC)
[2026-08-31 22:42:19.089] [info] Frame 325 (t = 1.625):	 total squared error = 0.013945626574361939, marker error: RMS = 0.021929060056874256, max = 0.05119495569421451 (LTTC)
[2026-08-31 22:42:19.103] [info] Frame 326 (t = 1.63):	 total squared error = 0.013936320620674106, marker error: RMS = 0.02192174217582273, max = 0.05104867605455874 (LTTC)
[2026-08-31 22:42:19.110] [info] Frame 327 (t = 1.635):	 total squared error = 0.013940991737130887, marker error: RMS = 0.021925415686014103, max = 0.05106120732238094 (LTTC)
[2026-08-31 22:42:19.116] [info] Frame 328 (t = 1.64):	 total squared error = 0.013926338685063593, marker error: RMS = 0.021913890009467064, max = 0.051025551157869636 (LTTC)
[2026-08-31 22:42:19.123] [info] Frame 329 (t = 1.645):	 total squared error = 0.01391932120707042, marker error: RMS = 0.021908368112373313, max = 0.05103921643890352 (LTTC)
[2026-08-31 22:42:19.128] [info] Frame 330 (t = 1.65):	 total squared error = 0.01391585416158059, marker error: RMS = 0.02190563945778582, max = 0.051027092028721 (LTTC)
[2026-08-31 22:42:19.135] [info] Frame 331 (t = 1.655):	 total squared error = 0.01390751318745971, marker error: RMS = 0.02189907350225647, max = 0.05101194256613644 (LTTC)
[2026-08-31 22:42:19.142] [info] Frame 332 (t = 1.66):	 total squared error = 0.013910906568777366, marker error: RMS = 0.0219017449854142, max = 0.05101321022576138 (LTTC)
[2026-08-31 22:42:19.150] [info] Frame 333 (t = 1.665):	 total squared error = 0.013900583121919058, marker error: RMS = 0.02189361670624494, max = 0.050992562490393196 (LTTC)
[2026-08-31 22:42:19.156] [info] Frame 334 (t = 1.67):	 total squared error = 0.013887630844719043, marker error: RMS = 0.021883414318421408, max = 0.05097104604007745 (LTTC)
[2026-08-31 22:42:19.163] [info] Frame 335 (t = 1.675):	 total squared error = 0.013887398026195607, marker error: RMS = 0.02188323088592599, max = 0.050971137737818674 (LTTC)
[2026-08-31 22:42:19.168] [info] Frame 336 (t = 1.68):	 total squared error = 0.013894946783766422, marker error: RMS = 0.02188917759971684, max = 0.05097046518830787 (LTTC)
[2026-08-31 22:42:19.176] [info] Frame 337 (t = 1.685):	 total squared error = 0.013871719343657142, marker error: RMS = 0.02187087446311374, max = 0.0509373628572081 (LTTC)
[2026-08-31 22:42:19.180] [info] Frame 338 (t = 1.69):	 total squared error = 0.013879095478718108, marker error: RMS = 0.021876688489489027, max = 0.050950183326604455 (LTTC)
[2026-08-31 22:42:19.186] [info] Frame 339 (t = 1.695):	 total squared error = 0.013881169377650947, marker error: RMS = 0.021878322902417507, max = 0.05096062574790569 (LTTC)
[2026-08-31 22:42:19.190] [info] Frame 340 (t = 1.7):	 total squared error = 0.013870061928535998, marker error: RMS = 0.02186956784062557, max = 0.050944606445636774 (LTTC)
[2026-08-31 22:42:19.195] [info] Frame 341 (t = 1.705):	 total squared error = 0.01387023453401657, marker error: RMS = 0.021869703917722506, max = 0.05094642210360772 (LTTC)
[2026-08-31 22:42:19.200] [info] Frame 342 (t = 1.71):	 total squared error = 0.013860084108554164, marker error: RMS = 0.02186170018040065, max = 0.050938158713556454 (LTTC)
[2026-08-31 22:42:19.204] [info] Frame 343 (t = 1.715):	 total squared error = 0.013853659635159768, marker error: RMS = 0.021856632888265424, max = 0.05094129311453875 (LTTC)
[2026-08-31 22:42:19.209] [info] Frame 344 (t = 1.72):	 total squared error = 0.013845422443564808, marker error: RMS = 0.02185013409851126, max = 0.05094256461493973 (LTTC)
[2026-08-31 22:42:19.214] [info] Frame 345 (t = 1.725):	 total squared error = 0.013837295693194, marker error: RMS = 0.021843720547368235, max = 0.050946538191726815 (LTTC)
[2026-08-31 22:42:19.218] [info] Frame 346 (t = 1.73):	 total squared error = 0.013828594521690102, marker error: RMS = 0.02183685158063843, max = 0.050950824034733735 (LTTC)
[2026-08-31 22:42:19.226] [info] Frame 347 (t = 1.735):	 total squared error = 0.013813614685048691, marker error: RMS = 0.021825020981977267, max = 0.05088194156132775 (LTTC)
[2026-08-31 22:42:19.231] [info] Frame 348 (t = 1.74):	 total squared error = 0.013785738445651473, marker error: RMS = 0.021802988126157413, max = 0.050907981166151584 (LTTC)
[2026-08-31 22:42:19.238] [info] Frame 349 (t = 1.745):	 total squared error = 0.01378003278512781, marker error: RMS = 0.02179847573374689, max = 0.05089547220653446 (LTTC)
[2026-08-31 22:42:19.243] [info] Frame 350 (t = 1.75):	 total squared error = 0.01378170081708569, marker error: RMS = 0.02179979501413092, max = 0.05090738354084222 (LTTC)
[2026-08-31 22:42:19.253] [info] Frame 351 (t = 1.755):	 total squared error = 0.013758901634061366, marker error: RMS = 0.0217817557587342, max = 0.050903083992403765 (LTTC)
[2026-08-31 22:42:19.261] [info] Frame 352 (t = 1.76):	 total squared error = 0.013748660563983101, marker error: RMS = 0.021773647916360366, max = 0.05090144123107299 (LTTC)
[2026-08-31 22:42:19.268] [info] Frame 353 (t = 1.765):	 total squared error = 0.013739308955773558, marker error: RMS = 0.021766241621764177, max = 0.05089787866938341 (LTTC)
[2026-08-31 22:42:19.276] [info] Frame 354 (t = 1.77):	 total squared error = 0.013732887641931172, marker error: RMS = 0.02176115460451868, max = 0.050916943845547714 (LTTC)
[2026-08-31 22:42:19.284] [info] Frame 355 (t = 1.775):	 total squared error = 0.01371886035921964, marker error: RMS = 0.02175003793830987, max = 0.05091998756299119 (LTTC)
[2026-08-31 22:42:19.288] [info] Frame 356 (t = 1.78):	 total squared error = 0.013711615010441668, marker error: RMS = 0.021744293750427607, max = 0.05093868784157883 (LTTC)
[2026-08-31 22:42:19.296] [info] Frame 357 (t = 1.785):	 total squared error = 0.013695756167281647, marker error: RMS = 0.021731715395803312, max = 0.05093780078602357 (LTTC)
[2026-08-31 22:42:19.302] [info] Frame 358 (t = 1.79):	 total squared error = 0.013692713322683488, marker error: RMS = 0.02172930114772208, max = 0.05096819333075895 (LTTC)
[2026-08-31 22:42:19.316] [info] Frame 359 (t = 1.795):	 total squared error = 0.013682518102771487, marker error: RMS = 0.021721210119629287, max = 0.05087015093804827 (LTTC)
[2026-08-31 22:42:19.322] [info] Frame 360 (t = 1.8):	 total squared error = 0.013686778038842126, marker error: RMS = 0.021724591213837584, max = 0.05090108670792022 (LTTC)
[2026-08-31 22:42:19.330] [info] Frame 361 (t = 1.805):	 total squared error = 0.01366845798882138, marker error: RMS = 0.021710046926378693, max = 0.05090956396420383 (LTTC)
[2026-08-31 22:42:19.336] [info] Frame 362 (t = 1.81):	 total squared error = 0.01366597419296697, marker error: RMS = 0.021708074290748457, max = 0.05093664497793971 (LTTC)
[2026-08-31 22:42:19.343] [info] Frame 363 (t = 1.815):	 total squared error = 0.013647313082791273, marker error: RMS = 0.021693247863214755, max = 0.050944238223431394 (LTTC)
[2026-08-31 22:42:19.350] [info] Frame 364 (t = 1.82):	 total squared error = 0.01363179845850053, marker error: RMS = 0.02168091362951209, max = 0.0509393645022668 (LTTC)
[2026-08-31 22:42:19.355] [info] Frame 365 (t = 1.825):	 total squared error = 0.013641158671284568, marker error: RMS = 0.02168835590284412, max = 0.050981181793078464 (LTTC)
[2026-08-31 22:42:19.362] [info] Frame 366 (t = 1.83):	 total squared error = 0.013621716420241072, marker error: RMS = 0.02167289457637483, max = 0.05098549360119203 (LTTC)
[2026-08-31 22:42:19.372] [info] Frame 367 (t = 1.835):	 total squared error = 0.013615878706324708, marker error: RMS = 0.021668250017912914, max = 0.0509853026234001 (LTTC)
[2026-08-31 22:42:19.381] [info] Frame 368 (t = 1.84):	 total squared error = 0.01360768441169354, marker error: RMS = 0.021661728854247754, max = 0.05098822757700784 (LTTC)
[2026-08-31 22:42:19.386] [info] Frame 369 (t = 1.845):	 total squared error = 0.013619194394953045, marker error: RMS = 0.021670888143530607, max = 0.05101325238022791 (LTTC)
[2026-08-31 22:42:19.391] [info] Frame 370 (t = 1.85):	 total squared error = 0.013617560638743052, marker error: RMS = 0.021669588286545294, max = 0.051030160060586166 (LTTC)
[2026-08-31 22:42:19.397] [info] Frame 371 (t = 1.855):	 total squared error = 0.013619452116429107, marker error: RMS = 0.021671093186013155, max = 0.05105077686149594 (LTTC)
[2026-08-31 22:42:19.404] [info] Frame 372 (t = 1.86):	 total squared error = 0.01360346097216053, marker error: RMS = 0.021658367000052976, max = 0.051039789087737625 (LTTC)
[2026-08-31 22:42:19.411] [info] Frame 373 (t = 1.865):	 total squared error = 0.013599639154723042, marker error: RMS = 0.021655324386875265, max = 0.051049831219138725 (LTTC)
[2026-08-31 22:42:19.422] [info] Frame 374 (t = 1.87):	 total squared error = 0.013603704146363096, marker error: RMS = 0.02165856058066449, max = 0.05105430931289042 (LTTC)
[2026-08-31 22:42:19.435] [info] Frame 375 (t = 1.875):	 total squared error = 0.013607819993407856, marker error: RMS = 0.021661836768530913, max = 0.050972115473442 (LTTC)
[2026-08-31 22:42:19.444] [info] Frame 376 (t = 1.88):	 total squared error = 0.013606384430479596, marker error: RMS = 0.02166069412591706, max = 0.0509893594915814 (LTTC)
[2026-08-31 22:42:19.453] [info] Frame 377 (t = 1.885):	 total squared error = 0.013614830324099882, marker error: RMS = 0.021667415806403453, max = 0.051030627375131615 (LTTC)
[2026-08-31 22:42:19.459] [info] Frame 378 (t = 1.89):	 total squared error = 0.013611319466913413, marker error: RMS = 0.02166462193731221, max = 0.051022389797950325 (LTTC)
[2026-08-31 22:42:19.467] [info] Frame 379 (t = 1.895):	 total squared error = 0.013614824376517677, marker error: RMS = 0.021667411073742534, max = 0.051038356349894475 (LTTC)
[2026-08-31 22:42:19.474] [info] Frame 380 (t = 1.9):	 total squared error = 0.013621961778724262, marker error: RMS = 0.021673089764867606, max = 0.0510658002775737 (LTTC)
[2026-08-31 22:42:19.482] [info] Frame 381 (t = 1.905):	 total squared error = 0.013625803541019376, marker error: RMS = 0.021676145748677496, max = 0.05106501598869454 (LTTC)
[2026-08-31 22:42:19.489] [info] Frame 382 (t = 1.91):	 total squared error = 0.01363538109373337, marker error: RMS = 0.02168376247232761, max = 0.05109232389880001 (LTTC)
[2026-08-31 22:42:19.496] [info] Frame 383 (t = 1.915):	 total squared error = 0.01363422165349699, marker error: RMS = 0.021682840548657753, max = 0.051074980161902754 (LTTC)
[2026-08-31 22:42:19.504] [info] Frame 384 (t = 1.92):	 total squared error = 0.013638350872807771, marker error: RMS = 0.021686123699990796, max = 0.051080824278769234 (LTTC)
[2026-08-31 22:42:19.513] [info] Frame 385 (t = 1.925):	 total squared error = 0.01364366978735904, marker error: RMS = 0.02169035204827017, max = 0.051052186474752785 (LTTC)
[2026-08-31 22:42:19.520] [info] Frame 386 (t = 1.93):	 total squared error = 0.013654446446153636, marker error: RMS = 0.021698916583595816, max = 0.051092652135227005 (LTTC)
[2026-08-31 22:42:19.525] [info] Frame 387 (t = 1.935):	 total squared error = 0.013658916788259012, marker error: RMS = 0.021702468307305996, max = 0.051084562890835884 (LTTC)
[2026-08-31 22:42:19.532] [info] Frame 388 (t = 1.94):	 total squared error = 0.013668751284245578, marker error: RMS = 0.021710279850358494, max = 0.05110378510917215 (LTTC)
[2026-08-31 22:42:19.538] [info] Frame 389 (t = 1.945):	 total squared error = 0.013654726536824415, marker error: RMS = 0.021699139135017358, max = 0.05109497107653434 (LTTC)
[2026-08-31 22:42:19.544] [info] Frame 390 (t = 1.95):	 total squared error = 0.013676204944450683, marker error: RMS = 0.02171619842298774, max = 0.05111208036481444 (LTTC)
[2026-08-31 22:42:19.550] [info] Frame 391 (t = 1.955):	 total squared error = 0.013682462979401521, marker error: RMS = 0.02172116636498199, max = 0.051117443583582674 (LTTC)
[2026-08-31 22:42:19.556] [info] Frame 392 (t = 1.96):	 total squared error = 0.013687938888018154, marker error: RMS = 0.02172551248395032, max = 0.05111241991014507 (LTTC)
[2026-08-31 22:42:19.564] [info] Frame 393 (t = 1.965):	 total squared error = 0.013686260331115302, marker error: RMS = 0.02172418033937688, max = 0.0510896683540356 (LTTC)
[2026-08-31 22:42:19.570] [info] Frame 394 (t = 1.97):	 total squared error = 0.013679715275260589, marker error: RMS = 0.021718985239567987, max = 0.05110138589211246 (LTTC)
[2026-08-31 22:42:19.575] [info] Frame 395 (t = 1.975):	 total squared error = 0.013703507846277573, marker error: RMS = 0.021737864506890192, max = 0.05110042702391946 (LTTC)
[2026-08-31 22:42:19.581] [info] Frame 396 (t = 1.98):	 total squared error = 0.013710948770810484, marker error: RMS = 0.021743765472532567, max = 0.0511167567405996 (LTTC)
[2026-08-31 22:42:19.586] [info] Frame 397 (t = 1.985):	 total squared error = 0.013716555675141427, marker error: RMS = 0.021748210925341713, max = 0.051114301257401705 (LTTC)
[2026-08-31 22:42:19.593] [info] Frame 398 (t = 1.99):	 total squared error = 0.013705810542528766, marker error: RMS = 0.02173969081286399, max = 0.051087911409588745 (LTTC)
[2026-08-31 22:42:19.600] [info] Frame 399 (t = 1.995):	 total squared error = 0.013717350745594315, marker error: RMS = 0.021748841226043883, max = 0.05109742878661722 (LTTC)
[2026-08-31 22:42:19.607] [info] Frame 400 (t = 2):	 total squared error = 0.013719867421057477, marker error: RMS = 0.021750836227331326, max = 0.05110224684991651 (LTTC)
[2026-08-31 22:42:19.614] [info] Frame 401 (t = 2.005):	 total squared error = 0.013734407051904114, marker error: RMS = 0.02176235840089735, max = 0.051118450863054846 (LTTC)
[2026-08-31 22:42:19.620] [info] Frame 402 (t = 2.01):	 total squared error = 0.013736442608203055, marker error: RMS = 0.02176397102473771, max = 0.051099833624177304 (LTTC)
[2026-08-31 22:42:19.628] [info] Frame 403 (t = 2.015):	 total squared error = 0.013741815431860267, marker error: RMS = 0.02176822695000458, max = 0.051101839132810196 (LTTC)
[2026-08-31 22:42:19.636] [info] Frame 404 (t = 2.02):	 total squared error = 0.013744606306923311, marker error: RMS = 0.021770437331804917, max = 0.0511037678763748 (LTTC)
[2026-08-31 22:42:19.641] [info] Frame 405 (t = 2.025):	 total squared error = 0.013765866812686175, marker error: RMS = 0.021787268358066825, max = 0.05113062628746938 (LTTC)
[2026-08-31 22:42:19.648] [info] Frame 406 (t = 2.03):	 total squared error = 0.01376446603583451, marker error: RMS = 0.021786159823529303, max = 0.05110695002588519 (LTTC)
[2026-08-31 22:42:19.655] [info] Frame 407 (t = 2.035):	 total squared error = 0.013768813840798732, marker error: RMS = 0.021789600367273225, max = 0.0511160421078477 (LTTC)
[2026-08-31 22:42:19.663] [info] Frame 408 (t = 2.04):	 total squared error = 0.013770549640331161, marker error: RMS = 0.021790973803888714, max = 0.05111591056219432 (LTTC)
[2026-08-31 22:42:19.671] [info] Frame 409 (t = 2.045):	 total squared error = 0.013771751051296726, marker error: RMS = 0.02179192435940649, max = 0.05111093383742777 (LTTC)
[2026-08-31 22:42:19.680] [info] Frame 410 (t = 2.05):	 total squared error = 0.013781389222132862, marker error: RMS = 0.021799548573412743, max = 0.05110798535948334 (LTTC)
[2026-08-31 22:42:19.687] [info] Frame 411 (t = 2.055):	 total squared error = 0.013785946607856567, marker error: RMS = 0.02180315273616257, max = 0.051099305454720814 (LTTC)
[2026-08-31 22:42:19.694] [info] Frame 412 (t = 2.06):	 total squared error = 0.013788368490296113, marker error: RMS = 0.021805067815166362, max = 0.05109996728860543 (LTTC)
[2026-08-31 22:42:19.702] [info] Frame 413 (t = 2.065):	 total squared error = 0.013780216936508174, marker error: RMS = 0.02179862138673799, max = 0.05108002700771853 (LTTC)
[2026-08-31 22:42:19.707] [info] Frame 414 (t = 2.07):	 total squared error = 0.0137945769978413, marker error: RMS = 0.021809976361543342, max = 0.05110787644370256 (LTTC)
[2026-08-31 22:42:19.715] [info] Frame 415 (t = 2.075):	 total squared error = 0.013798982752959411, marker error: RMS = 0.0218134589527053, max = 0.05110372851772419 (LTTC)
[2026-08-31 22:42:19.720] [info] Frame 416 (t = 2.08):	 total squared error = 0.013799164527263014, marker error: RMS = 0.02181360262681966, max = 0.05110924372562636 (LTTC)
[2026-08-31 22:42:19.727] [info] Frame 417 (t = 2.085):	 total squared error = 0.013771714042224414, marker error: RMS = 0.02179189507847325, max = 0.05110572764019182 (LTTC)
[2026-08-31 22:42:19.733] [info] Frame 418 (t = 2.09):	 total squared error = 0.013784882423994628, marker error: RMS = 0.02180231119035764, max = 0.05109316577640081 (LTTC)
[2026-08-31 22:42:19.739] [info] Frame 419 (t = 2.095):	 total squared error = 0.013784115900476719, marker error: RMS = 0.021801705011208386, max = 0.0510910391329837 (LTTC)
[2026-08-31 22:42:19.745] [info] Frame 420 (t = 2.1):	 total squared error = 0.013784464133410149, marker error: RMS = 0.021801980401512523, max = 0.05108920278044637 (LTTC)
[2026-08-31 22:42:19.752] [info] Frame 421 (t = 2.105):	 total squared error = 0.013740086074634885, marker error: RMS = 0.02176685718102487, max = 0.051078469016840156 (LTTC)
[2026-08-31 22:42:19.758] [info] Frame 422 (t = 2.11):	 total squared error = 0.013745311037631554, marker error: RMS = 0.021770995445246643, max = 0.05103834352674765 (LTTC)
[2026-08-31 22:42:19.764] [info] Frame 423 (t = 2.115):	 total squared error = 0.01375003675317351, marker error: RMS = 0.021774737619206654, max = 0.051041424261136586 (LTTC)
[2026-08-31 22:42:19.770] [info] Frame 424 (t = 2.12):	 total squared error = 0.01372159650462621, marker error: RMS = 0.021752206788266896, max = 0.051005088076814885 (LTTC)
[2026-08-31 22:42:19.775] [info] Frame 425 (t = 2.125):	 total squared error = 0.013725603765387853, marker error: RMS = 0.021755382818169355, max = 0.05100971161049305 (LTTC)
[2026-08-31 22:42:19.781] [info] Frame 426 (t = 2.13):	 total squared error = 0.01371803538691019, marker error: RMS = 0.021749383968216275, max = 0.050990362417790126 (LTTC)
[2026-08-31 22:42:19.787] [info] Frame 427 (t = 2.135):	 total squared error = 0.013705775207039628, marker error: RMS = 0.02173966278887003, max = 0.050970841104893444 (LTTC)
[2026-08-31 22:42:19.792] [info] Frame 428 (t = 2.14):	 total squared error = 0.013697186421661314, marker error: RMS = 0.021732850092906243, max = 0.050955084201344744 (LTTC)
[2026-08-31 22:42:19.802] [info] Frame 429 (t = 2.145):	 total squared error = 0.013656343828983807, marker error: RMS = 0.02170042414092391, max = 0.05093458469506775 (LTTC)
[2026-08-31 22:42:19.808] [info] Frame 430 (t = 2.15):	 total squared error = 0.013667561446449776, marker error: RMS = 0.021709334911308813, max = 0.050926356725468296 (LTTC)
[2026-08-31 22:42:19.817] [info] Frame 431 (t = 2.155):	 total squared error = 0.013638411533399947, marker error: RMS = 0.02168617192765612, max = 0.050879268316656796 (LTTC)
[2026-08-31 22:42:19.821] [info] Frame 432 (t = 2.16):	 total squared error = 0.013630354178717637, marker error: RMS = 0.02167976506005609, max = 0.05085125326654071 (LTTC)
[2026-08-31 22:42:19.830] [info] Frame 433 (t = 2.165):	 total squared error = 0.013616231342432141, marker error: RMS = 0.02166853060787825, max = 0.050839868633755295 (LTTC)
[2026-08-31 22:42:19.841] [info] Frame 434 (t = 2.17):	 total squared error = 0.013604706482354598, marker error: RMS = 0.021659358479335564, max = 0.05081404670880898 (LTTC)
[2026-08-31 22:42:19.848] [info] Frame 435 (t = 2.175):	 total squared error = 0.013616939845901756, marker error: RMS = 0.021669094347911293, max = 0.05080935024445292 (LTTC)
[2026-08-31 22:42:19.854] [info] Frame 436 (t = 2.18):	 total squared error = 0.013617074914667189, marker error: RMS = 0.021669201817379358, max = 0.050796552144807786 (LTTC)
[2026-08-31 22:42:19.861] [info] Frame 437 (t = 2.185):	 total squared error = 0.013599749300891122, marker error: RMS = 0.02165541208207596, max = 0.05076816094582718 (LTTC)
[2026-08-31 22:42:19.866] [info] Frame 438 (t = 2.19):	 total squared error = 0.013599633802057327, marker error: RMS = 0.021655320125228226, max = 0.050747359272061164 (LTTC)
[2026-08-31 22:42:19.874] [info] Frame 439 (t = 2.195):	 total squared error = 0.013599833645369083, marker error: RMS = 0.021655479234475417, max = 0.05075069738889475 (LTTC)
[2026-08-31 22:42:19.882] [info] Frame 440 (t = 2.2):	 total squared error = 0.013600916421391806, marker error: RMS = 0.021656341287923677, max = 0.050746710443434255 (LTTC)
[2026-08-31 22:42:19.889] [info] Frame 441 (t = 2.205):	 total squared error = 0.013599924294664658, marker error: RMS = 0.021655551406338618, max = 0.0507313508009674 (LTTC)
[2026-08-31 22:42:19.894] [info] Frame 442 (t = 2.21):	 total squared error = 0.013606641300761103, marker error: RMS = 0.021660898587372867, max = 0.0507266079722983 (LTTC)
[2026-08-31 22:42:19.901] [info] Frame 443 (t = 2.215):	 total squared error = 0.013603738698784265, marker error: RMS = 0.021658588086232965, max = 0.05073053818651371 (LTTC)
[2026-08-31 22:42:19.905] [info] Frame 444 (t = 2.22):	 total squared error = 0.013610741017755813, marker error: RMS = 0.021664161584607735, max = 0.050725426117880765 (LTTC)
[2026-08-31 22:42:19.910] [info] Frame 445 (t = 2.225):	 total squared error = 0.013621434497008313, marker error: RMS = 0.021672670297586148, max = 0.05073148163357568 (LTTC)
[2026-08-31 22:42:19.916] [info] Frame 446 (t = 2.23):	 total squared error = 0.013629220456516477, marker error: RMS = 0.021678863420166273, max = 0.050740538949550544 (LTTC)
[2026-08-31 22:42:19.923] [info] Frame 447 (t = 2.235):	 total squared error = 0.013617833939450553, marker error: RMS = 0.02166980573680135, max = 0.050741363601926 (LTTC)
[2026-08-31 22:42:19.933] [info] Frame 448 (t = 2.24):	 total squared error = 0.013629458174201513, marker error: RMS = 0.021679052478182165, max = 0.05073780222477069 (LTTC)
[2026-08-31 22:42:19.940] [info] Frame 449 (t = 2.245):	 total squared error = 0.013627879361141, marker error: RMS = 0.021677796809687636, max = 0.050759377575237526 (LTTC)
[2026-08-31 22:42:19.946] [info] Frame 450 (t = 2.25):	 total squared error = 0.013624333542120873, marker error: RMS = 0.02167497646828526, max = 0.05074426486091344 (LTTC)
[2026-08-31 22:42:19.952] [info] Frame 451 (t = 2.255):	 total squared error = 0.013647114448651671, marker error: RMS = 0.021693089992017776, max = 0.05078032812899845 (LTTC)
[2026-08-31 22:42:19.957] [info] Frame 452 (t = 2.26):	 total squared error = 0.013644632813468359, marker error: RMS = 0.02169111753171724, max = 0.05078074996867265 (LTTC)
[2026-08-31 22:42:19.965] [info] Frame 453 (t = 2.265):	 total squared error = 0.013647786710076857, marker error: RMS = 0.02169362428987458, max = 0.05079146347901959 (LTTC)
[2026-08-31 22:42:19.971] [info] Frame 454 (t = 2.27):	 total squared error = 0.013661480836213198, marker error: RMS = 0.021704505202291925, max = 0.05080989375657412 (LTTC)
[2026-08-31 22:42:19.979] [info] Frame 455 (t = 2.275):	 total squared error = 0.013647553641551315, marker error: RMS = 0.021693439053882817, max = 0.05080412787646641 (LTTC)
[2026-08-31 22:42:19.986] [info] Frame 456 (t = 2.28):	 total squared error = 0.013659322998335936, marker error: RMS = 0.021702791015757696, max = 0.05082548470673585 (LTTC)
[2026-08-31 22:42:19.991] [info] Frame 457 (t = 2.285):	 total squared error = 0.013662096789282789, marker error: RMS = 0.02170499449060832, max = 0.05082742875971283 (LTTC)
[2026-08-31 22:42:19.997] [info] Frame 458 (t = 2.29):	 total squared error = 0.01364045001034473, marker error: RMS = 0.021687792538299076, max = 0.05081816871845533 (LTTC)
[2026-08-31 22:42:20.003] [info] Frame 459 (t = 2.295):	 total squared error = 0.013653068220871766, marker error: RMS = 0.021697821454978606, max = 0.05083055963157175 (LTTC)
[2026-08-31 22:42:20.009] [info] Frame 460 (t = 2.3):	 total squared error = 0.013638765353300632, marker error: RMS = 0.02168645322689007, max = 0.05081313626480925 (LTTC)
[2026-08-31 22:42:20.015] [info] Frame 461 (t = 2.305):	 total squared error = 0.013654850474398936, marker error: RMS = 0.02169923761126893, max = 0.05083954492144452 (LTTC)
[2026-08-31 22:42:20.021] [info] Frame 462 (t = 2.31):	 total squared error = 0.013637357526018851, marker error: RMS = 0.0216853339331852, max = 0.05082295419890256 (LTTC)
[2026-08-31 22:42:20.030] [info] Frame 463 (t = 2.315):	 total squared error = 0.013617633754322123, marker error: RMS = 0.021669646460781164, max = 0.05080160335012084 (LTTC)
[2026-08-31 22:42:20.035] [info] Frame 464 (t = 2.32):	 total squared error = 0.013635293651473496, marker error: RMS = 0.021683692944376026, max = 0.05083025867913257 (LTTC)
[2026-08-31 22:42:20.049] [info] Frame 465 (t = 2.325):	 total squared error = 0.013621165703723036, marker error: RMS = 0.02167245646192184, max = 0.050717434900991766 (LTTC)
[2026-08-31 22:42:20.055] [info] Frame 466 (t = 2.33):	 total squared error = 0.013612914120281082, marker error: RMS = 0.021665890974844088, max = 0.05071536189861193 (LTTC)
[2026-08-31 22:42:20.061] [info] Frame 467 (t = 2.335):	 total squared error = 0.013609486161292048, marker error: RMS = 0.021663162886601993, max = 0.05070973730958045 (LTTC)
[2026-08-31 22:42:20.067] [info] Frame 468 (t = 2.34):	 total squared error = 0.01361410183602191, marker error: RMS = 0.021666836119956033, max = 0.050735651512676366 (LTTC)
[2026-08-31 22:42:20.073] [info] Frame 469 (t = 2.345):	 total squared error = 0.013595726647364364, marker error: RMS = 0.021652209131031955, max = 0.05071953905612122 (LTTC)
[2026-08-31 22:42:20.082] [info] Frame 470 (t = 2.35):	 total squared error = 0.01358978043443249, marker error: RMS = 0.021647473719321304, max = 0.050724441544660874 (LTTC)
[2026-08-31 22:42:20.088] [info] Frame 471 (t = 2.355):	 total squared error = 0.013605824850598844, marker error: RMS = 0.02166024870952734, max = 0.05074236212925484 (LTTC)
[2026-08-31 22:42:20.096] [info] Frame 472 (t = 2.36):	 total squared error = 0.013589248036898554, marker error: RMS = 0.021647049681031677, max = 0.05072537147545625 (LTTC)
[2026-08-31 22:42:20.104] [info] Frame 473 (t = 2.365):	 total squared error = 0.013571055050394711, marker error: RMS = 0.021632554530865097, max = 0.05073535573235332 (LTTC)
[2026-08-31 22:42:20.109] [info] Frame 474 (t = 2.37):	 total squared error = 0.0135895023473493, marker error: RMS = 0.02164725223253384, max = 0.05075053004288447 (LTTC)
[2026-08-31 22:42:20.115] [info] Frame 475 (t = 2.375):	 total squared error = 0.013584997649453175, marker error: RMS = 0.021643664080019588, max = 0.05072505891990233 (LTTC)
[2026-08-31 22:42:20.121] [info] Frame 476 (t = 2.38):	 total squared error = 0.013581130359911094, marker error: RMS = 0.021640583171368886, max = 0.050723315082121384 (LTTC)
[2026-08-31 22:42:20.126] [info] Frame 477 (t = 2.385):	 total squared error = 0.013579888046827257, marker error: RMS = 0.02163959337914493, max = 0.05072582999263302 (LTTC)
[2026-08-31 22:42:20.132] [info] Frame 478 (t = 2.39):	 total squared error = 0.013576389709309238, marker error: RMS = 0.02163680589381264, max = 0.05072305902972229 (LTTC)
[2026-08-31 22:42:20.138] [info] Frame 479 (t = 2.395):	 total squared error = 0.013561608673517052, marker error: RMS = 0.021625024355989515, max = 0.050709760525573175 (LTTC)
[2026-08-31 22:42:20.147] [info] Frame 480 (t = 2.4):	 total squared error = 0.01355446179560938, marker error: RMS = 0.0216193254828026, max = 0.0507024420745539 (LTTC)
[2026-08-31 22:42:20.152] [info] Frame 481 (t = 2.405):	 total squared error = 0.013553140043918284, marker error: RMS = 0.021618271362133408, max = 0.0506927908811245 (LTTC)
[2026-08-31 22:42:20.157] [info] Frame 482 (t = 2.41):	 total squared error = 0.01356063690056211, marker error: RMS = 0.021624249558884128, max = 0.05070393603041119 (LTTC)
[2026-08-31 22:42:20.162] [info] Frame 483 (t = 2.415):	 total squared error = 0.013561257749412898, marker error: RMS = 0.021624744566490536, max = 0.05069927706272595 (LTTC)
[2026-08-31 22:42:20.168] [info] Frame 484 (t = 2.42):	 total squared error = 0.013547543829519858, marker error: RMS = 0.021613807711195795, max = 0.050701270489276536 (LTTC)
[2026-08-31 22:42:20.174] [info] Frame 485 (t = 2.425):	 total squared error = 0.013558567045332, marker error: RMS = 0.021622599165378353, max = 0.05068181811445399 (LTTC)
[2026-08-31 22:42:20.183] [info] Frame 486 (t = 2.43):	 total squared error = 0.013558389047812706, marker error: RMS = 0.021622457233652418, max = 0.05067036850089925 (LTTC)
[2026-08-31 22:42:20.189] [info] Frame 487 (t = 2.435):	 total squared error = 0.013566985448201866, marker error: RMS = 0.021629310770821017, max = 0.050674356659240624 (LTTC)
[2026-08-31 22:42:20.195] [info] Frame 488 (t = 2.44):	 total squared error = 0.013572937195516532, marker error: RMS = 0.021634054568822208, max = 0.05067616724075842 (LTTC)
[2026-08-31 22:42:20.202] [info] Frame 489 (t = 2.445):	 total squared error = 0.013565941684163038, marker error: RMS = 0.02162847873886063, max = 0.05065960227778036 (LTTC)
[2026-08-31 22:42:20.209] [info] Frame 490 (t = 2.45):	 total squared error = 0.013563521882442415, marker error: RMS = 0.021626549681322355, max = 0.050654722911896814 (LTTC)
[2026-08-31 22:42:20.218] [info] Frame 491 (t = 2.455):	 total squared error = 0.01356782373673945, marker error: RMS = 0.021629978985705234, max = 0.05064648670464922 (LTTC)
[2026-08-31 22:42:20.224] [info] Frame 492 (t = 2.46):	 total squared error = 0.01356399759684314, marker error: RMS = 0.021626928932780922, max = 0.050633110517805675 (LTTC)
[2026-08-31 22:42:20.232] [info] Frame 493 (t = 2.465):	 total squared error = 0.013569877509932132, marker error: RMS = 0.02163161599805514, max = 0.0506387090667885 (LTTC)
[2026-08-31 22:42:20.239] [info] Frame 494 (t = 2.47):	 total squared error = 0.013576145866346968, marker error: RMS = 0.021636611585655368, max = 0.05062481322139023 (LTTC)
[2026-08-31 22:42:20.247] [info] Frame 495 (t = 2.475):	 total squared error = 0.013594198606107659, marker error: RMS = 0.021650992336983685, max = 0.05064554424193632 (LTTC)
[2026-08-31 22:42:20.253] [info] Frame 496 (t = 2.48):	 total squared error = 0.013573326627126653, marker error: RMS = 0.021634364926269224, max = 0.05061674036497575 (LTTC)
[2026-08-31 22:42:20.258] [info] Frame 497 (t = 2.485):	 total squared error = 0.013595348126196206, marker error: RMS = 0.021651907717332188, max = 0.050628162161289396 (LTTC)
[2026-08-31 22:42:20.266] [info] Frame 498 (t = 2.49):	 total squared error = 0.013599011920654342, marker error: RMS = 0.021654824994439572, max = 0.05061668108541525 (LTTC)
[2026-08-31 22:42:20.271] [info] Frame 499 (t = 2.495):	 total squared error = 0.013604757139911229, marker error: RMS = 0.021659398803952595, max = 0.05062089905613317 (LTTC)
[2026-08-31 22:42:20.279] [info] Frame 500 (t = 2.5):	 total squared error = 0.013612125545684042, marker error: RMS = 0.021665263430347352, max = 0.05062603915502024 (LTTC)
[2026-08-31 22:42:20.286] [info] Frame 501 (t = 2.505):	 total squared error = 0.013582930564992645, marker error: RMS = 0.021642017374409187, max = 0.05059889197480518 (LTTC)
[2026-08-31 22:42:20.295] [info] Frame 502 (t = 2.51):	 total squared error = 0.013590520573501436, marker error: RMS = 0.021648063203565503, max = 0.05060449013874814 (LTTC)
[2026-08-31 22:42:20.305] [info] Frame 503 (t = 2.515):	 total squared error = 0.01359563713264777, marker error: RMS = 0.02165213785148197, max = 0.05060511247453168 (LTTC)
[2026-08-31 22:42:20.313] [info] Frame 504 (t = 2.52):	 total squared error = 0.013590091648640794, marker error: RMS = 0.021647721588036253, max = 0.050591917028243075 (LTTC)
[2026-08-31 22:42:20.318] [info] Frame 505 (t = 2.525):	 total squared error = 0.013610064237241199, marker error: RMS = 0.021663622963504256, max = 0.0505963654260539 (LTTC)
[2026-08-31 22:42:20.326] [info] Frame 506 (t = 2.53):	 total squared error = 0.013595340784094502, marker error: RMS = 0.021651901870827613, max = 0.05058977092155662 (LTTC)
[2026-08-31 22:42:20.334] [info] Frame 507 (t = 2.535):	 total squared error = 0.013603415632104656, marker error: RMS = 0.02165833090657683, max = 0.0505841037303784 (LTTC)
[2026-08-31 22:42:20.339] [info] Frame 508 (t = 2.54):	 total squared error = 0.013616038124764146, marker error: RMS = 0.021668376866446407, max = 0.05059245090812735 (LTTC)
[2026-08-31 22:42:20.346] [info] Frame 509 (t = 2.545):	 total squared error = 0.013618859026273918, marker error: RMS = 0.021670621322246487, max = 0.05058935632343894 (LTTC)
[2026-08-31 22:42:20.353] [info] Frame 510 (t = 2.55):	 total squared error = 0.013600804858448673, marker error: RMS = 0.021656252468536395, max = 0.05058152650528232 (LTTC)
[2026-08-31 22:42:20.360] [info] Frame 511 (t = 2.555):	 total squared error = 0.013609806981661294, marker error: RMS = 0.021663418221111903, max = 0.05058007927719058 (LTTC)
[2026-08-31 22:42:20.366] [info] Frame 512 (t = 2.56):	 total squared error = 0.013617996794761082, marker error: RMS = 0.021669935310726512, max = 0.05059582734088192 (LTTC)
[2026-08-31 22:42:20.375] [info] Frame 513 (t = 2.565):	 total squared error = 0.013599646591797932, marker error: RMS = 0.02165533030807087, max = 0.05060335851767908 (LTTC)
[2026-08-31 22:42:20.382] [info] Frame 514 (t = 2.57):	 total squared error = 0.013596344842560252, marker error: RMS = 0.02165270138642437, max = 0.05058533375497835 (LTTC)
[2026-08-31 22:42:20.389] [info] Frame 515 (t = 2.575):	 total squared error = 0.013600941783795194, marker error: RMS = 0.021656361479820703, max = 0.050581167993951834 (LTTC)
[2026-08-31 22:42:20.401] [info] Frame 516 (t = 2.58):	 total squared error = 0.013602853898393557, marker error: RMS = 0.021657883726966778, max = 0.05060239038649113 (LTTC)
[2026-08-31 22:42:20.412] [info] Frame 517 (t = 2.585):	 total squared error = 0.01358250908848346, marker error: RMS = 0.021641681597359727, max = 0.0505761108095203 (LTTC)
[2026-08-31 22:42:20.422] [info] Frame 518 (t = 2.59):	 total squared error = 0.013599679457536654, marker error: RMS = 0.021655356474853702, max = 0.05062381619524325 (LTTC)
[2026-08-31 22:42:20.431] [info] Frame 519 (t = 2.595):	 total squared error = 0.01359583174955678, marker error: RMS = 0.021652292822412024, max = 0.05060155388951001 (LTTC)
[2026-08-31 22:42:20.439] [info] Frame 520 (t = 2.6):	 total squared error = 0.01359302087560933, marker error: RMS = 0.021650054452117023, max = 0.050595402558354596 (LTTC)
[2026-08-31 22:42:20.450] [info] Frame 521 (t = 2.605):	 total squared error = 0.013584111774385845, marker error: RMS = 0.02164295837894199, max = 0.05061292587627836 (LTTC)
[2026-08-31 22:42:20.456] [info] Frame 522 (t = 2.61):	 total squared error = 0.013585064075997754, marker error: RMS = 0.02164371699545235, max = 0.05060277861989277 (LTTC)
[2026-08-31 22:42:20.463] [info] Frame 523 (t = 2.615):	 total squared error = 0.013607452268903013, marker error: RMS = 0.021661544082339522, max = 0.05063162619648974 (LTTC)
[2026-08-31 22:42:20.471] [info] Frame 524 (t = 2.62):	 total squared error = 0.013566521881072215, marker error: RMS = 0.021628941244252287, max = 0.050606773214210636 (LTTC)
[2026-08-31 22:42:20.478] [info] Frame 525 (t = 2.625):	 total squared error = 0.013582714951941403, marker error: RMS = 0.02164184560293848, max = 0.05061707344778199 (LTTC)
[2026-08-31 22:42:20.487] [info] Frame 526 (t = 2.63):	 total squared error = 0.013569118314752882, marker error: RMS = 0.021631010876591108, max = 0.0505997394767478 (LTTC)
[2026-08-31 22:42:20.496] [info] Frame 527 (t = 2.635):	 total squared error = 0.013564665844122706, marker error: RMS = 0.021627461665049755, max = 0.05059485215035913 (LTTC)
[2026-08-31 22:42:20.504] [info] Frame 528 (t = 2.64):	 total squared error = 0.013554522714021496, marker error: RMS = 0.02161937406508936, max = 0.05060118202201512 (LTTC)
[2026-08-31 22:42:20.516] [info] Frame 529 (t = 2.645):	 total squared error = 0.013560227719385646, marker error: RMS = 0.021623923309361793, max = 0.0506092928084124 (LTTC)
[2026-08-31 22:42:20.522] [info] Frame 530 (t = 2.65):	 total squared error = 0.013561670503541411, marker error: RMS = 0.02162507365228949, max = 0.050620427787983285 (LTTC)
[2026-08-31 22:42:20.531] [info] Frame 531 (t = 2.655):	 total squared error = 0.013551562321446692, marker error: RMS = 0.02161701303287943, max = 0.050615197054748 (LTTC)
[2026-08-31 22:42:20.537] [info] Frame 532 (t = 2.66):	 total squared error = 0.013551961328216802, marker error: RMS = 0.021617331271871206, max = 0.05061719206859449 (LTTC)
[2026-08-31 22:42:20.544] [info] Frame 533 (t = 2.665):	 total squared error = 0.013558435028019525, marker error: RMS = 0.021622493897455512, max = 0.05061069341151824 (LTTC)
[2026-08-31 22:42:20.551] [info] Frame 534 (t = 2.67):	 total squared error = 0.013542593364701039, marker error: RMS = 0.021609858354305317, max = 0.05061167749497197 (LTTC)
[2026-08-31 22:42:20.558] [info] Frame 535 (t = 2.675):	 total squared error = 0.013547134848008265, marker error: RMS = 0.021613481463332144, max = 0.050582937872853076 (LTTC)
[2026-08-31 22:42:20.565] [info] Frame 536 (t = 2.68):	 total squared error = 0.01354136454048312, marker error: RMS = 0.021608877917287734, max = 0.05056891838310402 (LTTC)
[2026-08-31 22:42:20.572] [info] Frame 537 (t = 2.685):	 total squared error = 0.013537459120319508, marker error: RMS = 0.021605761620073275, max = 0.05056628703637104 (LTTC)
[2026-08-31 22:42:20.578] [info] Frame 538 (t = 2.69):	 total squared error = 0.013538953503053276, marker error: RMS = 0.02160695410330958, max = 0.050577731330917176 (LTTC)
[2026-08-31 22:42:20.585] [info] Frame 539 (t = 2.695):	 total squared error = 0.0135416265875911, marker error: RMS = 0.021609086999487444, max = 0.050543595479078364 (LTTC)
[2026-08-31 22:42:20.592] [info] Frame 540 (t = 2.7):	 total squared error = 0.013542358199063367, marker error: RMS = 0.021609670727089286, max = 0.05055623600226633 (LTTC)
[2026-08-31 22:42:20.601] [info] Frame 541 (t = 2.705):	 total squared error = 0.013528973513439783, marker error: RMS = 0.021598989051565532, max = 0.050539357303687964 (LTTC)
[2026-08-31 22:42:20.610] [info] Frame 542 (t = 2.71):	 total squared error = 0.01352778476081481, marker error: RMS = 0.021598040109690995, max = 0.05052848466246017 (LTTC)
[2026-08-31 22:42:20.617] [info] Frame 543 (t = 2.715):	 total squared error = 0.01352952923306389, marker error: RMS = 0.021599432649847695, max = 0.050516531586101254 (LTTC)
[2026-08-31 22:42:20.625] [info] Frame 544 (t = 2.72):	 total squared error = 0.013524444583844176, marker error: RMS = 0.021595373533782467, max = 0.05050116862217112 (LTTC)
[2026-08-31 22:42:20.635] [info] Frame 545 (t = 2.725):	 total squared error = 0.013525382138703553, marker error: RMS = 0.02159612204868045, max = 0.05049302043268157 (LTTC)
[2026-08-31 22:42:20.642] [info] Frame 546 (t = 2.73):	 total squared error = 0.013524116186473369, marker error: RMS = 0.021595111345309684, max = 0.05047337545133214 (LTTC)
[2026-08-31 22:42:20.651] [info] Frame 547 (t = 2.735):	 total squared error = 0.013522970919244736, marker error: RMS = 0.02159419695295294, max = 0.050497303201863956 (LTTC)
[2026-08-31 22:42:20.657] [info] Frame 548 (t = 2.74):	 total squared error = 0.01350953991562619, marker error: RMS = 0.02158347061959939, max = 0.05046079031666002 (LTTC)
[2026-08-31 22:42:20.665] [info] Frame 549 (t = 2.745):	 total squared error = 0.013521069193948044, marker error: RMS = 0.021592678511675043, max = 0.050464837798492125 (LTTC)
[2026-08-31 22:42:20.670] [info] Frame 550 (t = 2.75):	 total squared error = 0.013527953844318309, marker error: RMS = 0.021598175085998792, max = 0.050439046330451244 (LTTC)
[2026-08-31 22:42:20.680] [info] Frame 551 (t = 2.755):	 total squared error = 0.013519991198743328, marker error: RMS = 0.02159181773404256, max = 0.05043129118773648 (LTTC)
[2026-08-31 22:42:20.686] [info] Frame 552 (t = 2.76):	 total squared error = 0.013549731630966315, marker error: RMS = 0.0216155528545012, max = 0.05044657636044172 (LTTC)
[2026-08-31 22:42:20.693] [info] Frame 553 (t = 2.765):	 total squared error = 0.013518050665127858, marker error: RMS = 0.02159026813422791, max = 0.05045273845225267 (LTTC)
[2026-08-31 22:42:20.701] [info] Frame 554 (t = 2.77):	 total squared error = 0.013526047322259439, marker error: RMS = 0.021596653094993628, max = 0.05042553706523011 (LTTC)
[2026-08-31 22:42:20.707] [info] Frame 555 (t = 2.775):	 total squared error = 0.013534540153151284, marker error: RMS = 0.021603432161190216, max = 0.050431985424915324 (LTTC)
[2026-08-31 22:42:20.717] [info] Frame 556 (t = 2.78):	 total squared error = 0.013508561079596776, marker error: RMS = 0.02158268868840438, max = 0.05042242864907903 (LTTC)
[2026-08-31 22:42:20.723] [info] Frame 557 (t = 2.785):	 total squared error = 0.013539089454341947, marker error: RMS = 0.021607062586061952, max = 0.050443522619414094 (LTTC)
[2026-08-31 22:42:20.729] [info] Frame 558 (t = 2.79):	 total squared error = 0.013529629378433475, marker error: RMS = 0.021599512589035728, max = 0.05043216824572152 (LTTC)
[2026-08-31 22:42:20.735] [info] Frame 559 (t = 2.795):	 total squared error = 0.01352316290628238, marker error: RMS = 0.021594350239949323, max = 0.05041918702747434 (LTTC)
[2026-08-31 22:42:20.741] [info] Frame 560 (t = 2.8):	 total squared error = 0.013532773096783387, marker error: RMS = 0.021602021853635467, max = 0.05043550286862284 (LTTC)
[2026-08-31 22:42:20.749] [info] Frame 561 (t = 2.805):	 total squared error = 0.013517636563947765, marker error: RMS = 0.021589937442170123, max = 0.05043152271192773 (LTTC)
[2026-08-31 22:42:20.758] [info] Frame 562 (t = 2.81):	 total squared error = 0.013521449573921205, marker error: RMS = 0.021592982236350585, max = 0.050451385143834314 (LTTC)
[2026-08-31 22:42:20.765] [info] Frame 563 (t = 2.815):	 total squared error = 0.013538662477871612, marker error: RMS = 0.0216067218770325, max = 0.050466811569246324 (LTTC)
[2026-08-31 22:42:20.771] [info] Frame 564 (t = 2.82):	 total squared error = 0.013530210355683404, marker error: RMS = 0.021599976337537647, max = 0.05046656727684106 (LTTC)
[2026-08-31 22:42:20.776] [info] Frame 565 (t = 2.825):	 total squared error = 0.013542371367406993, marker error: RMS = 0.021609681233512777, max = 0.05048863697215422 (LTTC)
[2026-08-31 22:42:20.783] [info] Frame 566 (t = 2.83):	 total squared error = 0.013523508424903047, marker error: RMS = 0.021594626107455408, max = 0.05049080361334025 (LTTC)
[2026-08-31 22:42:20.789] [info] Frame 567 (t = 2.835):	 total squared error = 0.013513181077450491, marker error: RMS = 0.021586379068556084, max = 0.05049710336239477 (LTTC)
[2026-08-31 22:42:20.793] [info] Frame 568 (t = 2.84):	 total squared error = 0.013518305929203401, marker error: RMS = 0.021590471979958167, max = 0.0504950309811496 (LTTC)
[2026-08-31 22:42:20.799] [info] Frame 569 (t = 2.845):	 total squared error = 0.013525102295714275, marker error: RMS = 0.021595898633380618, max = 0.05051887452461 (LTTC)
[2026-08-31 22:42:20.806] [info] Frame 570 (t = 2.85):	 total squared error = 0.01352911275744426, marker error: RMS = 0.021599100202717783, max = 0.05053302213201203 (LTTC)
[2026-08-31 22:42:20.814] [info] Frame 571 (t = 2.855):	 total squared error = 0.013529095512169523, marker error: RMS = 0.02159908643675462, max = 0.05054028026684015 (LTTC)
[2026-08-31 22:42:20.822] [info] Frame 572 (t = 2.86):	 total squared error = 0.01353800308718463, marker error: RMS = 0.02160619570080626, max = 0.0505433784709589 (LTTC)
[2026-08-31 22:42:20.829] [info] Frame 573 (t = 2.865):	 total squared error = 0.013531047982372308, marker error: RMS = 0.021600644931601326, max = 0.050566106610755356 (LTTC)
[2026-08-31 22:42:20.836] [info] Frame 574 (t = 2.87):	 total squared error = 0.013534841191257353, marker error: RMS = 0.02160367241390905, max = 0.05058920593497244 (LTTC)
[2026-08-31 22:42:20.842] [info] Frame 575 (t = 2.875):	 total squared error = 0.01352415551343, marker error: RMS = 0.02159514274364205, max = 0.05059391909387644 (LTTC)
[2026-08-31 22:42:20.849] [info] Frame 576 (t = 2.88):	 total squared error = 0.013537346089196742, marker error: RMS = 0.021605671421145615, max = 0.05061166226635322 (LTTC)
[2026-08-31 22:42:20.853] [info] Frame 577 (t = 2.885):	 total squared error = 0.013537266236318988, marker error: RMS = 0.021605607698257406, max = 0.05060678763355544 (LTTC)
[2026-08-31 22:42:20.858] [info] Frame 578 (t = 2.89):	 total squared error = 0.01355323517100066, marker error: RMS = 0.021618347229403482, max = 0.05063487826867721 (LTTC)
[2026-08-31 22:42:20.868] [info] Frame 579 (t = 2.895):	 total squared error = 0.013542446641854312, marker error: RMS = 0.021609741291478513, max = 0.05063253324761874 (LTTC)
[2026-08-31 22:42:20.874] [info] Frame 580 (t = 2.9):	 total squared error = 0.013546427526286367, marker error: RMS = 0.02161291721544315, max = 0.05064553569767982 (LTTC)
[2026-08-31 22:42:20.883] [info] Frame 581 (t = 2.905):	 total squared error = 0.013544251630823687, marker error: RMS = 0.021611181357889146, max = 0.05064873530649891 (LTTC)
[2026-08-31 22:42:20.889] [info] Frame 582 (t = 2.91):	 total squared error = 0.01355187919552481, marker error: RMS = 0.02161726576503208, max = 0.05066092984082527 (LTTC)
[2026-08-31 22:42:20.895] [info] Frame 583 (t = 2.915):	 total squared error = 0.013558395444340135, marker error: RMS = 0.021622462334133896, max = 0.05066657758080129 (LTTC)
[2026-08-31 22:42:20.901] [info] Frame 584 (t = 2.92):	 total squared error = 0.013555454404364007, marker error: RMS = 0.02162011707228822, max = 0.050663409498109484 (LTTC)
[2026-08-31 22:42:20.907] [info] Frame 585 (t = 2.925):	 total squared error = 0.013562734276181094, marker error: RMS = 0.02162592176722432, max = 0.0506693657916265 (LTTC)
[2026-08-31 22:42:20.913] [info] Frame 586 (t = 2.93):	 total squared error = 0.013547303753490617, marker error: RMS = 0.02161361620120011, max = 0.05065826508378932 (LTTC)
[2026-08-31 22:42:20.918] [info] Frame 587 (t = 2.935):	 total squared error = 0.013563520133229433, marker error: RMS = 0.021626548286793595, max = 0.05067733231598343 (LTTC)
[2026-08-31 22:42:20.923] [info] Frame 588 (t = 2.94):	 total squared error = 0.01358276730894846, marker error: RMS = 0.02164188731408294, max = 0.05069361008077433 (LTTC)
[2026-08-31 22:42:20.931] [info] Frame 589 (t = 2.945):	 total squared error = 0.013564388308693914, marker error: RMS = 0.021627240413099335, max = 0.05067178979361551 (LTTC)
[2026-08-31 22:42:20.938] [info] Frame 590 (t = 2.95):	 total squared error = 0.013569698138723657, marker error: RMS = 0.021631473030592013, max = 0.0506743438920391 (LTTC)
[2026-08-31 22:42:20.943] [info] Frame 591 (t = 2.955):	 total squared error = 0.01358228824352452, marker error: RMS = 0.021641505655062145, max = 0.05068594951990824 (LTTC)
[2026-08-31 22:42:20.950] [info] Frame 592 (t = 2.96):	 total squared error = 0.013579326798744924, marker error: RMS = 0.021639146199251568, max = 0.05068092467602035 (LTTC)
[2026-08-31 22:42:20.954] [info] Frame 593 (t = 2.965):	 total squared error = 0.0135825870101759, marker error: RMS = 0.02164174367550846, max = 0.05067862599479075 (LTTC)
[2026-08-31 22:42:20.959] [info] Frame 594 (t = 2.97):	 total squared error = 0.013598260677811896, marker error: RMS = 0.021654226853300564, max = 0.050689370608060606 (LTTC)
[2026-08-31 22:42:20.966] [info] Frame 595 (t = 2.975):	 total squared error = 0.013597676364846786, marker error: RMS = 0.02165376161065944, max = 0.050682106904618475 (LTTC)
[2026-08-31 22:42:20.972] [info] Frame 596 (t = 2.98):	 total squared error = 0.013582782971056896, marker error: RMS = 0.02164189979156564, max = 0.050677101275729844 (LTTC)
[2026-08-31 22:42:20.978] [info] Frame 597 (t = 2.985):	 total squared error = 0.013598119028437597, marker error: RMS = 0.021654114069917997, max = 0.050684943500025226 (LTTC)
[2026-08-31 22:42:20.984] [info] Frame 598 (t = 2.99):	 total squared error = 0.013600597437692123, marker error: RMS = 0.0216560873322285, max = 0.050680422386477034 (LTTC)
[2026-08-31 22:42:20.989] [info] Frame 599 (t = 2.995):	 total squared error = 0.013608950202724329, marker error: RMS = 0.021662736321192866, max = 0.050684957366001954 (LTTC)
[2026-08-31 22:42:20.996] [info] Frame 600 (t = 3):	 total squared error = 0.01361504193606712, marker error: RMS = 0.02166758419141298, max = 0.050694660956637064 (LTTC)
[2026-08-31 22:42:21.002] [info] Frame 601 (t = 3.005):	 total squared error = 0.01361086702719134, marker error: RMS = 0.021664261868730786, max = 0.05068168027877922 (LTTC)
[2026-08-31 22:42:21.007] [info] Frame 602 (t = 3.01):	 total squared error = 0.013613100192663628, marker error: RMS = 0.021666039047848216, max = 0.05068880875499958 (LTTC)
[2026-08-31 22:42:21.014] [info] Frame 603 (t = 3.015):	 total squared error = 0.013612249246290916, marker error: RMS = 0.021665361871995453, max = 0.05068144845653341 (LTTC)
[2026-08-31 22:42:21.022] [info] Frame 604 (t = 3.02):	 total squared error = 0.013607531990833092, marker error: RMS = 0.021661607536450522, max = 0.05067879409968082 (LTTC)
[2026-08-31 22:42:21.028] [info] Frame 605 (t = 3.025):	 total squared error = 0.013619516891116101, marker error: RMS = 0.021671144720267134, max = 0.05068818417559584 (LTTC)
[2026-08-31 22:42:21.035] [info] Frame 606 (t = 3.03):	 total squared error = 0.013611763236403519, marker error: RMS = 0.02166497509998292, max = 0.05069079164429991 (LTTC)
[2026-08-31 22:42:21.041] [info] Frame 607 (t = 3.035):	 total squared error = 0.013618682963474347, marker error: RMS = 0.021670481244337524, max = 0.05069222184650123 (LTTC)
[2026-08-31 22:42:21.050] [info] Frame 608 (t = 3.04):	 total squared error = 0.013611955541040086, marker error: RMS = 0.0216651281389528, max = 0.05068607286178884 (LTTC)
[2026-08-31 22:42:21.056] [info] Frame 609 (t = 3.045):	 total squared error = 0.013612739881783263, marker error: RMS = 0.021665752318111818, max = 0.05068665421774393 (LTTC)
[2026-08-31 22:42:21.063] [info] Frame 610 (t = 3.05):	 total squared error = 0.013624188746014084, marker error: RMS = 0.021674861289787305, max = 0.050694596678354034 (LTTC)
[2026-08-31 22:42:21.069] [info] Frame 611 (t = 3.055):	 total squared error = 0.013624844921347875, marker error: RMS = 0.021675383241529275, max = 0.05069956253379972 (LTTC)
[2026-08-31 22:42:21.075] [info] Frame 612 (t = 3.06):	 total squared error = 0.013630340518890194, marker error: RMS = 0.02167975419673148, max = 0.050710359028941436 (LTTC)
[2026-08-31 22:42:21.081] [info] Frame 613 (t = 3.065):	 total squared error = 0.013643640930854265, marker error: RMS = 0.021690329110596943, max = 0.05072296789664361 (LTTC)
[2026-08-31 22:42:21.087] [info] Frame 614 (t = 3.07):	 total squared error = 0.013626050384359881, marker error: RMS = 0.0216763420889512, max = 0.05070551688500148 (LTTC)
[2026-08-31 22:42:21.093] [info] Frame 615 (t = 3.075):	 total squared error = 0.013623904780604655, marker error: RMS = 0.02167463540687248, max = 0.050715894043918845 (LTTC)
[2026-08-31 22:42:21.101] [info] Frame 616 (t = 3.08):	 total squared error = 0.013623420929953521, marker error: RMS = 0.02167425051796806, max = 0.050722908082580426 (LTTC)
[2026-08-31 22:42:21.108] [info] Frame 617 (t = 3.085):	 total squared error = 0.013625817510237196, marker error: RMS = 0.02167615685990198, max = 0.05073053538339306 (LTTC)
[2026-08-31 22:42:21.116] [info] Frame 618 (t = 3.09):	 total squared error = 0.013624645624445425, marker error: RMS = 0.021675224713026325, max = 0.05073693149630502 (LTTC)
[2026-08-31 22:42:21.124] [info] Frame 619 (t = 3.095):	 total squared error = 0.0136265553532198, marker error: RMS = 0.0216767437378529, max = 0.05074648504968349 (LTTC)
[2026-08-31 22:42:21.130] [info] Frame 620 (t = 3.1):	 total squared error = 0.013621532903103653, marker error: RMS = 0.021672748582990235, max = 0.05074850128862786 (LTTC)
[2026-08-31 22:42:21.144] [info] Frame 621 (t = 3.105):	 total squared error = 0.013622887217877785, marker error: RMS = 0.021673825957845054, max = 0.05076553871182668 (LTTC)
[2026-08-31 22:42:21.155] [info] Frame 622 (t = 3.11):	 total squared error = 0.013628690887312028, marker error: RMS = 0.021678442245308432, max = 0.050778328944635714 (LTTC)
[2026-08-31 22:42:21.160] [info] Frame 623 (t = 3.115):	 total squared error = 0.013622958199040329, marker error: RMS = 0.021673882422797552, max = 0.05078097346791194 (LTTC)
[2026-08-31 22:42:21.168] [info] Frame 624 (t = 3.12):	 total squared error = 0.013622838939925825, marker error: RMS = 0.02167378755303267, max = 0.05079655269932699 (LTTC)
[2026-08-31 22:42:21.177] [info] Frame 625 (t = 3.125):	 total squared error = 0.013631644217939543, marker error: RMS = 0.02168079097197169, max = 0.050817347716739444 (LTTC)
[2026-08-31 22:42:21.184] [info] Frame 626 (t = 3.13):	 total squared error = 0.013591300894864664, marker error: RMS = 0.021648684673641987, max = 0.050787913903119014 (LTTC)
[2026-08-31 22:42:21.191] [info] Frame 627 (t = 3.135):	 total squared error = 0.013618708918754645, marker error: RMS = 0.021670501894761225, max = 0.050828498745806444 (LTTC)
[2026-08-31 22:42:21.197] [info] Frame 628 (t = 3.14):	 total squared error = 0.013617001992685047, marker error: RMS = 0.021669143795988076, max = 0.05082787476257759 (LTTC)
[2026-08-31 22:42:21.205] [info] Frame 629 (t = 3.145):	 total squared error = 0.013613812195593291, marker error: RMS = 0.021666605637433025, max = 0.050850346200428914 (LTTC)
[2026-08-31 22:42:21.212] [info] Frame 630 (t = 3.15):	 total squared error = 0.013619898701357878, marker error: RMS = 0.021671448483134858, max = 0.050864442974927114 (LTTC)
[2026-08-31 22:42:21.219] [info] Frame 631 (t = 3.155):	 total squared error = 0.013613896277328102, marker error: RMS = 0.02166667254606047, max = 0.050863915972798726 (LTTC)
[2026-08-31 22:42:21.227] [info] Frame 632 (t = 3.16):	 total squared error = 0.013603728886605247, marker error: RMS = 0.021658580275219146, max = 0.05087700208027195 (LTTC)
[2026-08-31 22:42:21.234] [info] Frame 633 (t = 3.165):	 total squared error = 0.013617441570819847, marker error: RMS = 0.021669493550102312, max = 0.05090783994950322 (LTTC)
[2026-08-31 22:42:21.240] [info] Frame 634 (t = 3.17):	 total squared error = 0.013624497702583558, marker error: RMS = 0.02167510704947797, max = 0.050922349623432665 (LTTC)
[2026-08-31 22:42:21.249] [info] Frame 635 (t = 3.175):	 total squared error = 0.013610472142847153, marker error: RMS = 0.021663947599997076, max = 0.05093826518415912 (LTTC)
[2026-08-31 22:42:21.255] [info] Frame 636 (t = 3.18):	 total squared error = 0.01361834722852476, marker error: RMS = 0.02167021412662914, max = 0.050945583428244325 (LTTC)
[2026-08-31 22:42:21.263] [info] Frame 637 (t = 3.185):	 total squared error = 0.013608229992746341, marker error: RMS = 0.02166216309823886, max = 0.05094901959664339 (LTTC)
[2026-08-31 22:42:21.268] [info] Frame 638 (t = 3.19):	 total squared error = 0.013618699664676293, marker error: RMS = 0.021670494532075167, max = 0.05096623227907374 (LTTC)
[2026-08-31 22:42:21.274] [info] Frame 639 (t = 3.195):	 total squared error = 0.01362000971433689, marker error: RMS = 0.021671536802703385, max = 0.050972928388947146 (LTTC)
[2026-08-31 22:42:21.280] [info] Frame 640 (t = 3.2):	 total squared error = 0.013637064499419687, marker error: RMS = 0.021685100954993618, max = 0.05099551447687228 (LTTC)
[2026-08-31 22:42:21.286] [info] Frame 641 (t = 3.205):	 total squared error = 0.013626283255825669, marker error: RMS = 0.02167652731430433, max = 0.05099570858019062 (LTTC)
[2026-08-31 22:42:21.291] [info] Frame 642 (t = 3.21):	 total squared error = 0.01361948626594291, marker error: RMS = 0.021671120355124866, max = 0.050991949746077264 (LTTC)
[2026-08-31 22:42:21.300] [info] Frame 643 (t = 3.215):	 total squared error = 0.01361728511721436, marker error: RMS = 0.021669369067095896, max = 0.051002669182340366 (LTTC)
[2026-08-31 22:42:21.306] [info] Frame 644 (t = 3.22):	 total squared error = 0.01363194337936642, marker error: RMS = 0.021681028875069574, max = 0.05101601477375599 (LTTC)
[2026-08-31 22:42:21.310] [info] Frame 645 (t = 3.225):	 total squared error = 0.013627183312776705, marker error: RMS = 0.021677243202362452, max = 0.05100966466247608 (LTTC)
[2026-08-31 22:42:21.317] [info] Frame 646 (t = 3.23):	 total squared error = 0.013618175859547669, marker error: RMS = 0.02167007778063764, max = 0.051002712444158646 (LTTC)
[2026-08-31 22:42:21.321] [info] Frame 647 (t = 3.235):	 total squared error = 0.013622715537478373, marker error: RMS = 0.021673689386839178, max = 0.05101021250022685 (LTTC)
[2026-08-31 22:42:21.330] [info] InverseKinematicsTool completed 648 frames in 5 second(s).
[2026-08-31 22:42:21.914] [info] Loaded model AB03_ik from file C:\Users\edgar\Documents\GitHub\WR26\IK\solution\results\Model_ik.osim
[2026-08-31 22:42:22.123] [cout] [info] 
               MODEL: AB03_ik
         coordinates: 42
              forces: 0
           actuators: 0
             muscles: 0
            analyses: 0
              probes: 0
              bodies: 23
              joints: 23
         constraints: 2
             markers: 57
         controllers: 0
  contact geometries: 0
misc modelcomponents: 0
[2026-08-31 22:42:22.124] [info] Running tool .
[2026-08-31 22:42:22.537] [info] Frame 0 (t = 0):	 total squared error = 0.0007093070411228056, marker error: RMS = 0.004945590307232626, max = 0.012204128683483076 (LTH)
[2026-08-31 22:42:22.554] [info] Frame 1 (t = 0.005):	 total squared error = 0.0007191276714194498, marker error: RMS = 0.004979709420339254, max = 0.01218438896631824 (LTH)
[2026-08-31 22:42:22.570] [info] Frame 2 (t = 0.01):	 total squared error = 0.0007230236101516184, marker error: RMS = 0.00499318021164046, max = 0.012151901537767873 (LTH)
[2026-08-31 22:42:22.591] [info] Frame 3 (t = 0.015):	 total squared error = 0.0007262396177514388, marker error: RMS = 0.0050042727183582615, max = 0.012106239170090679 (LTH)
[2026-08-31 22:42:22.611] [info] Frame 4 (t = 0.02):	 total squared error = 0.0007281327110005649, marker error: RMS = 0.0050107908075732776, max = 0.01208039537474476 (LTH)
[2026-08-31 22:42:22.626] [info] Frame 5 (t = 0.025):	 total squared error = 0.0007343153672790849, marker error: RMS = 0.005032019431733919, max = 0.012096610765037772 (LTH)
[2026-08-31 22:42:22.644] [info] Frame 6 (t = 0.03):	 total squared error = 0.0007432162094000195, marker error: RMS = 0.005062424829241893, max = 0.012022396280518597 (LTH)
[2026-08-31 22:42:22.666] [info] Frame 7 (t = 0.035):	 total squared error = 0.0007528445979948849, marker error: RMS = 0.005095111240350671, max = 0.012036200534234352 (LTH)
[2026-08-31 22:42:22.684] [info] Frame 8 (t = 0.04):	 total squared error = 0.0007553082442910368, marker error: RMS = 0.005103441179449874, max = 0.011960489590798162 (LTH)
[2026-08-31 22:42:22.703] [info] Frame 9 (t = 0.045):	 total squared error = 0.0007647566131919598, marker error: RMS = 0.005135262183791055, max = 0.012022649782745821 (LTH)
[2026-08-31 22:42:22.719] [info] Frame 10 (t = 0.05):	 total squared error = 0.0007673555142486795, marker error: RMS = 0.0051439804601196145, max = 0.011910826334824475 (LTH)
[2026-08-31 22:42:22.734] [info] Frame 11 (t = 0.055):	 total squared error = 0.0007856707360144283, marker error: RMS = 0.005205006661410254, max = 0.012074162659519085 (LTH)
[2026-08-31 22:42:22.749] [info] Frame 12 (t = 0.06):	 total squared error = 0.0007868507657189795, marker error: RMS = 0.005208913996678425, max = 0.011868527212927745 (LTH)
[2026-08-31 22:42:22.762] [info] Frame 13 (t = 0.065):	 total squared error = 0.000794949944474341, marker error: RMS = 0.005235653450223701, max = 0.011786150313810691 (LTH)
[2026-08-31 22:42:22.774] [info] Frame 14 (t = 0.07):	 total squared error = 0.0008097049229687144, marker error: RMS = 0.005284019247950776, max = 0.011923913552312803 (LTH)
[2026-08-31 22:42:22.786] [info] Frame 15 (t = 0.075):	 total squared error = 0.0008238359559533822, marker error: RMS = 0.005329928368391605, max = 0.01204048744035585 (LTH)
[2026-08-31 22:42:22.795] [info] Frame 16 (t = 0.08):	 total squared error = 0.0008385168465589591, marker error: RMS = 0.005377208757271234, max = 0.012007738169130621 (LTH)
[2026-08-31 22:42:22.808] [info] Frame 17 (t = 0.085):	 total squared error = 0.0008607593402742954, marker error: RMS = 0.005448059889647194, max = 0.012139242995561744 (LTH)
[2026-08-31 22:42:22.823] [info] Frame 18 (t = 0.09):	 total squared error = 0.0008573297206623733, marker error: RMS = 0.005437195399831047, max = 0.011633506319387456 (LTH)
[2026-08-31 22:42:22.836] [info] Frame 19 (t = 0.095):	 total squared error = 0.000873639124969196, marker error: RMS = 0.005488668970515831, max = 0.011666962480346306 (LTH)
[2026-08-31 22:42:22.854] [info] Frame 20 (t = 0.1):	 total squared error = 0.0008856484844758117, marker error: RMS = 0.005526264824721941, max = 0.011521769522238977 (LTH)
[2026-08-31 22:42:22.869] [info] Frame 21 (t = 0.105):	 total squared error = 0.0009065810093782759, marker error: RMS = 0.005591190760159437, max = 0.011479405444157707 (LTH)
[2026-08-31 22:42:22.890] [info] Frame 22 (t = 0.11):	 total squared error = 0.0009225224759379895, marker error: RMS = 0.005640134737746136, max = 0.011401694925178837 (LTH)
[2026-08-31 22:42:22.900] [info] Frame 23 (t = 0.115):	 total squared error = 0.0009494502159368753, marker error: RMS = 0.005721858318633286, max = 0.011580939321839569 (LTH)
[2026-08-31 22:42:22.917] [info] Frame 24 (t = 0.12):	 total squared error = 0.0009693137533687585, marker error: RMS = 0.005781402268060025, max = 0.011353977219181152 (RTH)
[2026-08-31 22:42:22.927] [info] Frame 25 (t = 0.125):	 total squared error = 0.000995440376510278, marker error: RMS = 0.005858799384216219, max = 0.011541265929797477 (RTH)
[2026-08-31 22:42:22.944] [info] Frame 26 (t = 0.13):	 total squared error = 0.001015308688433012, marker error: RMS = 0.005916979333133127, max = 0.011399065148940183 (RTH)
[2026-08-31 22:42:22.959] [info] Frame 27 (t = 0.135):	 total squared error = 0.0010431079257206108, marker error: RMS = 0.0059974360203300285, max = 0.011374475100378336 (RTH)
[2026-08-31 22:42:22.970] [info] Frame 28 (t = 0.14):	 total squared error = 0.0010867122293962736, marker error: RMS = 0.006121505982715628, max = 0.011757422488077901 (RTH)
[2026-08-31 22:42:22.986] [info] Frame 29 (t = 0.145):	 total squared error = 0.001103715792556649, marker error: RMS = 0.006169211072785085, max = 0.011841566028621076 (LFM1)
[2026-08-31 22:42:22.999] [info] Frame 30 (t = 0.15):	 total squared error = 0.001131472564067137, marker error: RMS = 0.006246302531310815, max = 0.012056940395692918 (LFM1)
[2026-08-31 22:42:23.009] [info] Frame 31 (t = 0.155):	 total squared error = 0.0011621877485602638, marker error: RMS = 0.0063305165354437185, max = 0.012141881346404895 (LFM1)
[2026-08-31 22:42:23.021] [info] Frame 32 (t = 0.16):	 total squared error = 0.0011968005168135377, marker error: RMS = 0.006424093970234079, max = 0.012285282480517277 (LFM1)
[2026-08-31 22:42:23.034] [info] Frame 33 (t = 0.165):	 total squared error = 0.0012366283619529206, marker error: RMS = 0.006530111584706758, max = 0.01300803842174018 (LFM1)
[2026-08-31 22:42:23.044] [info] Frame 34 (t = 0.17):	 total squared error = 0.001270361334734375, marker error: RMS = 0.006618577133093078, max = 0.013252997134008643 (LFM1)
[2026-08-31 22:42:23.060] [info] Frame 35 (t = 0.175):	 total squared error = 0.0013112753084694119, marker error: RMS = 0.006724313343920039, max = 0.013736859386353242 (LFM1)
[2026-08-31 22:42:23.070] [info] Frame 36 (t = 0.18):	 total squared error = 0.001347298543676568, marker error: RMS = 0.006816052411154553, max = 0.0139095502464335 (LFM1)
[2026-08-31 22:42:23.083] [info] Frame 37 (t = 0.185):	 total squared error = 0.0013879552521892373, marker error: RMS = 0.006918130234215016, max = 0.01422379587144997 (LFM1)
[2026-08-31 22:42:23.094] [info] Frame 38 (t = 0.19):	 total squared error = 0.0014328089879029257, marker error: RMS = 0.007029025997918291, max = 0.014523111647293432 (LFM1)
[2026-08-31 22:42:23.106] [info] Frame 39 (t = 0.195):	 total squared error = 0.0014744545172486717, marker error: RMS = 0.00713044593384393, max = 0.01472355961016468 (LFM1)
[2026-08-31 22:42:23.118] [info] Frame 40 (t = 0.2):	 total squared error = 0.0015242420394766057, marker error: RMS = 0.007249832434393191, max = 0.015126298042571148 (LFM1)
[2026-08-31 22:42:23.129] [info] Frame 41 (t = 0.205):	 total squared error = 0.0015759390279699334, marker error: RMS = 0.007371751834022324, max = 0.015489846171342136 (LFM1)
[2026-08-31 22:42:23.140] [info] Frame 42 (t = 0.21):	 total squared error = 0.0016252834257873693, marker error: RMS = 0.007486271172061123, max = 0.015797395929956458 (LFM1)
[2026-08-31 22:42:23.153] [info] Frame 43 (t = 0.215):	 total squared error = 0.0016745164049347739, marker error: RMS = 0.0075988120780652825, max = 0.01602728805005857 (LFM1)
[2026-08-31 22:42:23.165] [info] Frame 44 (t = 0.22):	 total squared error = 0.0017366622024516712, marker error: RMS = 0.0077385336810545866, max = 0.016490856269319603 (LFM1)
[2026-08-31 22:42:23.180] [info] Frame 45 (t = 0.225):	 total squared error = 0.0018036673908920183, marker error: RMS = 0.007886407754620513, max = 0.01704229170571224 (LFM1)
[2026-08-31 22:42:23.191] [info] Frame 46 (t = 0.23):	 total squared error = 0.0018575423650131363, marker error: RMS = 0.008003323372228126, max = 0.017199576947168865 (LFM1)
[2026-08-31 22:42:23.202] [info] Frame 47 (t = 0.235):	 total squared error = 0.001908120891071509, marker error: RMS = 0.008111551769292612, max = 0.017358275690018556 (LFM1)
[2026-08-31 22:42:23.216] [info] Frame 48 (t = 0.24):	 total squared error = 0.0019837336088825174, marker error: RMS = 0.008270707781250974, max = 0.01779645761392319 (LFM1)
[2026-08-31 22:42:23.229] [info] Frame 49 (t = 0.245):	 total squared error = 0.0020568881830815007, marker error: RMS = 0.00842182751705046, max = 0.018199578010625994 (LFM1)
[2026-08-31 22:42:23.239] [info] Frame 50 (t = 0.25):	 total squared error = 0.0021132726207240995, marker error: RMS = 0.008536478763526643, max = 0.018302385076178613 (LFM1)
[2026-08-31 22:42:23.253] [info] Frame 51 (t = 0.255):	 total squared error = 0.0021999062010540004, marker error: RMS = 0.008709697728343015, max = 0.018844686470589823 (LFM1)
[2026-08-31 22:42:23.266] [info] Frame 52 (t = 0.26):	 total squared error = 0.002268616188746249, marker error: RMS = 0.008844667570888452, max = 0.019042284761384306 (LFM1)
[2026-08-31 22:42:23.280] [info] Frame 53 (t = 0.265):	 total squared error = 0.002352887125042159, marker error: RMS = 0.009007443521585756, max = 0.019473090148509082 (LFM1)
[2026-08-31 22:42:23.293] [info] Frame 54 (t = 0.27):	 total squared error = 0.0024376016870608177, marker error: RMS = 0.00916816397040891, max = 0.019860654835237093 (LFM1)
[2026-08-31 22:42:23.306] [info] Frame 55 (t = 0.275):	 total squared error = 0.0025125179434478916, marker error: RMS = 0.009307983120637103, max = 0.020013552501191995 (LFM1)
[2026-08-31 22:42:23.316] [info] Frame 56 (t = 0.28):	 total squared error = 0.0025830189228662286, marker error: RMS = 0.00943767015898892, max = 0.020092780902632387 (LFM1)
[2026-08-31 22:42:23.326] [info] Frame 57 (t = 0.285):	 total squared error = 0.002660034625812645, marker error: RMS = 0.009577334280715798, max = 0.020210194561271155 (LFM1)
[2026-08-31 22:42:23.342] [info] Frame 58 (t = 0.29):	 total squared error = 0.0027873263308298554, marker error: RMS = 0.009803810537903029, max = 0.020995127102560063 (LFM1)
[2026-08-31 22:42:23.352] [info] Frame 59 (t = 0.295):	 total squared error = 0.0028623031049229133, marker error: RMS = 0.009934792754069274, max = 0.02105091882080329 (LFM1)
[2026-08-31 22:42:23.363] [info] Frame 60 (t = 0.3):	 total squared error = 0.0029498290891309385, marker error: RMS = 0.010085546314047195, max = 0.021197959696119897 (LFM1)
[2026-08-31 22:42:23.374] [info] Frame 61 (t = 0.305):	 total squared error = 0.003038636765413154, marker error: RMS = 0.010236238475030511, max = 0.021323174175282514 (LFM1)
[2026-08-31 22:42:23.391] [info] Frame 62 (t = 0.31):	 total squared error = 0.003180934773341203, marker error: RMS = 0.010473175544087995, max = 0.022150237783489003 (LFM1)
[2026-08-31 22:42:23.403] [info] Frame 63 (t = 0.315):	 total squared error = 0.0032651767262727037, marker error: RMS = 0.010610951932129149, max = 0.022205601269826788 (LFM1)
[2026-08-31 22:42:23.414] [info] Frame 64 (t = 0.32):	 total squared error = 0.0033581198800912647, marker error: RMS = 0.010760912472672862, max = 0.022261824182993897 (LFM1)
[2026-08-31 22:42:23.424] [info] Frame 65 (t = 0.325):	 total squared error = 0.0034602894560117697, marker error: RMS = 0.010923384368837863, max = 0.022418388435972696 (LFM1)
[2026-08-31 22:42:23.441] [info] Frame 66 (t = 0.33):	 total squared error = 0.0036096570388735585, marker error: RMS = 0.011156654174749269, max = 0.023169913277401838 (LFM1)
[2026-08-31 22:42:23.451] [info] Frame 67 (t = 0.335):	 total squared error = 0.003717134408341022, marker error: RMS = 0.01132153031014286, max = 0.02331557478743377 (LFM1)
[2026-08-31 22:42:23.463] [info] Frame 68 (t = 0.34):	 total squared error = 0.003830497256427807, marker error: RMS = 0.011492872238505657, max = 0.023619719369654617 (LFM1)
[2026-08-31 22:42:23.474] [info] Frame 69 (t = 0.345):	 total squared error = 0.003942136010192438, marker error: RMS = 0.01165914767422535, max = 0.023820620398156148 (LFM1)
[2026-08-31 22:42:23.486] [info] Frame 70 (t = 0.35):	 total squared error = 0.004032777594501131, marker error: RMS = 0.011792425380815772, max = 0.023788603648330308 (LFM1)
[2026-08-31 22:42:23.502] [info] Frame 71 (t = 0.355):	 total squared error = 0.004146361055974567, marker error: RMS = 0.01195733948031078, max = 0.023898360502897478 (LFM1)
[2026-08-31 22:42:23.513] [info] Frame 72 (t = 0.36):	 total squared error = 0.0042536744213902584, marker error: RMS = 0.012111087000092188, max = 0.023977096702433608 (LFM1)
[2026-08-31 22:42:23.527] [info] Frame 73 (t = 0.365):	 total squared error = 0.004401850625597288, marker error: RMS = 0.012320225347241138, max = 0.02456930673243968 (LFM1)
[2026-08-31 22:42:23.537] [info] Frame 74 (t = 0.37):	 total squared error = 0.004493947793050617, marker error: RMS = 0.012448442352428894, max = 0.02455633066449475 (LFM1)
[2026-08-31 22:42:23.550] [info] Frame 75 (t = 0.375):	 total squared error = 0.004625593763509495, marker error: RMS = 0.012629458944248773, max = 0.02486358414554565 (LFM1)
[2026-08-31 22:42:23.560] [info] Frame 76 (t = 0.38):	 total squared error = 0.004721005579436392, marker error: RMS = 0.012759047607193657, max = 0.024784034816778856 (LFM1)
[2026-08-31 22:42:23.570] [info] Frame 77 (t = 0.385):	 total squared error = 0.0048179473384536535, marker error: RMS = 0.012889379935399976, max = 0.024737526464457253 (LFM1)
[2026-08-31 22:42:23.579] [info] Frame 78 (t = 0.39):	 total squared error = 0.004920269418637087, marker error: RMS = 0.013025531187311468, max = 0.024718388498739544 (LFM1)
[2026-08-31 22:42:23.589] [info] Frame 79 (t = 0.395):	 total squared error = 0.005018923216115145, marker error: RMS = 0.013155467220782162, max = 0.024678992132370594 (LFM1)
[2026-08-31 22:42:23.603] [info] Frame 80 (t = 0.4):	 total squared error = 0.00516883591561585, marker error: RMS = 0.01335049516790043, max = 0.025297558954483886 (LFM1)
[2026-08-31 22:42:23.613] [info] Frame 81 (t = 0.405):	 total squared error = 0.005258942511320446, marker error: RMS = 0.013466359761195541, max = 0.025108567093117106 (LFM1)
[2026-08-31 22:42:23.623] [info] Frame 82 (t = 0.41):	 total squared error = 0.005355160073168961, marker error: RMS = 0.013588991580622899, max = 0.02503943547674114 (LFM1)
[2026-08-31 22:42:23.633] [info] Frame 83 (t = 0.415):	 total squared error = 0.005455245345933401, marker error: RMS = 0.013715389476076213, max = 0.0249492269866967 (LFM1)
[2026-08-31 22:42:23.642] [info] Frame 84 (t = 0.42):	 total squared error = 0.00555415023145077, marker error: RMS = 0.013839162611016769, max = 0.02495368735558458 (LFM1)
[2026-08-31 22:42:23.652] [info] Frame 85 (t = 0.425):	 total squared error = 0.005648788539341324, marker error: RMS = 0.013956568765331434, max = 0.024852927673332286 (LFM1)
[2026-08-31 22:42:23.669] [info] Frame 86 (t = 0.43):	 total squared error = 0.005803415011709768, marker error: RMS = 0.014146298421299996, max = 0.025480193541504315 (LFM1)
[2026-08-31 22:42:23.679] [info] Frame 87 (t = 0.435):	 total squared error = 0.00589316842113881, marker error: RMS = 0.01425526934776051, max = 0.02535392535355264 (LTTC)
[2026-08-31 22:42:23.691] [info] Frame 88 (t = 0.44):	 total squared error = 0.005994729224451874, marker error: RMS = 0.01437757979783691, max = 0.025861015179801113 (LTTC)
[2026-08-31 22:42:23.701] [info] Frame 89 (t = 0.445):	 total squared error = 0.0060810214349929234, marker error: RMS = 0.01448069039480165, max = 0.026348106685409378 (LTTC)
[2026-08-31 22:42:23.710] [info] Frame 90 (t = 0.45):	 total squared error = 0.006179627407471597, marker error: RMS = 0.014597623103013766, max = 0.026721149798228545 (LTTC)
[2026-08-31 22:42:23.725] [info] Frame 91 (t = 0.455):	 total squared error = 0.006326297290315343, marker error: RMS = 0.01476984029787279, max = 0.027443175226239874 (LTTC)
[2026-08-31 22:42:23.742] [info] Frame 92 (t = 0.46):	 total squared error = 0.006420678646958663, marker error: RMS = 0.01487960725167475, max = 0.027864197249554606 (LTTC)
[2026-08-31 22:42:23.753] [info] Frame 93 (t = 0.465):	 total squared error = 0.006514029357248839, marker error: RMS = 0.014987384760994758, max = 0.02849427076729599 (LTTC)
[2026-08-31 22:42:23.767] [info] Frame 94 (t = 0.47):	 total squared error = 0.00662008234022434, marker error: RMS = 0.015108894777151842, max = 0.02879777711998004 (LTTC)
[2026-08-31 22:42:23.783] [info] Frame 95 (t = 0.475):	 total squared error = 0.00672538854789542, marker error: RMS = 0.015228589886375831, max = 0.02928031850407285 (LTTC)
[2026-08-31 22:42:23.792] [info] Frame 96 (t = 0.48):	 total squared error = 0.006830135087549743, marker error: RMS = 0.015346722763205204, max = 0.02988536961742718 (LTTC)
[2026-08-31 22:42:23.810] [info] Frame 97 (t = 0.485):	 total squared error = 0.006933103711633147, marker error: RMS = 0.015461970824589385, max = 0.03022661228808895 (LTTC)
[2026-08-31 22:42:23.819] [info] Frame 98 (t = 0.49):	 total squared error = 0.007035299194173197, marker error: RMS = 0.01557551039089913, max = 0.030782112668113332 (LTTC)
[2026-08-31 22:42:23.830] [info] Frame 99 (t = 0.495):	 total squared error = 0.0071243134756337765, marker error: RMS = 0.01567373541688152, max = 0.031144003886970334 (LTTC)
[2026-08-31 22:42:23.847] [info] Frame 100 (t = 0.5):	 total squared error = 0.007249702359734054, marker error: RMS = 0.015811063738488743, max = 0.031510370154245335 (LTTC)
[2026-08-31 22:42:23.868] [info] Frame 101 (t = 0.505):	 total squared error = 0.00735087816593124, marker error: RMS = 0.015921009938000316, max = 0.03190964887133876 (LTTC)
[2026-08-31 22:42:23.878] [info] Frame 102 (t = 0.51):	 total squared error = 0.0074472674427768035, marker error: RMS = 0.01602505306115999, max = 0.03243234368642584 (LTTC)
[2026-08-31 22:42:23.887] [info] Frame 103 (t = 0.515):	 total squared error = 0.007542143951743938, marker error: RMS = 0.01612680778612062, max = 0.03281658706547846 (LTTC)
[2026-08-31 22:42:23.901] [info] Frame 104 (t = 0.52):	 total squared error = 0.007654603555950643, marker error: RMS = 0.016246594928073965, max = 0.03308186342473058 (LTTC)
[2026-08-31 22:42:23.914] [info] Frame 105 (t = 0.525):	 total squared error = 0.007755164001657578, marker error: RMS = 0.016352964512069974, max = 0.03346799228806726 (LTTC)
[2026-08-31 22:42:23.923] [info] Frame 106 (t = 0.53):	 total squared error = 0.007858614555833131, marker error: RMS = 0.01646167393741694, max = 0.033941390334536095 (LTTC)
[2026-08-31 22:42:23.931] [info] Frame 107 (t = 0.535):	 total squared error = 0.00794506929742648, marker error: RMS = 0.016551975918536424, max = 0.034290301784184324 (LTTC)
[2026-08-31 22:42:23.940] [info] Frame 108 (t = 0.54):	 total squared error = 0.00802695134740135, marker error: RMS = 0.01663704979172871, max = 0.03451091547915681 (LTTC)
[2026-08-31 22:42:23.958] [info] Frame 109 (t = 0.545):	 total squared error = 0.008160888388894222, marker error: RMS = 0.016775277775483433, max = 0.034853369506678764 (LTTC)
[2026-08-31 22:42:23.967] [info] Frame 110 (t = 0.55):	 total squared error = 0.008264301763060191, marker error: RMS = 0.016881229897852363, max = 0.03527039942231402 (LTTC)
[2026-08-31 22:42:23.976] [info] Frame 111 (t = 0.555):	 total squared error = 0.008341305651981433, marker error: RMS = 0.016959694259587054, max = 0.0355306446761979 (LTTC)
[2026-08-31 22:42:23.992] [info] Frame 112 (t = 0.56):	 total squared error = 0.008460245130422695, marker error: RMS = 0.017080181225743212, max = 0.03582368406531691 (LTTC)
[2026-08-31 22:42:24.005] [info] Frame 113 (t = 0.565):	 total squared error = 0.008541554424197953, marker error: RMS = 0.01716206163184079, max = 0.03611978618950004 (LTTC)
[2026-08-31 22:42:24.021] [info] Frame 114 (t = 0.57):	 total squared error = 0.00865776447840679, marker error: RMS = 0.017278414357332746, max = 0.03642222795730557 (LTTC)
[2026-08-31 22:42:24.029] [info] Frame 115 (t = 0.575):	 total squared error = 0.008758809557506362, marker error: RMS = 0.017378950364624484, max = 0.0368248819731589 (LTTC)
[2026-08-31 22:42:24.038] [info] Frame 116 (t = 0.58):	 total squared error = 0.008840413290896383, marker error: RMS = 0.017459720433532624, max = 0.03706426599420342 (LTTC)
[2026-08-31 22:42:24.051] [info] Frame 117 (t = 0.585):	 total squared error = 0.008940859213337345, marker error: RMS = 0.017558630075124905, max = 0.037290834225041716 (LTTC)
[2026-08-31 22:42:24.064] [info] Frame 118 (t = 0.59):	 total squared error = 0.009028354621267737, marker error: RMS = 0.017644335440791283, max = 0.03758826517723199 (LTTC)
[2026-08-31 22:42:24.072] [info] Frame 119 (t = 0.595):	 total squared error = 0.009128520467081054, marker error: RMS = 0.01774194374442612, max = 0.03791192886520033 (LTTC)
[2026-08-31 22:42:24.088] [info] Frame 120 (t = 0.6):	 total squared error = 0.009222760383044494, marker error: RMS = 0.017833289660210833, max = 0.0380999119718056 (LTTC)
[2026-08-31 22:42:24.096] [info] Frame 121 (t = 0.605):	 total squared error = 0.009304877896757666, marker error: RMS = 0.017912505645746077, max = 0.038428507693222314 (LTTC)
[2026-08-31 22:42:24.109] [info] Frame 122 (t = 0.61):	 total squared error = 0.009392642966667246, marker error: RMS = 0.017996784163563918, max = 0.03861370523568737 (LTTC)
[2026-08-31 22:42:24.123] [info] Frame 123 (t = 0.615):	 total squared error = 0.009493393967157449, marker error: RMS = 0.01809304873868972, max = 0.03887955069237329 (LTTC)
[2026-08-31 22:42:24.138] [info] Frame 124 (t = 0.62):	 total squared error = 0.009569695647608211, marker error: RMS = 0.01816561325939585, max = 0.039098307134937796 (LTTC)
[2026-08-31 22:42:24.150] [info] Frame 125 (t = 0.625):	 total squared error = 0.009658715681215783, marker error: RMS = 0.018249908531859385, max = 0.03938698109532974 (LTTC)
[2026-08-31 22:42:24.164] [info] Frame 126 (t = 0.63):	 total squared error = 0.009777113963458652, marker error: RMS = 0.018361423169485504, max = 0.03963221538636958 (LTTC)
[2026-08-31 22:42:24.173] [info] Frame 127 (t = 0.635):	 total squared error = 0.00983343391929533, marker error: RMS = 0.01841423167692758, max = 0.0399079481964983 (LTTC)
[2026-08-31 22:42:24.181] [info] Frame 128 (t = 0.64):	 total squared error = 0.009907352942425349, marker error: RMS = 0.0184833130169792, max = 0.04010343595412564 (LTTC)
[2026-08-31 22:42:24.193] [info] Frame 129 (t = 0.645):	 total squared error = 0.00997771287281606, marker error: RMS = 0.018548829197010366, max = 0.040255407379207075 (LTTC)
[2026-08-31 22:42:24.203] [info] Frame 130 (t = 0.65):	 total squared error = 0.01006799869424539, marker error: RMS = 0.018632562055903166, max = 0.04055935083266426 (LTTC)
[2026-08-31 22:42:24.220] [info] Frame 131 (t = 0.655):	 total squared error = 0.010165739732421216, marker error: RMS = 0.01872278690243082, max = 0.040803493484090014 (LTTC)
[2026-08-31 22:42:24.228] [info] Frame 132 (t = 0.66):	 total squared error = 0.010238603826970675, marker error: RMS = 0.01878976594793823, max = 0.04103434395385109 (LTTC)
[2026-08-31 22:42:24.239] [info] Frame 133 (t = 0.665):	 total squared error = 0.010291913040052328, marker error: RMS = 0.018838618662344982, max = 0.041218590684884364 (LTTC)
[2026-08-31 22:42:24.254] [info] Frame 134 (t = 0.67):	 total squared error = 0.010399864198722963, marker error: RMS = 0.01893715941878602, max = 0.041499467476543414 (LTTC)
[2026-08-31 22:42:24.269] [info] Frame 135 (t = 0.675):	 total squared error = 0.010470322230062456, marker error: RMS = 0.019001199807909097, max = 0.04168207632076787 (LTTC)
[2026-08-31 22:42:24.282] [info] Frame 136 (t = 0.68):	 total squared error = 0.010529929970444506, marker error: RMS = 0.019055210139581346, max = 0.04188449953930915 (LTTC)
[2026-08-31 22:42:24.292] [info] Frame 137 (t = 0.685):	 total squared error = 0.010597999968033628, marker error: RMS = 0.01911670146128197, max = 0.042039838556722234 (LTTC)
[2026-08-31 22:42:24.307] [info] Frame 138 (t = 0.69):	 total squared error = 0.010680145671571755, marker error: RMS = 0.01919064577409036, max = 0.042297604545042077 (LTTC)
[2026-08-31 22:42:24.315] [info] Frame 139 (t = 0.695):	 total squared error = 0.010748124997586147, marker error: RMS = 0.019251623306016655, max = 0.04248497018546038 (LTTC)
[2026-08-31 22:42:24.325] [info] Frame 140 (t = 0.7):	 total squared error = 0.010809619553381946, marker error: RMS = 0.019306618083982412, max = 0.04269293014820526 (LTTC)
[2026-08-31 22:42:24.334] [info] Frame 141 (t = 0.705):	 total squared error = 0.010876701418305235, marker error: RMS = 0.019366431514265404, max = 0.04286942315603658 (LTTC)
[2026-08-31 22:42:24.341] [info] Frame 142 (t = 0.71):	 total squared error = 0.010933477021385946, marker error: RMS = 0.01941691141797038, max = 0.04305529928709467 (LTTC)
[2026-08-31 22:42:24.352] [info] Frame 143 (t = 0.715):	 total squared error = 0.010984538675539725, marker error: RMS = 0.019462199148818367, max = 0.04314125672369358 (LTTC)
[2026-08-31 22:42:24.364] [info] Frame 144 (t = 0.72):	 total squared error = 0.011040193486686448, marker error: RMS = 0.019511440929032352, max = 0.043325451603144265 (LTTC)
[2026-08-31 22:42:24.372] [info] Frame 145 (t = 0.725):	 total squared error = 0.011103224336565463, marker error: RMS = 0.019567059173753062, max = 0.04351273303324494 (LTTC)
[2026-08-31 22:42:24.390] [info] Frame 146 (t = 0.73):	 total squared error = 0.011187219275657774, marker error: RMS = 0.019640931289509507, max = 0.043790127861585135 (LTTC)
[2026-08-31 22:42:24.399] [info] Frame 147 (t = 0.735):	 total squared error = 0.011233772642279921, marker error: RMS = 0.019681754759762797, max = 0.043925005166504785 (LTTC)
[2026-08-31 22:42:24.407] [info] Frame 148 (t = 0.74):	 total squared error = 0.011281392558680815, marker error: RMS = 0.019723426084385924, max = 0.04408160006001252 (LTTC)
[2026-08-31 22:42:24.421] [info] Frame 149 (t = 0.745):	 total squared error = 0.011354377733940862, marker error: RMS = 0.019787123759849888, max = 0.04427129378363749 (LTTC)
[2026-08-31 22:42:24.428] [info] Frame 150 (t = 0.75):	 total squared error = 0.011400042718853693, marker error: RMS = 0.019826873715736996, max = 0.044405903028108366 (LTTC)
[2026-08-31 22:42:24.436] [info] Frame 151 (t = 0.755):	 total squared error = 0.011452264168890074, marker error: RMS = 0.0198722334174146, max = 0.044495655094086026 (LTTC)
[2026-08-31 22:42:24.450] [info] Frame 152 (t = 0.76):	 total squared error = 0.01151596619215131, marker error: RMS = 0.01992742538533205, max = 0.04472896260299139 (LTTC)
[2026-08-31 22:42:24.458] [info] Frame 153 (t = 0.765):	 total squared error = 0.01156003933004862, marker error: RMS = 0.01996552142729424, max = 0.04483441117771638 (LTTC)
[2026-08-31 22:42:24.468] [info] Frame 154 (t = 0.77):	 total squared error = 0.011611219586864627, marker error: RMS = 0.02000966972005477, max = 0.04494858321598509 (LTTC)
[2026-08-31 22:42:24.478] [info] Frame 155 (t = 0.775):	 total squared error = 0.011672166370024875, marker error: RMS = 0.020062115928238953, max = 0.04518536142547758 (LTTC)
[2026-08-31 22:42:24.492] [info] Frame 156 (t = 0.78):	 total squared error = 0.011717851228833705, marker error: RMS = 0.020101339146360978, max = 0.04526255352559897 (LTTC)
[2026-08-31 22:42:24.504] [info] Frame 157 (t = 0.785):	 total squared error = 0.011759596290003334, marker error: RMS = 0.020137113009191326, max = 0.04536351577908704 (LTTC)
[2026-08-31 22:42:24.514] [info] Frame 158 (t = 0.79):	 total squared error = 0.011806946939039262, marker error: RMS = 0.020177613866515075, max = 0.045445422204103754 (LTTC)
[2026-08-31 22:42:24.529] [info] Frame 159 (t = 0.795):	 total squared error = 0.011883892682356388, marker error: RMS = 0.02024325573715541, max = 0.04570462794446792 (LTTC)
[2026-08-31 22:42:24.538] [info] Frame 160 (t = 0.8):	 total squared error = 0.011926892569430338, marker error: RMS = 0.020279846093266177, max = 0.04579311555133475 (LTTC)
[2026-08-31 22:42:24.547] [info] Frame 161 (t = 0.805):	 total squared error = 0.011973160591254292, marker error: RMS = 0.020319143845028895, max = 0.045891405799370295 (LTTC)
[2026-08-31 22:42:24.559] [info] Frame 162 (t = 0.81):	 total squared error = 0.012049655709319948, marker error: RMS = 0.020383948814861528, max = 0.046107312558976175 (LTTC)
[2026-08-31 22:42:24.567] [info] Frame 163 (t = 0.815):	 total squared error = 0.012095741132936691, marker error: RMS = 0.02042289210237872, max = 0.04619100096568526 (LTTC)
[2026-08-31 22:42:24.575] [info] Frame 164 (t = 0.82):	 total squared error = 0.012149091725997164, marker error: RMS = 0.02046788209483771, max = 0.04628619392980884 (LTTC)
[2026-08-31 22:42:24.582] [info] Frame 165 (t = 0.825):	 total squared error = 0.012194530644479933, marker error: RMS = 0.020506122420053105, max = 0.04636923140239662 (LTTC)
[2026-08-31 22:42:24.588] [info] Frame 166 (t = 0.83):	 total squared error = 0.012243179415273676, marker error: RMS = 0.02054698519312939, max = 0.04648043858253589 (LTTC)
[2026-08-31 22:42:24.598] [info] Frame 167 (t = 0.835):	 total squared error = 0.012307939254886593, marker error: RMS = 0.020601254778395545, max = 0.0467176139087074 (LTTC)
[2026-08-31 22:42:24.605] [info] Frame 168 (t = 0.84):	 total squared error = 0.012371670120236737, marker error: RMS = 0.02065452285798251, max = 0.04677934864065458 (LTTC)
[2026-08-31 22:42:24.614] [info] Frame 169 (t = 0.845):	 total squared error = 0.012415349330120316, marker error: RMS = 0.020690951987332045, max = 0.04689276409723092 (LTTC)
[2026-08-31 22:42:24.622] [info] Frame 170 (t = 0.85):	 total squared error = 0.012479945558968827, marker error: RMS = 0.02074470897142859, max = 0.04698030342038014 (LTTC)
[2026-08-31 22:42:24.628] [info] Frame 171 (t = 0.855):	 total squared error = 0.012535180404916203, marker error: RMS = 0.020790565171960193, max = 0.04709392163800903 (LTTC)
[2026-08-31 22:42:24.637] [info] Frame 172 (t = 0.86):	 total squared error = 0.012571644759239074, marker error: RMS = 0.020820782686966865, max = 0.04714471596540766 (LTTC)
[2026-08-31 22:42:24.647] [info] Frame 173 (t = 0.865):	 total squared error = 0.012649891009314266, marker error: RMS = 0.0208854767303075, max = 0.047360367448935875 (LTTC)
[2026-08-31 22:42:24.655] [info] Frame 174 (t = 0.87):	 total squared error = 0.012695454531178724, marker error: RMS = 0.02092305652094303, max = 0.04742891787185114 (LTTC)
[2026-08-31 22:42:24.664] [info] Frame 175 (t = 0.875):	 total squared error = 0.012738451765781155, marker error: RMS = 0.020958457897486862, max = 0.0474921625913502 (LTTC)
[2026-08-31 22:42:24.671] [info] Frame 176 (t = 0.88):	 total squared error = 0.01280572636589925, marker error: RMS = 0.021013728161321236, max = 0.047523670718627634 (LTTC)
[2026-08-31 22:42:24.684] [info] Frame 177 (t = 0.885):	 total squared error = 0.012847848253405894, marker error: RMS = 0.021048260025889186, max = 0.04773223174609118 (LTTC)
[2026-08-31 22:42:24.690] [info] Frame 178 (t = 0.89):	 total squared error = 0.012887452802331705, marker error: RMS = 0.021080676559786564, max = 0.04775478260355273 (LTTC)
[2026-08-31 22:42:24.695] [info] Frame 179 (t = 0.895):	 total squared error = 0.012930296003751007, marker error: RMS = 0.021115687911868134, max = 0.047781667464929 (LTTC)
[2026-08-31 22:42:24.701] [info] Frame 180 (t = 0.9):	 total squared error = 0.012974854685524416, marker error: RMS = 0.021152039671375963, max = 0.047815306641577425 (LTTC)
[2026-08-31 22:42:24.708] [info] Frame 181 (t = 0.905):	 total squared error = 0.01301770793845028, marker error: RMS = 0.021186941276083636, max = 0.04785012075591188 (LTTC)
[2026-08-31 22:42:24.720] [info] Frame 182 (t = 0.91):	 total squared error = 0.013082179400470762, marker error: RMS = 0.02123934166821071, max = 0.048072168077984055 (LTTC)
[2026-08-31 22:42:24.726] [info] Frame 183 (t = 0.915):	 total squared error = 0.013116730492130295, marker error: RMS = 0.021267370581545073, max = 0.048095887296774324 (LTTC)
[2026-08-31 22:42:24.734] [info] Frame 184 (t = 0.92):	 total squared error = 0.013147220800077358, marker error: RMS = 0.021292074614324877, max = 0.04809959894354512 (LTTC)
[2026-08-31 22:42:24.740] [info] Frame 185 (t = 0.925):	 total squared error = 0.013187608128671056, marker error: RMS = 0.021324753407371652, max = 0.0481116951864396 (LTTC)
[2026-08-31 22:42:24.747] [info] Frame 186 (t = 0.93):	 total squared error = 0.01323753889222204, marker error: RMS = 0.02136508503031252, max = 0.048127252185442594 (LTTC)
[2026-08-31 22:42:24.760] [info] Frame 187 (t = 0.935):	 total squared error = 0.013276018559570633, marker error: RMS = 0.021396115148163464, max = 0.048330454605550355 (LTTC)
[2026-08-31 22:42:24.767] [info] Frame 188 (t = 0.94):	 total squared error = 0.013314632033431204, marker error: RMS = 0.02142720799665954, max = 0.04833269817435304 (LTTC)
[2026-08-31 22:42:24.772] [info] Frame 189 (t = 0.945):	 total squared error = 0.013349278702960949, marker error: RMS = 0.021455068288740435, max = 0.04832779331805561 (LTTC)
[2026-08-31 22:42:24.777] [info] Frame 190 (t = 0.95):	 total squared error = 0.013383755694544638, marker error: RMS = 0.021482756272258534, max = 0.048343565785233834 (LTTC)
[2026-08-31 22:42:24.784] [info] Frame 191 (t = 0.955):	 total squared error = 0.01341523689004335, marker error: RMS = 0.02150800724192588, max = 0.048335082268720436 (LTTC)
[2026-08-31 22:42:24.790] [info] Frame 192 (t = 0.96):	 total squared error = 0.01345035978797099, marker error: RMS = 0.021536144267951824, max = 0.04835384505802252 (LTTC)
[2026-08-31 22:42:24.797] [info] Frame 193 (t = 0.965):	 total squared error = 0.013481685591049215, marker error: RMS = 0.02156120845491226, max = 0.04837490341086316 (LTTC)
[2026-08-31 22:42:24.807] [info] Frame 194 (t = 0.97):	 total squared error = 0.013532681875848333, marker error: RMS = 0.021601949046682334, max = 0.04858782174007344 (LTTC)
[2026-08-31 22:42:24.814] [info] Frame 195 (t = 0.975):	 total squared error = 0.013551094030891275, marker error: RMS = 0.021616639528693915, max = 0.04858505367952041 (LTTC)
[2026-08-31 22:42:24.820] [info] Frame 196 (t = 0.98):	 total squared error = 0.013579405392710076, marker error: RMS = 0.021639208820317644, max = 0.048595561019958385 (LTTC)
[2026-08-31 22:42:24.827] [info] Frame 197 (t = 0.985):	 total squared error = 0.01360753556235681, marker error: RMS = 0.02166161037917542, max = 0.0486180846583421 (LTTC)
[2026-08-31 22:42:24.834] [info] Frame 198 (t = 0.99):	 total squared error = 0.01363776036799171, marker error: RMS = 0.021685654218774813, max = 0.0486538433341233 (LTTC)
[2026-08-31 22:42:24.840] [info] Frame 199 (t = 0.995):	 total squared error = 0.013660761932440308, marker error: RMS = 0.021703934120132346, max = 0.04866089404242308 (LTTC)
[2026-08-31 22:42:24.845] [info] Frame 200 (t = 1):	 total squared error = 0.013694382690373142, marker error: RMS = 0.021730625687528825, max = 0.04872562514931214 (LTTC)
[2026-08-31 22:42:24.853] [info] Frame 201 (t = 1.005):	 total squared error = 0.013718864579598937, marker error: RMS = 0.02175004128382839, max = 0.048753786595131715 (LTTC)
[2026-08-31 22:42:24.858] [info] Frame 202 (t = 1.01):	 total squared error = 0.013747850368087408, marker error: RMS = 0.021773006356406492, max = 0.04881153342057887 (LTTC)
[2026-08-31 22:42:24.866] [info] Frame 203 (t = 1.015):	 total squared error = 0.013771507101762252, marker error: RMS = 0.021791731350059844, max = 0.0488600336972533 (LTTC)
[2026-08-31 22:42:24.873] [info] Frame 204 (t = 1.02):	 total squared error = 0.013794154959421377, marker error: RMS = 0.021809642726145616, max = 0.04891145250579082 (LTTC)
[2026-08-31 22:42:24.886] [info] Frame 205 (t = 1.025):	 total squared error = 0.013821137180787275, marker error: RMS = 0.021830962811303735, max = 0.04908185547596482 (LTTC)
[2026-08-31 22:42:24.891] [info] Frame 206 (t = 1.03):	 total squared error = 0.013838968195749559, marker error: RMS = 0.021845040623753326, max = 0.04913330830512127 (LTTC)
[2026-08-31 22:42:24.898] [info] Frame 207 (t = 1.035):	 total squared error = 0.013855345192725936, marker error: RMS = 0.021857962482516553, max = 0.049180810898178814 (LTTC)
[2026-08-31 22:42:24.904] [info] Frame 208 (t = 1.04):	 total squared error = 0.013869156338412281, marker error: RMS = 0.02186885388606542, max = 0.049229667639438646 (LTTC)
[2026-08-31 22:42:24.909] [info] Frame 209 (t = 1.045):	 total squared error = 0.013882055021954333, marker error: RMS = 0.021879020830036795, max = 0.04927790598684018 (LTTC)
[2026-08-31 22:42:24.916] [info] Frame 210 (t = 1.05):	 total squared error = 0.013898075082879827, marker error: RMS = 0.021891641518514925, max = 0.04934485577485609 (LTTC)
[2026-08-31 22:42:24.927] [info] Frame 211 (t = 1.055):	 total squared error = 0.013907363247532226, marker error: RMS = 0.021898955452598744, max = 0.04939320383621309 (LTTC)
[2026-08-31 22:42:24.933] [info] Frame 212 (t = 1.06):	 total squared error = 0.013917473968187663, marker error: RMS = 0.021906914329835388, max = 0.04945755912796708 (LTTC)
[2026-08-31 22:42:24.938] [info] Frame 213 (t = 1.065):	 total squared error = 0.013933251821419267, marker error: RMS = 0.021919328442251258, max = 0.04954832930094758 (LTTC)
[2026-08-31 22:42:24.945] [info] Frame 214 (t = 1.07):	 total squared error = 0.013927941506431925, marker error: RMS = 0.021915151038707826, max = 0.04955217572962432 (LTTC)
[2026-08-31 22:42:24.951] [info] Frame 215 (t = 1.075):	 total squared error = 0.013938005141750209, marker error: RMS = 0.021923067006167356, max = 0.04960620282976495 (LTTC)
[2026-08-31 22:42:24.956] [info] Frame 216 (t = 1.08):	 total squared error = 0.013952399439047327, marker error: RMS = 0.021934384469050293, max = 0.049693043705602076 (LTTC)
[2026-08-31 22:42:24.964] [info] Frame 217 (t = 1.085):	 total squared error = 0.013945735012622437, marker error: RMS = 0.02192914531458898, max = 0.04969617142112814 (LTTC)
[2026-08-31 22:42:24.971] [info] Frame 218 (t = 1.09):	 total squared error = 0.013949110986956628, marker error: RMS = 0.02193179945048822, max = 0.04971636491601554 (LTTC)
[2026-08-31 22:42:24.976] [info] Frame 219 (t = 1.095):	 total squared error = 0.013965453663119068, marker error: RMS = 0.02194464325738199, max = 0.04980340871469102 (LTTC)
[2026-08-31 22:42:24.983] [info] Frame 220 (t = 1.1):	 total squared error = 0.013970616469403317, marker error: RMS = 0.021948699175501633, max = 0.04983450039784328 (LTTC)
[2026-08-31 22:42:24.990] [info] Frame 221 (t = 1.105):	 total squared error = 0.013958920915999016, marker error: RMS = 0.021939510034449043, max = 0.0498226542677418 (LTTC)
[2026-08-31 22:42:24.995] [info] Frame 222 (t = 1.11):	 total squared error = 0.013976461786952547, marker error: RMS = 0.021953290372305867, max = 0.04987639752216222 (LTTC)
[2026-08-31 22:42:25.003] [info] Frame 223 (t = 1.115):	 total squared error = 0.01395654932048283, marker error: RMS = 0.02193764621366567, max = 0.04984399259302357 (LTTC)
[2026-08-31 22:42:25.010] [info] Frame 224 (t = 1.12):	 total squared error = 0.013959491412100906, marker error: RMS = 0.021939958359829804, max = 0.04985435472954466 (LTTC)
[2026-08-31 22:42:25.017] [info] Frame 225 (t = 1.125):	 total squared error = 0.013972763711218843, marker error: RMS = 0.021950385835285247, max = 0.04987985901266464 (LTTC)
[2026-08-31 22:42:25.023] [info] Frame 226 (t = 1.13):	 total squared error = 0.01397542432601365, marker error: RMS = 0.021952475570095577, max = 0.04988117991330795 (LTTC)
[2026-08-31 22:42:25.028] [info] Frame 227 (t = 1.135):	 total squared error = 0.013975080722201464, marker error: RMS = 0.021952205703489713, max = 0.0498693709755901 (LTTC)
[2026-08-31 22:42:25.034] [info] Frame 228 (t = 1.14):	 total squared error = 0.013987483253203281, marker error: RMS = 0.021961944557145837, max = 0.04989159624977176 (LTTC)
[2026-08-31 22:42:25.043] [info] Frame 229 (t = 1.145):	 total squared error = 0.013972355914615465, marker error: RMS = 0.021950065520768964, max = 0.04983494350816605 (LTTC)
[2026-08-31 22:42:25.049] [info] Frame 230 (t = 1.15):	 total squared error = 0.013975128940768928, marker error: RMS = 0.02195224357457682, max = 0.04981542190114551 (LTTC)
[2026-08-31 22:42:25.054] [info] Frame 231 (t = 1.155):	 total squared error = 0.013994386849700715, marker error: RMS = 0.021967363605648795, max = 0.04984748505189403 (LTTC)
[2026-08-31 22:42:25.059] [info] Frame 232 (t = 1.16):	 total squared error = 0.01399951551676743, marker error: RMS = 0.02197138853990095, max = 0.04984364433730745 (LTTC)
[2026-08-31 22:42:25.070] [info] Frame 233 (t = 1.165):	 total squared error = 0.01396574426600319, marker error: RMS = 0.021944871575902844, max = 0.04976975417347716 (LTTC)
[2026-08-31 22:42:25.075] [info] Frame 234 (t = 1.17):	 total squared error = 0.013989208065902535, marker error: RMS = 0.021963298591767173, max = 0.04979813592403186 (LTTC)
[2026-08-31 22:42:25.084] [info] Frame 235 (t = 1.175):	 total squared error = 0.013986931070045087, marker error: RMS = 0.021961511057588666, max = 0.04975455132461119 (LTTC)
[2026-08-31 22:42:25.089] [info] Frame 236 (t = 1.18):	 total squared error = 0.014008209403126796, marker error: RMS = 0.021978209744110105, max = 0.04976006802326649 (LTTC)
[2026-08-31 22:42:25.098] [info] Frame 237 (t = 1.185):	 total squared error = 0.014019596637792333, marker error: RMS = 0.021987140942387788, max = 0.0497216378484872 (LTTC)
[2026-08-31 22:42:25.107] [info] Frame 238 (t = 1.19):	 total squared error = 0.014005973940562372, marker error: RMS = 0.021976456007283835, max = 0.04966476058043 (LTTC)
[2026-08-31 22:42:25.115] [info] Frame 239 (t = 1.195):	 total squared error = 0.014019128823566868, marker error: RMS = 0.021986774099340023, max = 0.04969851778070042 (LTTC)
[2026-08-31 22:42:25.127] [info] Frame 240 (t = 1.2):	 total squared error = 0.013993307765342675, marker error: RMS = 0.021966516655522187, max = 0.04971882276252293 (LTTC)
[2026-08-31 22:42:25.134] [info] Frame 241 (t = 1.205):	 total squared error = 0.014002030869014305, marker error: RMS = 0.021973362297465212, max = 0.0496964977949965 (LTTC)
[2026-08-31 22:42:25.141] [info] Frame 242 (t = 1.21):	 total squared error = 0.014014920786106546, marker error: RMS = 0.021983474032904765, max = 0.049679558889693776 (LTTC)
[2026-08-31 22:42:25.149] [info] Frame 243 (t = 1.215):	 total squared error = 0.01402808647974266, marker error: RMS = 0.0219937973072211, max = 0.04964348062816037 (LTTC)
[2026-08-31 22:42:25.156] [info] Frame 244 (t = 1.22):	 total squared error = 0.014039882074404144, marker error: RMS = 0.022003042167723662, max = 0.04965964360770222 (LTTC)
[2026-08-31 22:42:25.164] [info] Frame 245 (t = 1.225):	 total squared error = 0.014055302425770265, marker error: RMS = 0.022015122095701167, max = 0.04961776429498326 (LTTC)
[2026-08-31 22:42:25.170] [info] Frame 246 (t = 1.23):	 total squared error = 0.014059479294773698, marker error: RMS = 0.022018393012530807, max = 0.049583657749324266 (LTTC)
[2026-08-31 22:42:25.175] [info] Frame 247 (t = 1.235):	 total squared error = 0.01407182342840267, marker error: RMS = 0.022028056896480335, max = 0.04958892716648951 (LTTC)
[2026-08-31 22:42:25.184] [info] Frame 248 (t = 1.24):	 total squared error = 0.014065312994369285, marker error: RMS = 0.022022960584564592, max = 0.04953893625334172 (LTTC)
[2026-08-31 22:42:25.198] [info] Frame 249 (t = 1.245):	 total squared error = 0.014024135402096165, marker error: RMS = 0.021990699759997418, max = 0.04953547994464416 (LTTC)
[2026-08-31 22:42:25.206] [info] Frame 250 (t = 1.25):	 total squared error = 0.014036177095474656, marker error: RMS = 0.022000138789119158, max = 0.049531166404214025 (LTTC)
[2026-08-31 22:42:25.213] [info] Frame 251 (t = 1.255):	 total squared error = 0.014023541830428624, marker error: RMS = 0.02199023437678222, max = 0.04954069746903928 (LTTC)
[2026-08-31 22:42:25.220] [info] Frame 252 (t = 1.26):	 total squared error = 0.014049465943468906, marker error: RMS = 0.02201055071728643, max = 0.04951485318367842 (LTTC)
[2026-08-31 22:42:25.227] [info] Frame 253 (t = 1.265):	 total squared error = 0.014020760957915686, marker error: RMS = 0.021988053933674895, max = 0.04951734827137415 (LTTC)
[2026-08-31 22:42:25.236] [info] Frame 254 (t = 1.27):	 total squared error = 0.014020190613357245, marker error: RMS = 0.02198760670779011, max = 0.04950302592290464 (LTTC)
[2026-08-31 22:42:25.244] [info] Frame 255 (t = 1.275):	 total squared error = 0.014012948983176433, marker error: RMS = 0.021981927516733182, max = 0.04949212225446438 (LTTC)
[2026-08-31 22:42:25.251] [info] Frame 256 (t = 1.28):	 total squared error = 0.01399589110899191, marker error: RMS = 0.02196854421195962, max = 0.04949076194704091 (LTTC)
[2026-08-31 22:42:25.260] [info] Frame 257 (t = 1.285):	 total squared error = 0.013984564109299246, marker error: RMS = 0.021959652743076923, max = 0.04947677778915142 (LTTC)
[2026-08-31 22:42:25.268] [info] Frame 258 (t = 1.29):	 total squared error = 0.013975950142000596, marker error: RMS = 0.02195288853981179, max = 0.0494806121783859 (LTTC)
[2026-08-31 22:42:25.275] [info] Frame 259 (t = 1.295):	 total squared error = 0.013964833449194929, marker error: RMS = 0.02194415596478301, max = 0.04947720690818668 (LTTC)
[2026-08-31 22:42:25.282] [info] Frame 260 (t = 1.3):	 total squared error = 0.013945403774278034, marker error: RMS = 0.021928884883105296, max = 0.04947914229147977 (LTTC)
[2026-08-31 22:42:25.290] [info] Frame 261 (t = 1.305):	 total squared error = 0.01390829290886228, marker error: RMS = 0.021899687376813113, max = 0.049483741909537735 (LTTC)
[2026-08-31 22:42:25.300] [info] Frame 262 (t = 1.31):	 total squared error = 0.013891847375337824, marker error: RMS = 0.021886736162325237, max = 0.04945564867395063 (LTTC)
[2026-08-31 22:42:25.308] [info] Frame 263 (t = 1.315):	 total squared error = 0.013867741854481702, marker error: RMS = 0.021867738680122543, max = 0.04944329547834534 (LTTC)
[2026-08-31 22:42:25.318] [info] Frame 264 (t = 1.32):	 total squared error = 0.013859155823365618, marker error: RMS = 0.021860968069681682, max = 0.049458999031652365 (LTTC)
[2026-08-31 22:42:25.324] [info] Frame 265 (t = 1.325):	 total squared error = 0.013825340131671788, marker error: RMS = 0.02183428191192401, max = 0.04944835124411999 (LTTC)
[2026-08-31 22:42:25.334] [info] Frame 266 (t = 1.33):	 total squared error = 0.013803010880145608, marker error: RMS = 0.0218166425560583, max = 0.04944416774120519 (LTTC)
[2026-08-31 22:42:25.341] [info] Frame 267 (t = 1.335):	 total squared error = 0.013776470674319901, marker error: RMS = 0.021795658120542787, max = 0.04945894044653555 (LTTC)
[2026-08-31 22:42:25.347] [info] Frame 268 (t = 1.34):	 total squared error = 0.013756447721164893, marker error: RMS = 0.02177981327392559, max = 0.04945762905206382 (LTTC)
[2026-08-31 22:42:25.354] [info] Frame 269 (t = 1.345):	 total squared error = 0.013739210218685655, marker error: RMS = 0.021766163410437085, max = 0.04947347866493383 (LTTC)
[2026-08-31 22:42:25.361] [info] Frame 270 (t = 1.35):	 total squared error = 0.01369651085727511, marker error: RMS = 0.021732314139020558, max = 0.049452942000151545 (LTTC)
[2026-08-31 22:42:25.370] [info] Frame 271 (t = 1.355):	 total squared error = 0.013659232674460363, marker error: RMS = 0.0217027192595134, max = 0.04945957164057722 (LTTC)
[2026-08-31 22:42:25.376] [info] Frame 272 (t = 1.36):	 total squared error = 0.013651846758820115, marker error: RMS = 0.02169685084317626, max = 0.04944636178210045 (LTTC)
[2026-08-31 22:42:25.391] [info] Frame 273 (t = 1.365):	 total squared error = 0.01361013154584507, marker error: RMS = 0.021663676532186527, max = 0.04930245754725351 (LTTC)
[2026-08-31 22:42:25.399] [info] Frame 274 (t = 1.37):	 total squared error = 0.013603828807509858, marker error: RMS = 0.021658659817415916, max = 0.049341622294498365 (LTTC)
[2026-08-31 22:42:25.406] [info] Frame 275 (t = 1.375):	 total squared error = 0.013588303687334942, marker error: RMS = 0.021646297515164066, max = 0.049360678517728726 (LTTC)
[2026-08-31 22:42:25.415] [info] Frame 276 (t = 1.38):	 total squared error = 0.013580119948349447, marker error: RMS = 0.02163977814625063, max = 0.04937900520839355 (LTTC)
[2026-08-31 22:42:25.424] [info] Frame 277 (t = 1.385):	 total squared error = 0.013552535465244974, marker error: RMS = 0.021617789182670332, max = 0.0493920953400597 (LTTC)
[2026-08-31 22:42:25.437] [info] Frame 278 (t = 1.39):	 total squared error = 0.013542928894234214, marker error: RMS = 0.02161012605416826, max = 0.04943475403891111 (LTTC)
[2026-08-31 22:42:25.444] [info] Frame 279 (t = 1.395):	 total squared error = 0.01352764266755039, marker error: RMS = 0.021597926678551402, max = 0.04944531345734812 (LTTC)
[2026-08-31 22:42:25.456] [info] Frame 280 (t = 1.4):	 total squared error = 0.013515213729874324, marker error: RMS = 0.02158800251885957, max = 0.04945263039561029 (LTTC)
[2026-08-31 22:42:25.464] [info] Frame 281 (t = 1.405):	 total squared error = 0.013505273483787416, marker error: RMS = 0.021580062225300508, max = 0.04947036060003948 (LTTC)
[2026-08-31 22:42:25.474] [info] Frame 282 (t = 1.41):	 total squared error = 0.01349507989909171, marker error: RMS = 0.021571916528841387, max = 0.04944377318290784 (LTTC)
[2026-08-31 22:42:25.482] [info] Frame 283 (t = 1.415):	 total squared error = 0.013494440619777668, marker error: RMS = 0.02157140557805687, max = 0.049451477667385106 (LTTC)
[2026-08-31 22:42:25.490] [info] Frame 284 (t = 1.42):	 total squared error = 0.013490185795851631, marker error: RMS = 0.0215680045564398, max = 0.04946311163845182 (LTTC)
[2026-08-31 22:42:25.499] [info] Frame 285 (t = 1.425):	 total squared error = 0.013462267273732087, marker error: RMS = 0.021545675039026123, max = 0.049465107609689786 (LTTC)
[2026-08-31 22:42:25.507] [info] Frame 286 (t = 1.43):	 total squared error = 0.013447340828225053, marker error: RMS = 0.021533727217317243, max = 0.049449062024048675 (LTTC)
[2026-08-31 22:42:25.516] [info] Frame 287 (t = 1.435):	 total squared error = 0.01344507175589065, marker error: RMS = 0.021531910365692804, max = 0.04941808818942142 (LTTC)
[2026-08-31 22:42:25.523] [info] Frame 288 (t = 1.44):	 total squared error = 0.013430422430227892, marker error: RMS = 0.02152017692388807, max = 0.04946645578070144 (LTTC)
[2026-08-31 22:42:25.534] [info] Frame 289 (t = 1.445):	 total squared error = 0.013432263810290874, marker error: RMS = 0.02152165213685244, max = 0.049449690250767064 (LTTC)
[2026-08-31 22:42:25.541] [info] Frame 290 (t = 1.45):	 total squared error = 0.013445024398618442, marker error: RMS = 0.02153187244497893, max = 0.049465672333851914 (LTTC)
[2026-08-31 22:42:25.550] [info] Frame 291 (t = 1.455):	 total squared error = 0.01341498469544131, marker error: RMS = 0.02150780507520813, max = 0.0494276295516219 (LTTC)
[2026-08-31 22:42:25.556] [info] Frame 292 (t = 1.46):	 total squared error = 0.013435376651416081, marker error: RMS = 0.021524145744926334, max = 0.049467333555012004 (LTTC)
[2026-08-31 22:42:25.562] [info] Frame 293 (t = 1.465):	 total squared error = 0.013435569990129098, marker error: RMS = 0.021524300613515956, max = 0.04949918156969584 (LTTC)
[2026-08-31 22:42:25.571] [info] Frame 294 (t = 1.47):	 total squared error = 0.013410378469677998, marker error: RMS = 0.021504112252822713, max = 0.04945729069682292 (LTTC)
[2026-08-31 22:42:25.578] [info] Frame 295 (t = 1.475):	 total squared error = 0.013393507589944979, marker error: RMS = 0.02149058140926968, max = 0.04947392752787886 (LTTC)
[2026-08-31 22:42:25.585] [info] Frame 296 (t = 1.48):	 total squared error = 0.013401965787522462, marker error: RMS = 0.02149736614783025, max = 0.049482602391472306 (LTTC)
[2026-08-31 22:42:25.592] [info] Frame 297 (t = 1.485):	 total squared error = 0.01340794563327956, marker error: RMS = 0.021502161586029182, max = 0.04949326052725049 (LTTC)
[2026-08-31 22:42:25.600] [info] Frame 298 (t = 1.49):	 total squared error = 0.013377757864438332, marker error: RMS = 0.021477942064486992, max = 0.04948158357255356 (LTTC)
[2026-08-31 22:42:25.607] [info] Frame 299 (t = 1.495):	 total squared error = 0.013379683923699244, marker error: RMS = 0.021479488149442547, max = 0.0495068041108063 (LTTC)
[2026-08-31 22:42:25.614] [info] Frame 300 (t = 1.5):	 total squared error = 0.01339024538320134, marker error: RMS = 0.02148796405946212, max = 0.04949971744701027 (LTTC)
[2026-08-31 22:42:25.621] [info] Frame 301 (t = 1.505):	 total squared error = 0.013374969190133947, marker error: RMS = 0.021475703344536818, max = 0.049504747971888405 (LTTC)
[2026-08-31 22:42:25.628] [info] Frame 302 (t = 1.51):	 total squared error = 0.013378199767353135, marker error: RMS = 0.02147829679832655, max = 0.04950774737131983 (LTTC)
[2026-08-31 22:42:25.634] [info] Frame 303 (t = 1.515):	 total squared error = 0.01338031229442804, marker error: RMS = 0.02147999253068325, max = 0.04952580654264142 (LTTC)
[2026-08-31 22:42:25.641] [info] Frame 304 (t = 1.52):	 total squared error = 0.013373043178491308, marker error: RMS = 0.02147415702531711, max = 0.049525322918824125 (LTTC)
[2026-08-31 22:42:25.647] [info] Frame 305 (t = 1.525):	 total squared error = 0.013366171212452689, marker error: RMS = 0.02146863888563541, max = 0.04952797771231119 (LTTC)
[2026-08-31 22:42:25.653] [info] Frame 306 (t = 1.53):	 total squared error = 0.013360455955203618, marker error: RMS = 0.02146404849429953, max = 0.04952029716220206 (LTTC)
[2026-08-31 22:42:25.661] [info] Frame 307 (t = 1.535):	 total squared error = 0.013350965258285623, marker error: RMS = 0.02145642356858842, max = 0.049531200780118155 (LTTC)
[2026-08-31 22:42:25.668] [info] Frame 308 (t = 1.54):	 total squared error = 0.013331009383892398, marker error: RMS = 0.021440381963829615, max = 0.049482261338255076 (LTTC)
[2026-08-31 22:42:25.676] [info] Frame 309 (t = 1.545):	 total squared error = 0.01333576683559257, marker error: RMS = 0.02144420734868829, max = 0.049484008811135786 (LTTC)
[2026-08-31 22:42:25.682] [info] Frame 310 (t = 1.55):	 total squared error = 0.013314694176535897, marker error: RMS = 0.02142725799998193, max = 0.04946887565059304 (LTTC)
[2026-08-31 22:42:25.689] [info] Frame 311 (t = 1.555):	 total squared error = 0.013320113690188666, marker error: RMS = 0.02143161835183987, max = 0.04947425294571261 (LTTC)
[2026-08-31 22:42:25.695] [info] Frame 312 (t = 1.56):	 total squared error = 0.013292717954735463, marker error: RMS = 0.021409567595961635, max = 0.04943787804708507 (LTTC)
[2026-08-31 22:42:25.703] [info] Frame 313 (t = 1.565):	 total squared error = 0.013301240640694215, marker error: RMS = 0.02141642991650957, max = 0.049495644523551874 (LTTC)
[2026-08-31 22:42:25.710] [info] Frame 314 (t = 1.57):	 total squared error = 0.013294162905046453, marker error: RMS = 0.021410731200004432, max = 0.04949225744301712 (LTTC)
[2026-08-31 22:42:25.717] [info] Frame 315 (t = 1.575):	 total squared error = 0.013298605900843878, marker error: RMS = 0.021414308704006266, max = 0.04947625195147021 (LTTC)
[2026-08-31 22:42:25.723] [info] Frame 316 (t = 1.58):	 total squared error = 0.013298858613093666, marker error: RMS = 0.021414512170161347, max = 0.04946515961208312 (LTTC)
[2026-08-31 22:42:25.732] [info] Frame 317 (t = 1.585):	 total squared error = 0.013292612950700647, marker error: RMS = 0.021409483034797075, max = 0.04943044978102363 (LTTC)
[2026-08-31 22:42:25.739] [info] Frame 318 (t = 1.59):	 total squared error = 0.013319613732362191, marker error: RMS = 0.021431216140337644, max = 0.04949004915690375 (LTTC)
[2026-08-31 22:42:25.745] [info] Frame 319 (t = 1.595):	 total squared error = 0.013307446556770585, marker error: RMS = 0.02142142543050877, max = 0.04945611755191316 (LTTC)
[2026-08-31 22:42:25.751] [info] Frame 320 (t = 1.6):	 total squared error = 0.013299660273687812, marker error: RMS = 0.02141515759817686, max = 0.049439900923992745 (LTTC)
[2026-08-31 22:42:25.759] [info] Frame 321 (t = 1.605):	 total squared error = 0.013291561047984391, marker error: RMS = 0.0214086359049288, max = 0.049421357896463035 (LTTC)
[2026-08-31 22:42:25.767] [info] Frame 322 (t = 1.61):	 total squared error = 0.013303057640676122, marker error: RMS = 0.02141789264938444, max = 0.04943919935863792 (LTTC)
[2026-08-31 22:42:25.774] [info] Frame 323 (t = 1.615):	 total squared error = 0.013280357879818447, marker error: RMS = 0.02139961156577739, max = 0.049427383217191694 (LTTC)
[2026-08-31 22:42:25.782] [info] Frame 324 (t = 1.62):	 total squared error = 0.013287804850595776, marker error: RMS = 0.02140561064912476, max = 0.04939258989691827 (LTTC)
[2026-08-31 22:42:25.789] [info] Frame 325 (t = 1.625):	 total squared error = 0.013305727021062561, marker error: RMS = 0.021420041389784667, max = 0.04940688562245181 (LTTC)
[2026-08-31 22:42:25.795] [info] Frame 326 (t = 1.63):	 total squared error = 0.013304377185945066, marker error: RMS = 0.021418954855490824, max = 0.04939025784881579 (LTTC)
[2026-08-31 22:42:25.801] [info] Frame 327 (t = 1.635):	 total squared error = 0.013286910905715502, marker error: RMS = 0.0214048905994961, max = 0.049356326743345405 (LTTC)
[2026-08-31 22:42:25.807] [info] Frame 328 (t = 1.64):	 total squared error = 0.01329969244838749, marker error: RMS = 0.021415183502065886, max = 0.04937176897100494 (LTTC)
[2026-08-31 22:42:25.816] [info] Frame 329 (t = 1.645):	 total squared error = 0.013287695460318069, marker error: RMS = 0.021405522539367772, max = 0.04938474176222845 (LTTC)
[2026-08-31 22:42:25.824] [info] Frame 330 (t = 1.65):	 total squared error = 0.013299798352005707, marker error: RMS = 0.021415268764973718, max = 0.04934793872818354 (LTTC)
[2026-08-31 22:42:25.833] [info] Frame 331 (t = 1.655):	 total squared error = 0.013307376934950254, marker error: RMS = 0.021421369394191925, max = 0.04934569420785689 (LTTC)
[2026-08-31 22:42:25.839] [info] Frame 332 (t = 1.66):	 total squared error = 0.013330394470684704, marker error: RMS = 0.02143988747291358, max = 0.04937737151681312 (LTTC)
[2026-08-31 22:42:25.846] [info] Frame 333 (t = 1.665):	 total squared error = 0.013313710146213843, marker error: RMS = 0.021426466188284962, max = 0.04936777214630867 (LTTC)
[2026-08-31 22:42:25.853] [info] Frame 334 (t = 1.67):	 total squared error = 0.013339565404172275, marker error: RMS = 0.021447261222286053, max = 0.04938270930827299 (LTTC)
[2026-08-31 22:42:25.869] [info] Frame 335 (t = 1.675):	 total squared error = 0.013329002433158479, marker error: RMS = 0.021438768004649635, max = 0.049322600919779316 (LTTC)
[2026-08-31 22:42:25.875] [info] Frame 336 (t = 1.68):	 total squared error = 0.01334586261943571, marker error: RMS = 0.02145232293461215, max = 0.049325293281047795 (LTTC)
[2026-08-31 22:42:25.883] [info] Frame 337 (t = 1.685):	 total squared error = 0.013333620880688925, marker error: RMS = 0.021442481907852542, max = 0.04935260952542263 (LTTC)
[2026-08-31 22:42:25.889] [info] Frame 338 (t = 1.69):	 total squared error = 0.013350799295020808, marker error: RMS = 0.021456290207849914, max = 0.049335912893292394 (LTTC)
[2026-08-31 22:42:25.895] [info] Frame 339 (t = 1.695):	 total squared error = 0.013321266798333398, marker error: RMS = 0.021432545988023396, max = 0.049315180809490905 (LTTC)
[2026-08-31 22:42:25.902] [info] Frame 340 (t = 1.7):	 total squared error = 0.013335946519587834, marker error: RMS = 0.021444351816116373, max = 0.04937712805853482 (LTTC)
[2026-08-31 22:42:25.908] [info] Frame 341 (t = 1.705):	 total squared error = 0.013355368910938364, marker error: RMS = 0.021459961846334922, max = 0.04936063669415422 (LTTC)
[2026-08-31 22:42:25.914] [info] Frame 342 (t = 1.71):	 total squared error = 0.013353793140002743, marker error: RMS = 0.021458695801873328, max = 0.04937076482084931 (LTTC)
[2026-08-31 22:42:25.920] [info] Frame 343 (t = 1.715):	 total squared error = 0.013353873172491346, marker error: RMS = 0.021458760105335123, max = 0.04936427471744812 (LTTC)
[2026-08-31 22:42:25.928] [info] Frame 344 (t = 1.72):	 total squared error = 0.013343169712452281, marker error: RMS = 0.021450158517581846, max = 0.0493692125700963 (LTTC)
[2026-08-31 22:42:25.934] [info] Frame 345 (t = 1.725):	 total squared error = 0.013339597871482306, marker error: RMS = 0.021447287322628704, max = 0.04937129960564351 (LTTC)
[2026-08-31 22:42:25.941] [info] Frame 346 (t = 1.73):	 total squared error = 0.01335040092355513, marker error: RMS = 0.021455970090778553, max = 0.04942387951450817 (LTTC)
[2026-08-31 22:42:25.946] [info] Frame 347 (t = 1.735):	 total squared error = 0.013344971904875361, marker error: RMS = 0.021451607049256288, max = 0.04937781960044923 (LTTC)
[2026-08-31 22:42:25.953] [info] Frame 348 (t = 1.74):	 total squared error = 0.0133366053497533, marker error: RMS = 0.02144488151272796, max = 0.049379894440282346 (LTTC)
[2026-08-31 22:42:25.959] [info] Frame 349 (t = 1.745):	 total squared error = 0.01333150000500774, marker error: RMS = 0.021440776495369865, max = 0.049386433627189766 (LTTC)
[2026-08-31 22:42:25.970] [info] Frame 350 (t = 1.75):	 total squared error = 0.013325234210146062, marker error: RMS = 0.02143573732887728, max = 0.049392445412129025 (LTTC)
[2026-08-31 22:42:25.977] [info] Frame 351 (t = 1.755):	 total squared error = 0.013312207171799642, marker error: RMS = 0.021425256745574387, max = 0.049414997243010884 (LTTC)
[2026-08-31 22:42:25.984] [info] Frame 352 (t = 1.76):	 total squared error = 0.013334587582302779, marker error: RMS = 0.021443259195070893, max = 0.04939632318524495 (LTTC)
[2026-08-31 22:42:25.990] [info] Frame 353 (t = 1.765):	 total squared error = 0.013317687937399906, marker error: RMS = 0.021429666785347624, max = 0.04939392209709168 (LTTC)
[2026-08-31 22:42:25.996] [info] Frame 354 (t = 1.77):	 total squared error = 0.013328781230153245, marker error: RMS = 0.021438590109131555, max = 0.04939749498501974 (LTTC)
[2026-08-31 22:42:26.003] [info] Frame 355 (t = 1.775):	 total squared error = 0.013318611506878067, marker error: RMS = 0.021430409836361415, max = 0.04938376898803557 (LTTC)
[2026-08-31 22:42:26.009] [info] Frame 356 (t = 1.78):	 total squared error = 0.013314063496762283, marker error: RMS = 0.02142675051937155, max = 0.04937811044985302 (LTTC)
[2026-08-31 22:42:26.018] [info] Frame 357 (t = 1.785):	 total squared error = 0.013318148562493486, marker error: RMS = 0.021430037381090773, max = 0.04940286540280935 (LTTC)
[2026-08-31 22:42:26.025] [info] Frame 358 (t = 1.79):	 total squared error = 0.01331019435226317, marker error: RMS = 0.021423636923817525, max = 0.04939885330195697 (LTTC)
[2026-08-31 22:42:26.032] [info] Frame 359 (t = 1.795):	 total squared error = 0.01332598428178557, marker error: RMS = 0.02143634062455428, max = 0.049392910904942924 (LTTC)
[2026-08-31 22:42:26.039] [info] Frame 360 (t = 1.8):	 total squared error = 0.01330617406611321, marker error: RMS = 0.021420401221421193, max = 0.049389867086342056 (LTTC)
[2026-08-31 22:42:26.046] [info] Frame 361 (t = 1.805):	 total squared error = 0.013314771846699035, marker error: RMS = 0.021427320496956146, max = 0.04938275525164102 (LTTC)
[2026-08-31 22:42:26.052] [info] Frame 362 (t = 1.81):	 total squared error = 0.013313527147684856, marker error: RMS = 0.021426318933116247, max = 0.0493748205107634 (LTTC)
[2026-08-31 22:42:26.058] [info] Frame 363 (t = 1.815):	 total squared error = 0.013333249076882686, marker error: RMS = 0.021442182947351205, max = 0.049406299280921585 (LTTC)
[2026-08-31 22:42:26.066] [info] Frame 364 (t = 1.82):	 total squared error = 0.013326841206137481, marker error: RMS = 0.02143702984294931, max = 0.04940376844858032 (LTTC)
[2026-08-31 22:42:26.074] [info] Frame 365 (t = 1.825):	 total squared error = 0.013326840258977108, marker error: RMS = 0.021437029081166934, max = 0.04940427270876343 (LTTC)
[2026-08-31 22:42:26.082] [info] Frame 366 (t = 1.83):	 total squared error = 0.01333331781543812, marker error: RMS = 0.021442238219054787, max = 0.04940312730965951 (LTTC)
[2026-08-31 22:42:26.088] [info] Frame 367 (t = 1.835):	 total squared error = 0.01335294550128473, marker error: RMS = 0.021458014740325472, max = 0.04941528627779932 (LTTC)
[2026-08-31 22:42:26.097] [info] Frame 368 (t = 1.84):	 total squared error = 0.013362904317923622, marker error: RMS = 0.021466015095176184, max = 0.049442955099681794 (LTTC)
[2026-08-31 22:42:26.104] [info] Frame 369 (t = 1.845):	 total squared error = 0.013371949679224197, marker error: RMS = 0.02147327904807965, max = 0.049421771812851664 (LTTC)
[2026-08-31 22:42:26.109] [info] Frame 370 (t = 1.85):	 total squared error = 0.013368968651446983, marker error: RMS = 0.021470885380333368, max = 0.04941485995068518 (LTTC)
[2026-08-31 22:42:26.119] [info] Frame 371 (t = 1.855):	 total squared error = 0.013384908379940007, marker error: RMS = 0.021483681361105633, max = 0.04943386583582688 (LTTC)
[2026-08-31 22:42:26.126] [info] Frame 372 (t = 1.86):	 total squared error = 0.013391999430501973, marker error: RMS = 0.02148937141496728, max = 0.04945185561568088 (LTTC)
[2026-08-31 22:42:26.133] [info] Frame 373 (t = 1.865):	 total squared error = 0.013422929010734894, marker error: RMS = 0.021514172562750906, max = 0.0494657498627419 (LTTC)
[2026-08-31 22:42:26.141] [info] Frame 374 (t = 1.87):	 total squared error = 0.013427571183534446, marker error: RMS = 0.021517892461482988, max = 0.04946664659002355 (LTTC)
[2026-08-31 22:42:26.150] [info] Frame 375 (t = 1.875):	 total squared error = 0.013438986103329999, marker error: RMS = 0.02152703681206336, max = 0.04947712031610509 (LTTC)
[2026-08-31 22:42:26.156] [info] Frame 376 (t = 1.88):	 total squared error = 0.01344985091480111, marker error: RMS = 0.021535736871055713, max = 0.04950481107060174 (LTTC)
[2026-08-31 22:42:26.165] [info] Frame 377 (t = 1.885):	 total squared error = 0.013455030138439909, marker error: RMS = 0.021539882926746093, max = 0.04951765859915947 (LTTC)
[2026-08-31 22:42:26.173] [info] Frame 378 (t = 1.89):	 total squared error = 0.013462461134789723, marker error: RMS = 0.021545830170856026, max = 0.049516227390534656 (LTTC)
[2026-08-31 22:42:26.177] [info] Frame 379 (t = 1.895):	 total squared error = 0.013497366656886875, marker error: RMS = 0.02157374414524227, max = 0.049555439930473275 (LTTC)
[2026-08-31 22:42:26.184] [info] Frame 380 (t = 1.9):	 total squared error = 0.013488738523750987, marker error: RMS = 0.021566847581695917, max = 0.0495394053168236 (LTTC)
[2026-08-31 22:42:26.191] [info] Frame 381 (t = 1.905):	 total squared error = 0.013504194361749784, marker error: RMS = 0.021579200044095612, max = 0.049581759365477776 (LTTC)
[2026-08-31 22:42:26.198] [info] Frame 382 (t = 1.91):	 total squared error = 0.013520911897542232, marker error: RMS = 0.021592552912857704, max = 0.04962553072552202 (LTTC)
[2026-08-31 22:42:26.218] [info] Frame 383 (t = 1.915):	 total squared error = 0.013511047759256092, marker error: RMS = 0.021584675086621936, max = 0.04956606746348882 (LTTC)
[2026-08-31 22:42:26.225] [info] Frame 384 (t = 1.92):	 total squared error = 0.013528539085951162, marker error: RMS = 0.021598642267314384, max = 0.04961060298799253 (LTTC)
[2026-08-31 22:42:26.233] [info] Frame 385 (t = 1.925):	 total squared error = 0.013551047623117716, marker error: RMS = 0.02161660251393448, max = 0.049625669353700996 (LTTC)
[2026-08-31 22:42:26.244] [info] Frame 386 (t = 1.93):	 total squared error = 0.013536968954549011, marker error: RMS = 0.02160537046466649, max = 0.049636008280203925 (LTTC)
[2026-08-31 22:42:26.253] [info] Frame 387 (t = 1.935):	 total squared error = 0.013550857388049323, marker error: RMS = 0.02161645078211254, max = 0.0496651967892974 (LTTC)
[2026-08-31 22:42:26.260] [info] Frame 388 (t = 1.94):	 total squared error = 0.013549565137425317, marker error: RMS = 0.021615420052572398, max = 0.04969097492038195 (LTTC)
[2026-08-31 22:42:26.269] [info] Frame 389 (t = 1.945):	 total squared error = 0.013563268665156844, marker error: RMS = 0.021626347807435425, max = 0.04971345300477509 (LTTC)
[2026-08-31 22:42:26.275] [info] Frame 390 (t = 1.95):	 total squared error = 0.013561623993160764, marker error: RMS = 0.021625036570159042, max = 0.04975450682482949 (LTTC)
[2026-08-31 22:42:26.282] [info] Frame 391 (t = 1.955):	 total squared error = 0.013580959331720505, marker error: RMS = 0.021640446910198525, max = 0.04977483419564897 (LTTC)
[2026-08-31 22:42:26.290] [info] Frame 392 (t = 1.96):	 total squared error = 0.013576671193510862, marker error: RMS = 0.021637030194513886, max = 0.04980199810274331 (LTTC)
[2026-08-31 22:42:26.299] [info] Frame 393 (t = 1.965):	 total squared error = 0.013582675174367958, marker error: RMS = 0.021641813913370667, max = 0.0498274718212273 (LTTC)
[2026-08-31 22:42:26.307] [info] Frame 394 (t = 1.97):	 total squared error = 0.013586732468505969, marker error: RMS = 0.02164504599568636, max = 0.04984222127276058 (LTTC)
[2026-08-31 22:42:26.315] [info] Frame 395 (t = 1.975):	 total squared error = 0.013592980592334639, marker error: RMS = 0.021650022371840508, max = 0.04986147893182986 (LTTC)
[2026-08-31 22:42:26.323] [info] Frame 396 (t = 1.98):	 total squared error = 0.01359544234574095, marker error: RMS = 0.021651982744074226, max = 0.04987512563425199 (LTTC)
[2026-08-31 22:42:26.330] [info] Frame 397 (t = 1.985):	 total squared error = 0.013617570272575813, marker error: RMS = 0.021669595951690258, max = 0.04991305664207669 (LTTC)
[2026-08-31 22:42:26.338] [info] Frame 398 (t = 1.99):	 total squared error = 0.013591972874704289, marker error: RMS = 0.021649219843158072, max = 0.04991537245359296 (LTTC)
[2026-08-31 22:42:26.347] [info] Frame 399 (t = 1.995):	 total squared error = 0.013609397142766419, marker error: RMS = 0.021663092038005975, max = 0.049948767388557504 (LTTC)
[2026-08-31 22:42:26.354] [info] Frame 400 (t = 2):	 total squared error = 0.013615234725291333, marker error: RMS = 0.021667737597549332, max = 0.04995734116791447 (LTTC)
[2026-08-31 22:42:26.361] [info] Frame 401 (t = 2.005):	 total squared error = 0.013609382834851963, marker error: RMS = 0.021663080650515924, max = 0.04995272765280415 (LTTC)
[2026-08-31 22:42:26.370] [info] Frame 402 (t = 2.01):	 total squared error = 0.013624034385713947, marker error: RMS = 0.021674738502748998, max = 0.04999062792790643 (LTTC)
[2026-08-31 22:42:26.377] [info] Frame 403 (t = 2.015):	 total squared error = 0.013630920026163037, marker error: RMS = 0.021680215059821355, max = 0.049999885479660645 (LTTC)
[2026-08-31 22:42:26.384] [info] Frame 404 (t = 2.02):	 total squared error = 0.01363502099852664, marker error: RMS = 0.021683476148446054, max = 0.05002935306504414 (LTTC)
[2026-08-31 22:42:26.392] [info] Frame 405 (t = 2.025):	 total squared error = 0.013641517355393236, marker error: RMS = 0.021688641040553316, max = 0.050026308641353504 (LTTC)
[2026-08-31 22:42:26.399] [info] Frame 406 (t = 2.03):	 total squared error = 0.013669423888215473, marker error: RMS = 0.021710813997204786, max = 0.05008313824810044 (LTTC)
[2026-08-31 22:42:26.408] [info] Frame 407 (t = 2.035):	 total squared error = 0.013651778554754551, marker error: RMS = 0.021696796644820836, max = 0.05008751916337037 (LTTC)
[2026-08-31 22:42:26.417] [info] Frame 408 (t = 2.04):	 total squared error = 0.01366967985056704, marker error: RMS = 0.02171101726564668, max = 0.050087025717573286 (LTTC)
[2026-08-31 22:42:26.426] [info] Frame 409 (t = 2.045):	 total squared error = 0.013665822029948569, marker error: RMS = 0.021707953436748008, max = 0.0501137922942264 (LTTC)
[2026-08-31 22:42:26.434] [info] Frame 410 (t = 2.05):	 total squared error = 0.013676026636400728, marker error: RMS = 0.02171605685646288, max = 0.05011749388036957 (LTTC)
[2026-08-31 22:42:26.440] [info] Frame 411 (t = 2.055):	 total squared error = 0.013681890610971243, marker error: RMS = 0.02172071203742643, max = 0.050124140146388746 (LTTC)
[2026-08-31 22:42:26.448] [info] Frame 412 (t = 2.06):	 total squared error = 0.01368803076609303, marker error: RMS = 0.021725585398321482, max = 0.05018786984626975 (LTTC)
[2026-08-31 22:42:26.455] [info] Frame 413 (t = 2.065):	 total squared error = 0.013713727646023723, marker error: RMS = 0.021745968826605875, max = 0.05017517671965637 (LTTC)
[2026-08-31 22:42:26.462] [info] Frame 414 (t = 2.07):	 total squared error = 0.013703393320931439, marker error: RMS = 0.02173777367096386, max = 0.05016790786432305 (LTTC)
[2026-08-31 22:42:26.471] [info] Frame 415 (t = 2.075):	 total squared error = 0.013719629029848865, marker error: RMS = 0.02175064725937334, max = 0.050215645137086956 (LTTC)
[2026-08-31 22:42:26.477] [info] Frame 416 (t = 2.08):	 total squared error = 0.013728213855661461, marker error: RMS = 0.021757451244986886, max = 0.05020841654668007 (LTTC)
[2026-08-31 22:42:26.487] [info] Frame 417 (t = 2.085):	 total squared error = 0.013733395097229406, marker error: RMS = 0.02176155665802252, max = 0.05020522914187809 (LTTC)
[2026-08-31 22:42:26.496] [info] Frame 418 (t = 2.09):	 total squared error = 0.013741240764554526, marker error: RMS = 0.02176777178383021, max = 0.050210677676970246 (LTTC)
[2026-08-31 22:42:26.503] [info] Frame 419 (t = 2.095):	 total squared error = 0.013751286724378605, marker error: RMS = 0.021775727332069568, max = 0.05021772122123575 (LTTC)
[2026-08-31 22:42:26.511] [info] Frame 420 (t = 2.1):	 total squared error = 0.013760059601278702, marker error: RMS = 0.02178267233002408, max = 0.050233858055007276 (LTTC)
[2026-08-31 22:42:26.518] [info] Frame 421 (t = 2.105):	 total squared error = 0.01377412907838509, marker error: RMS = 0.02179380573053214, max = 0.0502414086456749 (LTTC)
[2026-08-31 22:42:26.526] [info] Frame 422 (t = 2.11):	 total squared error = 0.013780181120829784, marker error: RMS = 0.02179859305870354, max = 0.05025798079749668 (LTTC)
[2026-08-31 22:42:26.534] [info] Frame 423 (t = 2.115):	 total squared error = 0.013795022249388162, marker error: RMS = 0.021810328342156963, max = 0.0502750583005403 (LTTC)
[2026-08-31 22:42:26.544] [info] Frame 424 (t = 2.12):	 total squared error = 0.013802663749021789, marker error: RMS = 0.021816368221591366, max = 0.050270451817097855 (LTTC)
[2026-08-31 22:42:26.552] [info] Frame 425 (t = 2.125):	 total squared error = 0.013815589142887934, marker error: RMS = 0.021826580712901993, max = 0.0502856458950888 (LTTC)
[2026-08-31 22:42:26.561] [info] Frame 426 (t = 2.13):	 total squared error = 0.013822690961107218, marker error: RMS = 0.02183218990161658, max = 0.0502900186816792 (LTTC)
[2026-08-31 22:42:26.568] [info] Frame 427 (t = 2.135):	 total squared error = 0.013836070314801344, marker error: RMS = 0.021842753327458154, max = 0.0502893127381409 (LTTC)
[2026-08-31 22:42:26.575] [info] Frame 428 (t = 2.14):	 total squared error = 0.01384627161695404, marker error: RMS = 0.021850804149136763, max = 0.05029924548731679 (LTTC)
[2026-08-31 22:42:26.584] [info] Frame 429 (t = 2.145):	 total squared error = 0.013858945172385756, marker error: RMS = 0.021860801932151303, max = 0.05030234142560388 (LTTC)
[2026-08-31 22:42:26.592] [info] Frame 430 (t = 2.15):	 total squared error = 0.013847188337232632, marker error: RMS = 0.02185152747539681, max = 0.050315385721218804 (LTTC)
[2026-08-31 22:42:26.603] [info] Frame 431 (t = 2.155):	 total squared error = 0.013865153444463237, marker error: RMS = 0.021865697781325195, max = 0.05031326639423142 (LTTC)
[2026-08-31 22:42:26.608] [info] Frame 432 (t = 2.16):	 total squared error = 0.013898675097834193, marker error: RMS = 0.021892114072103834, max = 0.05033495051049096 (LTTC)
[2026-08-31 22:42:26.616] [info] Frame 433 (t = 2.165):	 total squared error = 0.01388066132819359, marker error: RMS = 0.0218779225265024, max = 0.050304800868976755 (LTTC)
[2026-08-31 22:42:26.625] [info] Frame 434 (t = 2.17):	 total squared error = 0.013888633300713134, marker error: RMS = 0.021884204113464197, max = 0.05032445374852026 (LTTC)
[2026-08-31 22:42:26.632] [info] Frame 435 (t = 2.175):	 total squared error = 0.013900740216779072, marker error: RMS = 0.021893740419218138, max = 0.05032314628182552 (LTTC)
[2026-08-31 22:42:26.638] [info] Frame 436 (t = 2.18):	 total squared error = 0.013925556267427548, marker error: RMS = 0.021913274411382157, max = 0.05033764775463805 (LTTC)
[2026-08-31 22:42:26.644] [info] Frame 437 (t = 2.185):	 total squared error = 0.013920571574213308, marker error: RMS = 0.021909352100316234, max = 0.05033689869412255 (LTTC)
[2026-08-31 22:42:26.651] [info] Frame 438 (t = 2.19):	 total squared error = 0.013944248863530453, marker error: RMS = 0.021927976826600915, max = 0.050364538465701734 (LTTC)
[2026-08-31 22:42:26.657] [info] Frame 439 (t = 2.195):	 total squared error = 0.013948002881890511, marker error: RMS = 0.021930928311790956, max = 0.05035292993606783 (LTTC)
[2026-08-31 22:42:26.664] [info] Frame 440 (t = 2.2):	 total squared error = 0.013933571091081603, marker error: RMS = 0.0219195795730207, max = 0.05033248605743529 (LTTC)
[2026-08-31 22:42:26.669] [info] Frame 441 (t = 2.205):	 total squared error = 0.013945481791416962, marker error: RMS = 0.021928946223260568, max = 0.05034466288142157 (LTTC)
[2026-08-31 22:42:26.675] [info] Frame 442 (t = 2.21):	 total squared error = 0.013952535848033059, marker error: RMS = 0.021934491692178402, max = 0.05034153883113791 (LTTC)
[2026-08-31 22:42:26.683] [info] Frame 443 (t = 2.215):	 total squared error = 0.01393342371664234, marker error: RMS = 0.02191946365175869, max = 0.05032570387770285 (LTTC)
[2026-08-31 22:42:26.691] [info] Frame 444 (t = 2.22):	 total squared error = 0.013942572328280167, marker error: RMS = 0.02192665857233135, max = 0.05031580879487348 (LTTC)
[2026-08-31 22:42:26.708] [info] Frame 445 (t = 2.225):	 total squared error = 0.013909122746130011, marker error: RMS = 0.02190034068868211, max = 0.050197429456833614 (LTTC)
[2026-08-31 22:42:26.716] [info] Frame 446 (t = 2.23):	 total squared error = 0.01391883754169676, marker error: RMS = 0.021907987475597177, max = 0.05018919450679164 (LTTC)
[2026-08-31 22:42:26.724] [info] Frame 447 (t = 2.235):	 total squared error = 0.013914472174231786, marker error: RMS = 0.021904551703204003, max = 0.05020092297938129 (LTTC)
[2026-08-31 22:42:26.729] [info] Frame 448 (t = 2.24):	 total squared error = 0.013943374233540804, marker error: RMS = 0.021927289117743925, max = 0.05021958914599641 (LTTC)
[2026-08-31 22:42:26.734] [info] Frame 449 (t = 2.245):	 total squared error = 0.013947114266389319, marker error: RMS = 0.021930229700189645, max = 0.050216795181705826 (LTTC)
[2026-08-31 22:42:26.740] [info] Frame 450 (t = 2.25):	 total squared error = 0.013955168414856237, marker error: RMS = 0.021936560896379357, max = 0.050223847670495335 (LTTC)
[2026-08-31 22:42:26.746] [info] Frame 451 (t = 2.255):	 total squared error = 0.01393733894351694, marker error: RMS = 0.02192254306881463, max = 0.050199003198290855 (LTTC)
[2026-08-31 22:42:26.753] [info] Frame 452 (t = 2.26):	 total squared error = 0.01393833881053825, marker error: RMS = 0.021923329418160487, max = 0.050211842509937196 (LTTC)
[2026-08-31 22:42:26.759] [info] Frame 453 (t = 2.265):	 total squared error = 0.013960809296173255, marker error: RMS = 0.021940993986358563, max = 0.050223714990562995 (LTTC)
[2026-08-31 22:42:26.765] [info] Frame 454 (t = 2.27):	 total squared error = 0.013950576644589114, marker error: RMS = 0.02193295162660049, max = 0.05020982211963043 (LTTC)
[2026-08-31 22:42:26.771] [info] Frame 455 (t = 2.275):	 total squared error = 0.013955279829124504, marker error: RMS = 0.02193664846397187, max = 0.05021743358938731 (LTTC)
[2026-08-31 22:42:26.776] [info] Frame 456 (t = 2.28):	 total squared error = 0.013966504291874801, marker error: RMS = 0.02194546869564523, max = 0.05022449539653547 (LTTC)
[2026-08-31 22:42:26.784] [info] Frame 457 (t = 2.285):	 total squared error = 0.013948529084760634, marker error: RMS = 0.021931341991393734, max = 0.05021198116346031 (LTTC)
[2026-08-31 22:42:26.790] [info] Frame 458 (t = 2.29):	 total squared error = 0.013957854156972333, marker error: RMS = 0.02193867169537998, max = 0.050216603822879 (LTTC)
[2026-08-31 22:42:26.797] [info] Frame 459 (t = 2.295):	 total squared error = 0.013957774414569704, marker error: RMS = 0.021938609026545985, max = 0.05021108286430356 (LTTC)
[2026-08-31 22:42:26.803] [info] Frame 460 (t = 2.3):	 total squared error = 0.013962268038996396, marker error: RMS = 0.021942140246249513, max = 0.050209383784885375 (LTTC)
[2026-08-31 22:42:26.810] [info] Frame 461 (t = 2.305):	 total squared error = 0.0139593897645787, marker error: RMS = 0.02193987848061363, max = 0.05022121094695684 (LTTC)
[2026-08-31 22:42:26.817] [info] Frame 462 (t = 2.31):	 total squared error = 0.013963727113795534, marker error: RMS = 0.02194328670710454, max = 0.050223886623435195 (LTTC)
[2026-08-31 22:42:26.824] [info] Frame 463 (t = 2.315):	 total squared error = 0.013967658625023695, marker error: RMS = 0.02194637557463387, max = 0.0502232508363816 (LTTC)
[2026-08-31 22:42:26.833] [info] Frame 464 (t = 2.32):	 total squared error = 0.013946694706699512, marker error: RMS = 0.02192989984308112, max = 0.05019332515722238 (LTTC)
[2026-08-31 22:42:26.840] [info] Frame 465 (t = 2.325):	 total squared error = 0.013964354556926939, marker error: RMS = 0.02194377969904545, max = 0.05023065099773608 (LTTC)
[2026-08-31 22:42:26.847] [info] Frame 466 (t = 2.33):	 total squared error = 0.01396011285053844, marker error: RMS = 0.021940446707911506, max = 0.05023346921456791 (LTTC)
[2026-08-31 22:42:26.855] [info] Frame 467 (t = 2.335):	 total squared error = 0.013965329797751358, marker error: RMS = 0.021944545939120836, max = 0.05023731087316141 (LTTC)
[2026-08-31 22:42:26.860] [info] Frame 468 (t = 2.34):	 total squared error = 0.013972389565531937, marker error: RMS = 0.021950091952939073, max = 0.05023793453333743 (LTTC)
[2026-08-31 22:42:26.867] [info] Frame 469 (t = 2.345):	 total squared error = 0.01398924200461577, marker error: RMS = 0.02196332523393437, max = 0.05025639342332508 (LTTC)
[2026-08-31 22:42:26.875] [info] Frame 470 (t = 2.35):	 total squared error = 0.013974158792313162, marker error: RMS = 0.021951481602901494, max = 0.050249015483915783 (LTTC)
[2026-08-31 22:42:26.880] [info] Frame 471 (t = 2.355):	 total squared error = 0.013992948650159388, marker error: RMS = 0.021966234786488816, max = 0.05026399452049439 (LTTC)
[2026-08-31 22:42:26.889] [info] Frame 472 (t = 2.36):	 total squared error = 0.0139771354377086, marker error: RMS = 0.02195381942868241, max = 0.0502461197863658 (LTTC)
[2026-08-31 22:42:26.895] [info] Frame 473 (t = 2.365):	 total squared error = 0.013988239980485784, marker error: RMS = 0.021962538623195905, max = 0.050267778480406373 (LTTC)
[2026-08-31 22:42:26.904] [info] Frame 474 (t = 2.37):	 total squared error = 0.013983241026153961, marker error: RMS = 0.021958613914356977, max = 0.050263620310587724 (LTTC)
[2026-08-31 22:42:26.912] [info] Frame 475 (t = 2.375):	 total squared error = 0.013981832981641953, marker error: RMS = 0.021957508323595304, max = 0.050270017499038255 (LTTC)
[2026-08-31 22:42:26.918] [info] Frame 476 (t = 2.38):	 total squared error = 0.013990075024483286, marker error: RMS = 0.02196397915120564, max = 0.05025890365019938 (LTTC)
[2026-08-31 22:42:26.925] [info] Frame 477 (t = 2.385):	 total squared error = 0.01399049658204438, marker error: RMS = 0.02196431006478965, max = 0.050264585997063016 (LTTC)
[2026-08-31 22:42:26.931] [info] Frame 478 (t = 2.39):	 total squared error = 0.014012224008609239, marker error: RMS = 0.021981358880376452, max = 0.05027759913591402 (LTTC)
[2026-08-31 22:42:26.940] [info] Frame 479 (t = 2.395):	 total squared error = 0.013994215693581846, marker error: RMS = 0.021967229271067614, max = 0.050268891366429064 (LTTC)
[2026-08-31 22:42:26.949] [info] Frame 480 (t = 2.4):	 total squared error = 0.013995585542987816, marker error: RMS = 0.021968304395971545, max = 0.050279761258998065 (LTTC)
[2026-08-31 22:42:26.958] [info] Frame 481 (t = 2.405):	 total squared error = 0.01400064556107425, marker error: RMS = 0.021972275289927384, max = 0.050279836791551194 (LTTC)
[2026-08-31 22:42:26.963] [info] Frame 482 (t = 2.41):	 total squared error = 0.014033768931974389, marker error: RMS = 0.021998251444599104, max = 0.05029195352562485 (LTTC)
[2026-08-31 22:42:26.971] [info] Frame 483 (t = 2.415):	 total squared error = 0.014009457849541268, marker error: RMS = 0.02197918909861002, max = 0.05026640801060887 (LTTC)
[2026-08-31 22:42:26.976] [info] Frame 484 (t = 2.42):	 total squared error = 0.0140274782908804, marker error: RMS = 0.02199332053059276, max = 0.050284217584708885 (LTTC)
[2026-08-31 22:42:26.985] [info] Frame 485 (t = 2.425):	 total squared error = 0.014016019967877068, marker error: RMS = 0.02198433609129626, max = 0.05027327751376502 (LTTC)
[2026-08-31 22:42:26.991] [info] Frame 486 (t = 2.43):	 total squared error = 0.014021742905258025, marker error: RMS = 0.021988823889498507, max = 0.05027877442947917 (LTTC)
[2026-08-31 22:42:27.001] [info] Frame 487 (t = 2.435):	 total squared error = 0.0140143774834679, marker error: RMS = 0.021983047922925786, max = 0.050286398995405504 (LTTC)
[2026-08-31 22:42:27.007] [info] Frame 488 (t = 2.44):	 total squared error = 0.014027469865391827, marker error: RMS = 0.021993313925538924, max = 0.05029104212742295 (LTTC)
[2026-08-31 22:42:27.012] [info] Frame 489 (t = 2.445):	 total squared error = 0.014035652802911282, marker error: RMS = 0.021999727900285402, max = 0.050302721921717246 (LTTC)
[2026-08-31 22:42:27.018] [info] Frame 490 (t = 2.45):	 total squared error = 0.014048561011542497, marker error: RMS = 0.022009841851522962, max = 0.050315450651267725 (LTTC)
[2026-08-31 22:42:27.023] [info] Frame 491 (t = 2.455):	 total squared error = 0.014039299519861397, marker error: RMS = 0.022002585678663877, max = 0.05031302114204153 (LTTC)
[2026-08-31 22:42:27.031] [info] Frame 492 (t = 2.46):	 total squared error = 0.014031930768061375, marker error: RMS = 0.021996810715585312, max = 0.050302364564797045 (LTTC)
[2026-08-31 22:42:27.038] [info] Frame 493 (t = 2.465):	 total squared error = 0.014052673318098728, marker error: RMS = 0.022013062985495782, max = 0.05034705906416167 (LTTC)
[2026-08-31 22:42:27.043] [info] Frame 494 (t = 2.47):	 total squared error = 0.01403508287889252, marker error: RMS = 0.021999281241309336, max = 0.05033550675224897 (LTTC)
[2026-08-31 22:42:27.053] [info] Frame 495 (t = 2.475):	 total squared error = 0.014025899464985482, marker error: RMS = 0.021992082795614303, max = 0.05035057821410467 (LTTC)
[2026-08-31 22:42:27.058] [info] Frame 496 (t = 2.48):	 total squared error = 0.01404820374699236, marker error: RMS = 0.02200956198705021, max = 0.05036430282898878 (LTTC)
[2026-08-31 22:42:27.064] [info] Frame 497 (t = 2.485):	 total squared error = 0.01403814386574701, marker error: RMS = 0.022001680081418087, max = 0.050364594951847225 (LTTC)
[2026-08-31 22:42:27.071] [info] Frame 498 (t = 2.49):	 total squared error = 0.014035664906553787, marker error: RMS = 0.021999737386013928, max = 0.050368036507618896 (LTTC)
[2026-08-31 22:42:27.077] [info] Frame 499 (t = 2.495):	 total squared error = 0.014048369899053104, marker error: RMS = 0.022009692143308376, max = 0.05039905278899367 (LTTC)
[2026-08-31 22:42:27.082] [info] Frame 500 (t = 2.5):	 total squared error = 0.014046477284863572, marker error: RMS = 0.022008209506567105, max = 0.05040567127878701 (LTTC)
[2026-08-31 22:42:27.089] [info] Frame 501 (t = 2.505):	 total squared error = 0.01402821732282971, marker error: RMS = 0.021993899877504993, max = 0.05041345862483827 (LTTC)
[2026-08-31 22:42:27.094] [info] Frame 502 (t = 2.51):	 total squared error = 0.014050089537523467, marker error: RMS = 0.022011039187678053, max = 0.050437179351715294 (LTTC)
[2026-08-31 22:42:27.102] [info] Frame 503 (t = 2.515):	 total squared error = 0.014037705145743262, marker error: RMS = 0.022001336280532552, max = 0.050435701375416954 (LTTC)
[2026-08-31 22:42:27.110] [info] Frame 504 (t = 2.52):	 total squared error = 0.0140228726436465, marker error: RMS = 0.021989709696572497, max = 0.05042053400130093 (LTTC)
[2026-08-31 22:42:27.117] [info] Frame 505 (t = 2.525):	 total squared error = 0.014033400157739271, marker error: RMS = 0.021997962411706942, max = 0.05045580889191906 (LTTC)
[2026-08-31 22:42:27.122] [info] Frame 506 (t = 2.53):	 total squared error = 0.014040988806870328, marker error: RMS = 0.0220039093759067, max = 0.05047245547387611 (LTTC)
[2026-08-31 22:42:27.128] [info] Frame 507 (t = 2.535):	 total squared error = 0.014048285382742946, marker error: RMS = 0.022009625937023276, max = 0.050489553659961 (LTTC)
[2026-08-31 22:42:27.136] [info] Frame 508 (t = 2.54):	 total squared error = 0.014033106939931123, marker error: RMS = 0.021997732594700975, max = 0.05048092069500768 (LTTC)
[2026-08-31 22:42:27.143] [info] Frame 509 (t = 2.545):	 total squared error = 0.014032182918842713, marker error: RMS = 0.021997008353678862, max = 0.050515902875686976 (LTTC)
[2026-08-31 22:42:27.150] [info] Frame 510 (t = 2.55):	 total squared error = 0.014044966646290019, marker error: RMS = 0.022007026030330765, max = 0.050517893100694315 (LTTC)
[2026-08-31 22:42:27.156] [info] Frame 511 (t = 2.555):	 total squared error = 0.014037396387486745, marker error: RMS = 0.022001094320343393, max = 0.050509521035059436 (LTTC)
[2026-08-31 22:42:27.167] [info] Frame 512 (t = 2.56):	 total squared error = 0.014051961078233501, marker error: RMS = 0.022012505127950607, max = 0.050544882614540626 (LTTC)
[2026-08-31 22:42:27.176] [info] Frame 513 (t = 2.565):	 total squared error = 0.014029379434885463, marker error: RMS = 0.021994810857364128, max = 0.050535709055903315 (LTTC)
[2026-08-31 22:42:27.181] [info] Frame 514 (t = 2.57):	 total squared error = 0.014026267027424788, marker error: RMS = 0.021992370955766165, max = 0.05053400447876454 (LTTC)
[2026-08-31 22:42:27.189] [info] Frame 515 (t = 2.575):	 total squared error = 0.014034765351588359, marker error: RMS = 0.021999032385921886, max = 0.05055742773488942 (LTTC)
[2026-08-31 22:42:27.193] [info] Frame 516 (t = 2.58):	 total squared error = 0.014028240242709917, marker error: RMS = 0.021993917844768153, max = 0.05054854066809445 (LTTC)
[2026-08-31 22:42:27.199] [info] Frame 517 (t = 2.585):	 total squared error = 0.014015742708586906, marker error: RMS = 0.02198411864755768, max = 0.050554761399265985 (LTTC)
[2026-08-31 22:42:27.204] [info] Frame 518 (t = 2.59):	 total squared error = 0.014035822787601333, marker error: RMS = 0.021999861118371457, max = 0.050560297816447185 (LTTC)
[2026-08-31 22:42:27.209] [info] Frame 519 (t = 2.595):	 total squared error = 0.01403768178354328, marker error: RMS = 0.0220013179727028, max = 0.05057899553471068 (LTTC)
[2026-08-31 22:42:27.215] [info] Frame 520 (t = 2.6):	 total squared error = 0.01405400857317926, marker error: RMS = 0.022014108777827994, max = 0.05059728118700205 (LTTC)
[2026-08-31 22:42:27.223] [info] Frame 521 (t = 2.605):	 total squared error = 0.01402119148351099, marker error: RMS = 0.021988391516897705, max = 0.0505265651915867 (LTTC)
[2026-08-31 22:42:27.228] [info] Frame 522 (t = 2.61):	 total squared error = 0.014028636783161172, marker error: RMS = 0.02199422869688944, max = 0.05057584528934016 (LTTC)
[2026-08-31 22:42:27.235] [info] Frame 523 (t = 2.615):	 total squared error = 0.014023266826125686, marker error: RMS = 0.0219900187594012, max = 0.050564556043639144 (LTTC)
[2026-08-31 22:42:27.240] [info] Frame 524 (t = 2.62):	 total squared error = 0.01404547153063584, marker error: RMS = 0.022007421577837877, max = 0.05057511616702351 (LTTC)
[2026-08-31 22:42:27.246] [info] Frame 525 (t = 2.625):	 total squared error = 0.014052425352306143, marker error: RMS = 0.02201286876940015, max = 0.05058373423113123 (LTTC)
[2026-08-31 22:42:27.252] [info] Frame 526 (t = 2.63):	 total squared error = 0.014042275909582357, marker error: RMS = 0.022004917874767306, max = 0.05057606904634335 (LTTC)
[2026-08-31 22:42:27.260] [info] Frame 527 (t = 2.635):	 total squared error = 0.014032191235427639, marker error: RMS = 0.021997014872264107, max = 0.05058111891609533 (LTTC)
[2026-08-31 22:42:27.267] [info] Frame 528 (t = 2.64):	 total squared error = 0.014033228180286579, marker error: RMS = 0.021997827620242005, max = 0.050584063218398395 (LTTC)
[2026-08-31 22:42:27.274] [info] Frame 529 (t = 2.645):	 total squared error = 0.014035119187304991, marker error: RMS = 0.021999309697089315, max = 0.05056227473324964 (LTTC)
[2026-08-31 22:42:27.281] [info] Frame 530 (t = 2.65):	 total squared error = 0.014052513226184182, marker error: RMS = 0.022012937595708527, max = 0.05056300053403217 (LTTC)
[2026-08-31 22:42:27.287] [info] Frame 531 (t = 2.655):	 total squared error = 0.01405664162964144, marker error: RMS = 0.022016170882614067, max = 0.050575184794338625 (LTTC)
[2026-08-31 22:42:27.292] [info] Frame 532 (t = 2.66):	 total squared error = 0.01407060064505048, marker error: RMS = 0.02202709980209369, max = 0.05058104890191866 (LTTC)
[2026-08-31 22:42:27.299] [info] Frame 533 (t = 2.665):	 total squared error = 0.014069048714921832, marker error: RMS = 0.02202588501875404, max = 0.05058161133860783 (LTTC)
[2026-08-31 22:42:27.306] [info] Frame 534 (t = 2.67):	 total squared error = 0.014060183998292237, marker error: RMS = 0.02201894481975906, max = 0.050559985859895115 (LTTC)
[2026-08-31 22:42:27.312] [info] Frame 535 (t = 2.675):	 total squared error = 0.014079561754081985, marker error: RMS = 0.022034112858272805, max = 0.050572472423399885 (LTTC)
[2026-08-31 22:42:27.317] [info] Frame 536 (t = 2.68):	 total squared error = 0.014102282496398286, marker error: RMS = 0.022051884348601114, max = 0.05058481844200039 (LTTC)
[2026-08-31 22:42:27.323] [info] Frame 537 (t = 2.685):	 total squared error = 0.014090629868594088, marker error: RMS = 0.022042771798760016, max = 0.05056995620585349 (LTTC)
[2026-08-31 22:42:27.329] [info] Frame 538 (t = 2.69):	 total squared error = 0.014087041038996832, marker error: RMS = 0.022039964515113832, max = 0.05055521542691481 (LTTC)
[2026-08-31 22:42:27.338] [info] Frame 539 (t = 2.695):	 total squared error = 0.014088665619486124, marker error: RMS = 0.022041235352047512, max = 0.05056013303286422 (LTTC)
[2026-08-31 22:42:27.344] [info] Frame 540 (t = 2.7):	 total squared error = 0.014094619546597959, marker error: RMS = 0.022045892217730532, max = 0.050552101561932905 (LTTC)
[2026-08-31 22:42:27.351] [info] Frame 541 (t = 2.705):	 total squared error = 0.01411537157529762, marker error: RMS = 0.022062115738802835, max = 0.05056165835106131 (LTTC)
[2026-08-31 22:42:27.357] [info] Frame 542 (t = 2.71):	 total squared error = 0.01410492746394723, marker error: RMS = 0.022053952233140175, max = 0.050545855258429785 (LTTC)
[2026-08-31 22:42:27.363] [info] Frame 543 (t = 2.715):	 total squared error = 0.014118011552830231, marker error: RMS = 0.022064178765146752, max = 0.0505431593902768 (LTTC)
[2026-08-31 22:42:27.372] [info] Frame 544 (t = 2.72):	 total squared error = 0.014105530309319297, marker error: RMS = 0.022054423521667466, max = 0.05053922091542647 (LTTC)
[2026-08-31 22:42:27.376] [info] Frame 545 (t = 2.725):	 total squared error = 0.014110436080344712, marker error: RMS = 0.022058258348999292, max = 0.05050626388272417 (LTTC)
[2026-08-31 22:42:27.384] [info] Frame 546 (t = 2.73):	 total squared error = 0.014114183209878815, marker error: RMS = 0.022061187020521855, max = 0.05053308921121209 (LTTC)
[2026-08-31 22:42:27.392] [info] Frame 547 (t = 2.735):	 total squared error = 0.014122654449049536, marker error: RMS = 0.02206780651650689, max = 0.05053046184908557 (LTTC)
[2026-08-31 22:42:27.400] [info] Frame 548 (t = 2.74):	 total squared error = 0.01412361267340707, marker error: RMS = 0.02206855515590473, max = 0.050523315056936316 (LTTC)
[2026-08-31 22:42:27.407] [info] Frame 549 (t = 2.745):	 total squared error = 0.014118290732936013, marker error: RMS = 0.022064396920844043, max = 0.05052422059107752 (LTTC)
[2026-08-31 22:42:27.416] [info] Frame 550 (t = 2.75):	 total squared error = 0.014131214090619846, marker error: RMS = 0.022074493074680845, max = 0.050535390387407196 (LTTC)
[2026-08-31 22:42:27.427] [info] Frame 551 (t = 2.755):	 total squared error = 0.014139003117868736, marker error: RMS = 0.022080575890375823, max = 0.050557012772102825 (LTTC)
[2026-08-31 22:42:27.434] [info] Frame 552 (t = 2.76):	 total squared error = 0.014142601904909373, marker error: RMS = 0.022083385785596727, max = 0.05052712826712032 (LTTC)
[2026-08-31 22:42:27.439] [info] Frame 553 (t = 2.765):	 total squared error = 0.014152284215340073, marker error: RMS = 0.022090943857811237, max = 0.050539164680350655 (LTTC)
[2026-08-31 22:42:27.445] [info] Frame 554 (t = 2.77):	 total squared error = 0.014134450871368262, marker error: RMS = 0.022077021031683335, max = 0.05052676080670808 (LTTC)
[2026-08-31 22:42:27.452] [info] Frame 555 (t = 2.775):	 total squared error = 0.014144452434934849, marker error: RMS = 0.02208483052087302, max = 0.05051192342731422 (LTTC)
[2026-08-31 22:42:27.459] [info] Frame 556 (t = 2.78):	 total squared error = 0.01413637725723839, marker error: RMS = 0.02207852542024395, max = 0.05053876545067679 (LTTC)
[2026-08-31 22:42:27.467] [info] Frame 557 (t = 2.785):	 total squared error = 0.014139822241707926, marker error: RMS = 0.02208121548511932, max = 0.050544116059975844 (LTTC)
[2026-08-31 22:42:27.473] [info] Frame 558 (t = 2.79):	 total squared error = 0.014140487845990288, marker error: RMS = 0.022081735193867327, max = 0.05055491377287972 (LTTC)
[2026-08-31 22:42:27.479] [info] Frame 559 (t = 2.795):	 total squared error = 0.014144039564994436, marker error: RMS = 0.02208450819559239, max = 0.05054608053942791 (LTTC)
[2026-08-31 22:42:27.484] [info] Frame 560 (t = 2.8):	 total squared error = 0.014151245951952864, marker error: RMS = 0.02209013350668579, max = 0.050560852945907266 (LTTC)
[2026-08-31 22:42:27.490] [info] Frame 561 (t = 2.805):	 total squared error = 0.014151479951669597, marker error: RMS = 0.022090316143028636, max = 0.05056424193448019 (LTTC)
[2026-08-31 22:42:27.496] [info] Frame 562 (t = 2.81):	 total squared error = 0.014135080829610814, marker error: RMS = 0.02207751300150013, max = 0.05056539396755619 (LTTC)
[2026-08-31 22:42:27.504] [info] Frame 563 (t = 2.815):	 total squared error = 0.014151151273745588, marker error: RMS = 0.022090059610092364, max = 0.050564539154156804 (LTTC)
[2026-08-31 22:42:27.510] [info] Frame 564 (t = 2.82):	 total squared error = 0.014148349656610729, marker error: RMS = 0.0220878728285461, max = 0.050577384992873696 (LTTC)
[2026-08-31 22:42:27.514] [info] Frame 565 (t = 2.825):	 total squared error = 0.014161317102145533, marker error: RMS = 0.022097992655088126, max = 0.05058809614557167 (LTTC)
[2026-08-31 22:42:27.520] [info] Frame 566 (t = 2.83):	 total squared error = 0.014149103725151185, marker error: RMS = 0.022088461432464897, max = 0.0505830682048908 (LTTC)
[2026-08-31 22:42:27.524] [info] Frame 567 (t = 2.835):	 total squared error = 0.014154095003683356, marker error: RMS = 0.022092357083532816, max = 0.05059215941939632 (LTTC)
[2026-08-31 22:42:27.532] [info] Frame 568 (t = 2.84):	 total squared error = 0.014126543062955082, marker error: RMS = 0.02207084444656928, max = 0.05058658510293554 (LTTC)
[2026-08-31 22:42:27.539] [info] Frame 569 (t = 2.845):	 total squared error = 0.014149327008024978, marker error: RMS = 0.022088635717556898, max = 0.05059491802348494 (LTTC)
[2026-08-31 22:42:27.544] [info] Frame 570 (t = 2.85):	 total squared error = 0.014163045592704426, marker error: RMS = 0.022099341223372454, max = 0.05060155151086349 (LTTC)
[2026-08-31 22:42:27.552] [info] Frame 571 (t = 2.855):	 total squared error = 0.014136667641521238, marker error: RMS = 0.02207875218356986, max = 0.05058355745508721 (LTTC)
[2026-08-31 22:42:27.559] [info] Frame 572 (t = 2.86):	 total squared error = 0.014137576474953267, marker error: RMS = 0.022079461883554908, max = 0.05057774035128013 (LTTC)
[2026-08-31 22:42:27.566] [info] Frame 573 (t = 2.865):	 total squared error = 0.014146205812164383, marker error: RMS = 0.022086199320377906, max = 0.05057009449145945 (LTTC)
[2026-08-31 22:42:27.573] [info] Frame 574 (t = 2.87):	 total squared error = 0.014131762557136426, marker error: RMS = 0.02207492145269458, max = 0.050569105489549425 (LTTC)
[2026-08-31 22:42:27.579] [info] Frame 575 (t = 2.875):	 total squared error = 0.014131163828506694, marker error: RMS = 0.02207445381720275, max = 0.050588481408662546 (LTTC)
[2026-08-31 22:42:27.587] [info] Frame 576 (t = 2.88):	 total squared error = 0.01413356695524521, marker error: RMS = 0.022076330713392482, max = 0.05053739282444805 (LTTC)
[2026-08-31 22:42:27.599] [info] Frame 577 (t = 2.885):	 total squared error = 0.014146006698077513, marker error: RMS = 0.02208604388333198, max = 0.050548763317280095 (LTTC)
[2026-08-31 22:42:27.607] [info] Frame 578 (t = 2.89):	 total squared error = 0.014127747942796698, marker error: RMS = 0.022071785658740965, max = 0.05053392063060475 (LTTC)
[2026-08-31 22:42:27.613] [info] Frame 579 (t = 2.895):	 total squared error = 0.01413856749641026, marker error: RMS = 0.022080235737442735, max = 0.05051903329216648 (LTTC)
[2026-08-31 22:42:27.620] [info] Frame 580 (t = 2.9):	 total squared error = 0.014147163932362667, marker error: RMS = 0.022086947255041574, max = 0.050524551974557214 (LTTC)
[2026-08-31 22:42:27.628] [info] Frame 581 (t = 2.905):	 total squared error = 0.014133510500775964, marker error: RMS = 0.022076286623008864, max = 0.05049516896097618 (LTTC)
[2026-08-31 22:42:27.634] [info] Frame 582 (t = 2.91):	 total squared error = 0.014129004826104661, marker error: RMS = 0.022072767451525564, max = 0.050487751722862594 (LTTC)
[2026-08-31 22:42:27.642] [info] Frame 583 (t = 2.915):	 total squared error = 0.014127740387430561, marker error: RMS = 0.02207177975686457, max = 0.050489117355632385 (LTTC)
[2026-08-31 22:42:27.648] [info] Frame 584 (t = 2.92):	 total squared error = 0.014145761345752563, marker error: RMS = 0.022085852349218213, max = 0.050468682803766075 (LTTC)
[2026-08-31 22:42:27.653] [info] Frame 585 (t = 2.925):	 total squared error = 0.01415426280678762, marker error: RMS = 0.022092488040514197, max = 0.05047460256263832 (LTTC)
[2026-08-31 22:42:27.659] [info] Frame 586 (t = 2.93):	 total squared error = 0.014139301732956796, marker error: RMS = 0.022080809059512475, max = 0.050453591113540974 (LTTC)
[2026-08-31 22:42:27.665] [info] Frame 587 (t = 2.935):	 total squared error = 0.014129932465623234, marker error: RMS = 0.022073492033177083, max = 0.050438601198422875 (LTTC)
[2026-08-31 22:42:27.671] [info] Frame 588 (t = 2.94):	 total squared error = 0.014123878123091096, marker error: RMS = 0.022068762541352187, max = 0.05042445480435958 (LTTC)
[2026-08-31 22:42:27.678] [info] Frame 589 (t = 2.945):	 total squared error = 0.014116941063619066, marker error: RMS = 0.022063342248156287, max = 0.05041522527131522 (LTTC)
[2026-08-31 22:42:27.684] [info] Frame 590 (t = 2.95):	 total squared error = 0.014119051365749848, marker error: RMS = 0.022064991280267267, max = 0.05039998554406799 (LTTC)
[2026-08-31 22:42:27.690] [info] Frame 591 (t = 2.955):	 total squared error = 0.014128440029127663, marker error: RMS = 0.02207232627548122, max = 0.05040323674795707 (LTTC)
[2026-08-31 22:42:27.698] [info] Frame 592 (t = 2.96):	 total squared error = 0.014102958954382589, marker error: RMS = 0.022052413234416514, max = 0.05037919818012373 (LTTC)
[2026-08-31 22:42:27.706] [info] Frame 593 (t = 2.965):	 total squared error = 0.01410400883055693, marker error: RMS = 0.02205323405054619, max = 0.05035166567448125 (LTTC)
[2026-08-31 22:42:27.712] [info] Frame 594 (t = 2.97):	 total squared error = 0.014123314081211405, marker error: RMS = 0.02206832187518118, max = 0.05036900284716167 (LTTC)
[2026-08-31 22:42:27.719] [info] Frame 595 (t = 2.975):	 total squared error = 0.014093593185962231, marker error: RMS = 0.022045089519657935, max = 0.050367404988460825 (LTTC)
[2026-08-31 22:42:27.726] [info] Frame 596 (t = 2.98):	 total squared error = 0.014093770522707548, marker error: RMS = 0.022045228213604762, max = 0.05034500897621641 (LTTC)
[2026-08-31 22:42:27.734] [info] Frame 597 (t = 2.985):	 total squared error = 0.014090117483232745, marker error: RMS = 0.022042371018369915, max = 0.05033919039484052 (LTTC)
[2026-08-31 22:42:27.741] [info] Frame 598 (t = 2.99):	 total squared error = 0.014075026420525206, marker error: RMS = 0.02203056373856103, max = 0.05031550634750142 (LTTC)
[2026-08-31 22:42:27.749] [info] Frame 599 (t = 2.995):	 total squared error = 0.014094309655557042, marker error: RMS = 0.022045649860637565, max = 0.05033813008306991 (LTTC)
[2026-08-31 22:42:27.756] [info] Frame 600 (t = 3):	 total squared error = 0.01408633056549001, marker error: RMS = 0.022039408720313593, max = 0.05032405736887808 (LTTC)
[2026-08-31 22:42:27.762] [info] Frame 601 (t = 3.005):	 total squared error = 0.014096948115378873, marker error: RMS = 0.022047713240855516, max = 0.05033791638842045 (LTTC)
[2026-08-31 22:42:27.772] [info] Frame 602 (t = 3.01):	 total squared error = 0.014079685029603092, marker error: RMS = 0.022034209319400165, max = 0.05030615643062317 (LTTC)
[2026-08-31 22:42:27.777] [info] Frame 603 (t = 3.015):	 total squared error = 0.014086704895201783, marker error: RMS = 0.022039701555650215, max = 0.05030179306815198 (LTTC)
[2026-08-31 22:42:27.785] [info] Frame 604 (t = 3.02):	 total squared error = 0.014083436185624364, marker error: RMS = 0.0220371443372042, max = 0.050302350339904 (LTTC)
[2026-08-31 22:42:27.791] [info] Frame 605 (t = 3.025):	 total squared error = 0.014091640657432633, marker error: RMS = 0.022043562401747725, max = 0.050301919704024 (LTTC)
[2026-08-31 22:42:27.799] [info] Frame 606 (t = 3.03):	 total squared error = 0.01406998894370845, marker error: RMS = 0.0220266209969135, max = 0.05028886228601382 (LTTC)
[2026-08-31 22:42:27.805] [info] Frame 607 (t = 3.035):	 total squared error = 0.014072843957269545, marker error: RMS = 0.022028855650831177, max = 0.05029244758025313 (LTTC)
[2026-08-31 22:42:27.811] [info] Frame 608 (t = 3.04):	 total squared error = 0.01407812938186038, marker error: RMS = 0.022032992018914052, max = 0.050302630998758584 (LTTC)
[2026-08-31 22:42:27.818] [info] Frame 609 (t = 3.045):	 total squared error = 0.014060251753029374, marker error: RMS = 0.02201899787333294, max = 0.05029726489173539 (LTTC)
[2026-08-31 22:42:27.826] [info] Frame 610 (t = 3.05):	 total squared error = 0.01406229467110212, marker error: RMS = 0.02202059746684056, max = 0.050290776591630816 (LTTC)
[2026-08-31 22:42:27.838] [info] Frame 611 (t = 3.055):	 total squared error = 0.014059367229722404, marker error: RMS = 0.02201830526044527, max = 0.050290753057579705 (LTTC)
[2026-08-31 22:42:27.845] [info] InverseKinematicsTool completed 612 frames in 5 second(s).
[2026-08-31 22:42:28.080] [info] Loaded model AB03_ik from file C:\Users\edgar\Documents\GitHub\WR26\IK\solution\results\Model_ik.osim
[2026-08-31 22:42:28.288] [cout] [info] 
               MODEL: AB03_ik
         coordinates: 42
              forces: 0
           actuators: 0
             muscles: 0
            analyses: 0
              probes: 0
              bodies: 23
              joints: 23
         constraints: 2
             markers: 57
         controllers: 0
  contact geometries: 0
misc modelcomponents: 0
[2026-08-31 22:42:28.289] [info] Running tool .
[2026-08-31 22:42:28.361] [info] Frame 0 (t = 0):	 total squared error = 0.0007402824714371722, marker error: RMS = 0.005052423356538483, max = 0.009156141219949687 (LFM1)
[2026-08-31 22:42:28.371] [info] Frame 1 (t = 0.005):	 total squared error = 0.000766091946338696, marker error: RMS = 0.0051397435409611236, max = 0.009291835694322239 (LFM1)
[2026-08-31 22:42:28.385] [info] Frame 2 (t = 0.01):	 total squared error = 0.0007971154203443411, marker error: RMS = 0.005242779666604681, max = 0.009577040940212674 (LFM1)
[2026-08-31 22:42:28.394] [info] Frame 3 (t = 0.015):	 total squared error = 0.0008264881677578255, marker error: RMS = 0.005338500912395647, max = 0.009664461063564443 (LFM1)
[2026-08-31 22:42:28.408] [info] Frame 4 (t = 0.02):	 total squared error = 0.0008666326788039234, marker error: RMS = 0.005466615541264756, max = 0.010296599938779096 (LFM1)
[2026-08-31 22:42:28.417] [info] Frame 5 (t = 0.025):	 total squared error = 0.00089449026692698, marker error: RMS = 0.005553781771279757, max = 0.010401729454663873 (LFM1)
[2026-08-31 22:42:28.428] [info] Frame 6 (t = 0.03):	 total squared error = 0.0009261236759753757, marker error: RMS = 0.005651132556538085, max = 0.010544657820554661 (LFM1)
[2026-08-31 22:42:28.447] [info] Frame 7 (t = 0.035):	 total squared error = 0.0009715373132755222, marker error: RMS = 0.0057880296012264125, max = 0.011073145664408868 (LFM1)
[2026-08-31 22:42:28.458] [info] Frame 8 (t = 0.04):	 total squared error = 0.0010040497190960528, marker error: RMS = 0.005884080565964443, max = 0.011200977111152411 (LFM1)
[2026-08-31 22:42:28.471] [info] Frame 9 (t = 0.045):	 total squared error = 0.0010480468778284833, marker error: RMS = 0.0060116177116752035, max = 0.011699884611925884 (LFM1)
[2026-08-31 22:42:28.487] [info] Frame 10 (t = 0.05):	 total squared error = 0.0010850637126712474, marker error: RMS = 0.006116861130687207, max = 0.011947477150036996 (LFM1)
[2026-08-31 22:42:28.498] [info] Frame 11 (t = 0.055):	 total squared error = 0.0011194238203685956, marker error: RMS = 0.00621295593031373, max = 0.012105688382458762 (LFM1)
[2026-08-31 22:42:28.509] [info] Frame 12 (t = 0.06):	 total squared error = 0.0011576284169077437, marker error: RMS = 0.006318086836430853, max = 0.012381161447299649 (LFM1)
[2026-08-31 22:42:28.520] [info] Frame 13 (t = 0.065):	 total squared error = 0.0011964650686199336, marker error: RMS = 0.006423193610604312, max = 0.012535097749100626 (LFM1)
[2026-08-31 22:42:28.531] [info] Frame 14 (t = 0.07):	 total squared error = 0.0012453257949599744, marker error: RMS = 0.006553035082442582, max = 0.013007473535923549 (LFM1)
[2026-08-31 22:42:28.543] [info] Frame 15 (t = 0.075):	 total squared error = 0.0012875314414195116, marker error: RMS = 0.0066631551018280855, max = 0.0133562779710556 (LFM1)
[2026-08-31 22:42:28.554] [info] Frame 16 (t = 0.08):	 total squared error = 0.0013260368205786448, marker error: RMS = 0.0067620564628048, max = 0.013427263470927372 (LFM1)
[2026-08-31 22:42:28.568] [info] Frame 17 (t = 0.085):	 total squared error = 0.0013765805272258741, marker error: RMS = 0.006889723800144061, max = 0.013918214996821061 (LFM1)
[2026-08-31 22:42:28.582] [info] Frame 18 (t = 0.09):	 total squared error = 0.0014223053696091562, marker error: RMS = 0.007003214458028778, max = 0.014195215157290194 (LFM1)
[2026-08-31 22:42:28.605] [info] Frame 19 (t = 0.095):	 total squared error = 0.0014707434761728922, marker error: RMS = 0.007121467003491898, max = 0.014490011975357858 (LFM1)
[2026-08-31 22:42:28.618] [info] Frame 20 (t = 0.1):	 total squared error = 0.0015186517787103677, marker error: RMS = 0.007236525596869717, max = 0.014787335199182712 (LFM1)
[2026-08-31 22:42:28.628] [info] Frame 21 (t = 0.105):	 total squared error = 0.001567103116413615, marker error: RMS = 0.007351056964615443, max = 0.014920627075643025 (LFM1)
[2026-08-31 22:42:28.641] [info] Frame 22 (t = 0.11):	 total squared error = 0.0016229300620837685, marker error: RMS = 0.00748084925587299, max = 0.015312356488980225 (LFM1)
[2026-08-31 22:42:28.654] [info] Frame 23 (t = 0.115):	 total squared error = 0.0016786899435508617, marker error: RMS = 0.007608275765404637, max = 0.015701487634567746 (LFM1)
[2026-08-31 22:42:28.663] [info] Frame 24 (t = 0.12):	 total squared error = 0.0017326508240856962, marker error: RMS = 0.007729591201408136, max = 0.015942704456271283 (LFM1)
[2026-08-31 22:42:28.675] [info] Frame 25 (t = 0.125):	 total squared error = 0.0017972077984618985, marker error: RMS = 0.007872273032967206, max = 0.016396936985209574 (LFM1)
[2026-08-31 22:42:28.684] [info] Frame 26 (t = 0.13):	 total squared error = 0.001855001945446907, marker error: RMS = 0.00799784873111235, max = 0.016580559452391667 (LFM1)
[2026-08-31 22:42:28.696] [info] Frame 27 (t = 0.135):	 total squared error = 0.001925636817982379, marker error: RMS = 0.008148697416495428, max = 0.017029433967574364 (LFM1)
[2026-08-31 22:42:28.710] [info] Frame 28 (t = 0.14):	 total squared error = 0.001993335662095252, marker error: RMS = 0.008290700361612592, max = 0.017391408664722656 (LFM1)
[2026-08-31 22:42:28.722] [info] Frame 29 (t = 0.145):	 total squared error = 0.0020641270252443364, marker error: RMS = 0.008436634042907315, max = 0.017734434730694 (LFM1)
[2026-08-31 22:42:28.730] [info] Frame 30 (t = 0.15):	 total squared error = 0.002133081806596399, marker error: RMS = 0.008576394641983788, max = 0.017975344261453266 (LFM1)
[2026-08-31 22:42:28.741] [info] Frame 31 (t = 0.155):	 total squared error = 0.0022047834715368986, marker error: RMS = 0.008719347238176323, max = 0.018176262992644205 (LFM1)
[2026-08-31 22:42:28.753] [info] Frame 32 (t = 0.16):	 total squared error = 0.002296505882727413, marker error: RMS = 0.008898868356430677, max = 0.01882235251968688 (LFM1)
[2026-08-31 22:42:28.761] [info] Frame 33 (t = 0.165):	 total squared error = 0.0023735289885919004, marker error: RMS = 0.009046868363849677, max = 0.019114861840686864 (LFM1)
[2026-08-31 22:42:28.776] [info] Frame 34 (t = 0.17):	 total squared error = 0.0024612664186020473, marker error: RMS = 0.009212559677628346, max = 0.019742790875957032 (LFM1)
[2026-08-31 22:42:28.788] [info] Frame 35 (t = 0.175):	 total squared error = 0.0025410253110464734, marker error: RMS = 0.009360638997946582, max = 0.019847143373080082 (LFM1)
[2026-08-31 22:42:28.802] [info] Frame 36 (t = 0.18):	 total squared error = 0.0026380076963850147, marker error: RMS = 0.009537598368245857, max = 0.02025530311043825 (LFM1)
[2026-08-31 22:42:28.811] [info] Frame 37 (t = 0.185):	 total squared error = 0.002722511737498754, marker error: RMS = 0.009689154508323413, max = 0.020528667163690662 (LFM1)
[2026-08-31 22:42:28.821] [info] Frame 38 (t = 0.19):	 total squared error = 0.0028137973936099513, marker error: RMS = 0.009850253617617042, max = 0.020801106375517676 (LFM1)
[2026-08-31 22:42:28.833] [info] Frame 39 (t = 0.195):	 total squared error = 0.002917341843896951, marker error: RMS = 0.010029855164314998, max = 0.02143800280559119 (LFM1)
[2026-08-31 22:42:28.841] [info] Frame 40 (t = 0.2):	 total squared error = 0.0030089310607605423, marker error: RMS = 0.010186080869230396, max = 0.021635117494418023 (LFM1)
[2026-08-31 22:42:28.852] [info] Frame 41 (t = 0.205):	 total squared error = 0.0031022831711650946, marker error: RMS = 0.010342885562758277, max = 0.021812543073261647 (LFM1)
[2026-08-31 22:42:28.863] [info] Frame 42 (t = 0.21):	 total squared error = 0.003215652169175465, marker error: RMS = 0.010530173671776485, max = 0.022446105160474787 (LFM1)
[2026-08-31 22:42:28.875] [info] Frame 43 (t = 0.215):	 total squared error = 0.0033136966315822484, marker error: RMS = 0.010689499571497398, max = 0.022769858109779714 (LFM1)
[2026-08-31 22:42:28.887] [info] Frame 44 (t = 0.22):	 total squared error = 0.0034109476098417094, marker error: RMS = 0.010845223976386563, max = 0.022894951432951588 (LFM1)
[2026-08-31 22:42:28.902] [info] Frame 45 (t = 0.225):	 total squared error = 0.0035239946401253125, marker error: RMS = 0.011023477516466628, max = 0.02346377565473812 (LFM1)
[2026-08-31 22:42:28.911] [info] Frame 46 (t = 0.23):	 total squared error = 0.0036258241357351026, marker error: RMS = 0.011181610728049168, max = 0.023691772515787614 (LFM1)
[2026-08-31 22:42:28.924] [info] Frame 47 (t = 0.235):	 total squared error = 0.0037404350892575105, marker error: RMS = 0.011356959114094957, max = 0.0240957180685429 (LFM1)
[2026-08-31 22:42:28.935] [info] Frame 48 (t = 0.24):	 total squared error = 0.003840993636704222, marker error: RMS = 0.011508607927897997, max = 0.024251038646990346 (LFM1)
[2026-08-31 22:42:28.944] [info] Frame 49 (t = 0.245):	 total squared error = 0.003944973886861197, marker error: RMS = 0.01166334353029004, max = 0.024427639250617077 (LFM1)
[2026-08-31 22:42:28.955] [info] Frame 50 (t = 0.25):	 total squared error = 0.004066536741223451, marker error: RMS = 0.01184168082958556, max = 0.02472573045632262 (LFM1)
[2026-08-31 22:42:28.969] [info] Frame 51 (t = 0.255):	 total squared error = 0.004179352731007828, marker error: RMS = 0.012004816175771416, max = 0.02529232639454473 (LFM1)
[2026-08-31 22:42:28.980] [info] Frame 52 (t = 0.26):	 total squared error = 0.004293990921633334, marker error: RMS = 0.01216834633260062, max = 0.025495640804895952 (LFM1)
[2026-08-31 22:42:28.990] [info] Frame 53 (t = 0.265):	 total squared error = 0.004399439912445589, marker error: RMS = 0.012316851244010754, max = 0.025688802155102382 (LFM1)
[2026-08-31 22:42:29.002] [info] Frame 54 (t = 0.27):	 total squared error = 0.00450559013872837, marker error: RMS = 0.012464556839195288, max = 0.025809369410059266 (LFM1)
[2026-08-31 22:42:29.020] [info] Frame 55 (t = 0.275):	 total squared error = 0.004628940697744956, marker error: RMS = 0.012634027257760135, max = 0.026228319400274397 (LFM1)
[2026-08-31 22:42:29.030] [info] Frame 56 (t = 0.28):	 total squared error = 0.004734886764171206, marker error: RMS = 0.01277779156917243, max = 0.026284942555954028 (LFM1)
[2026-08-31 22:42:29.046] [info] Frame 57 (t = 0.285):	 total squared error = 0.00485914046942824, marker error: RMS = 0.012944364330136826, max = 0.026712717954616452 (LFM1)
[2026-08-31 22:42:29.057] [info] Frame 58 (t = 0.29):	 total squared error = 0.004970540864314602, marker error: RMS = 0.01309190440075219, max = 0.026925741640158776 (LFM1)
[2026-08-31 22:42:29.073] [info] Frame 59 (t = 0.295):	 total squared error = 0.005088577261255506, marker error: RMS = 0.013246440330239806, max = 0.02715913325078513 (LFM1)
[2026-08-31 22:42:29.086] [info] Frame 60 (t = 0.3):	 total squared error = 0.005205110737420484, marker error: RMS = 0.013397260061386824, max = 0.0273454970954274 (LFM1)
[2026-08-31 22:42:29.104] [info] Frame 61 (t = 0.305):	 total squared error = 0.005320716576592195, marker error: RMS = 0.013545220020351492, max = 0.027573798838077108 (LFM1)
[2026-08-31 22:42:29.114] [info] Frame 62 (t = 0.31):	 total squared error = 0.005422774820440547, marker error: RMS = 0.013674510418570936, max = 0.027641014661842097 (LFM1)
[2026-08-31 22:42:29.131] [info] Frame 63 (t = 0.315):	 total squared error = 0.005557509119935649, marker error: RMS = 0.013843346615433075, max = 0.027995906939147438 (LFM1)
[2026-08-31 22:42:29.141] [info] Frame 64 (t = 0.32):	 total squared error = 0.005658875229376992, marker error: RMS = 0.013969023895720366, max = 0.028048061242988635 (LFM1)
[2026-08-31 22:42:29.154] [info] Frame 65 (t = 0.325):	 total squared error = 0.005787190497349593, marker error: RMS = 0.014126510291365484, max = 0.028272150590906677 (LFM1)
[2026-08-31 22:42:29.162] [info] Frame 66 (t = 0.33):	 total squared error = 0.005881331945760131, marker error: RMS = 0.014240946241517718, max = 0.028303605825537436 (LFM1)
[2026-08-31 22:42:29.179] [info] Frame 67 (t = 0.335):	 total squared error = 0.00602668852924853, marker error: RMS = 0.01441585397526474, max = 0.028769211533969427 (LFM1)
[2026-08-31 22:42:29.191] [info] Frame 68 (t = 0.34):	 total squared error = 0.006134806615857305, marker error: RMS = 0.014544588537295148, max = 0.02880027219481501 (LFM1)
[2026-08-31 22:42:29.202] [info] Frame 69 (t = 0.345):	 total squared error = 0.006243071771135201, marker error: RMS = 0.0146723664395249, max = 0.02890340472802869 (LFM1)
[2026-08-31 22:42:29.213] [info] Frame 70 (t = 0.35):	 total squared error = 0.006363244389970117, marker error: RMS = 0.014812907221197233, max = 0.02909532044648817 (LFM1)
[2026-08-31 22:42:29.231] [info] Frame 71 (t = 0.355):	 total squared error = 0.006488724520317337, marker error: RMS = 0.014958245932937894, max = 0.029438834309928445 (LFM1)
[2026-08-31 22:42:29.242] [info] Frame 72 (t = 0.36):	 total squared error = 0.006596334989308561, marker error: RMS = 0.015081771355432245, max = 0.02944694795897266 (LFM1)
[2026-08-31 22:42:29.254] [info] Frame 73 (t = 0.365):	 total squared error = 0.006708426594571982, marker error: RMS = 0.015209373918253203, max = 0.02961632450780553 (LFM1)
[2026-08-31 22:42:29.267] [info] Frame 74 (t = 0.37):	 total squared error = 0.006826689075154196, marker error: RMS = 0.01534285082887275, max = 0.02990501288460146 (LFM1)
[2026-08-31 22:42:29.281] [info] Frame 75 (t = 0.375):	 total squared error = 0.006912471568003002, marker error: RMS = 0.015438947132231125, max = 0.02985693701902441 (LFM1)
[2026-08-31 22:42:29.308] [info] Frame 76 (t = 0.38):	 total squared error = 0.0070326887157340255, marker error: RMS = 0.015572620442273174, max = 0.03013183851736485 (LFM1)
[2026-08-31 22:42:29.319] [info] Frame 77 (t = 0.385):	 total squared error = 0.007114757375891134, marker error: RMS = 0.015663220014978572, max = 0.03007379522808093 (LFM1)
[2026-08-31 22:42:29.329] [info] Frame 78 (t = 0.39):	 total squared error = 0.007195365554461932, marker error: RMS = 0.01575170002260504, max = 0.03005046243967409 (LFM1)
[2026-08-31 22:42:29.339] [info] Frame 79 (t = 0.395):	 total squared error = 0.007295748063570403, marker error: RMS = 0.015861195397367193, max = 0.03012127462939526 (LFM1)
[2026-08-31 22:42:29.349] [info] Frame 80 (t = 0.4):	 total squared error = 0.007379588027665703, marker error: RMS = 0.015952070482483698, max = 0.030157477053694568 (LFM1)
[2026-08-31 22:42:29.365] [info] Frame 81 (t = 0.405):	 total squared error = 0.007507258858103662, marker error: RMS = 0.01608946845321569, max = 0.030511920707393978 (LFM1)
[2026-08-31 22:42:29.376] [info] Frame 82 (t = 0.41):	 total squared error = 0.007584701625940886, marker error: RMS = 0.01617224274419822, max = 0.03051634533530596 (LFM1)
[2026-08-31 22:42:29.386] [info] Frame 83 (t = 0.415):	 total squared error = 0.007663327691412933, marker error: RMS = 0.01625585060875742, max = 0.030555657610896188 (LFM1)
[2026-08-31 22:42:29.403] [info] Frame 84 (t = 0.42):	 total squared error = 0.007748068484370448, marker error: RMS = 0.01634548180149851, max = 0.030604257369325278 (LFM1)
[2026-08-31 22:42:29.412] [info] Frame 85 (t = 0.425):	 total squared error = 0.007821075694460524, marker error: RMS = 0.016422309987520787, max = 0.030602661442088657 (LFM1)
[2026-08-31 22:42:29.424] [info] Frame 86 (t = 0.43):	 total squared error = 0.007879294770396004, marker error: RMS = 0.01648331943720159, max = 0.030502099127888583 (LFM1)
[2026-08-31 22:42:29.439] [info] Frame 87 (t = 0.435):	 total squared error = 0.007974762519429726, marker error: RMS = 0.016582877042745574, max = 0.030616523732847623 (LFM1)
[2026-08-31 22:42:29.451] [info] Frame 88 (t = 0.44):	 total squared error = 0.008034473290874486, marker error: RMS = 0.016644843139351086, max = 0.030546371506865077 (LFM1)
[2026-08-31 22:42:29.462] [info] Frame 89 (t = 0.445):	 total squared error = 0.008097044418058644, marker error: RMS = 0.016709531058917208, max = 0.03051878856519897 (LFM1)
[2026-08-31 22:42:29.479] [info] Frame 90 (t = 0.45):	 total squared error = 0.008185263013997059, marker error: RMS = 0.016800310972077848, max = 0.030574252358483957 (LFM1)
[2026-08-31 22:42:29.494] [info] Frame 91 (t = 0.455):	 total squared error = 0.008248149986939709, marker error: RMS = 0.016864725466691904, max = 0.030679483854318967 (LTTC)
[2026-08-31 22:42:29.508] [info] Frame 92 (t = 0.46):	 total squared error = 0.008330467299141492, marker error: RMS = 0.016948672310061474, max = 0.03102376250084855 (LTTC)
[2026-08-31 22:42:29.521] [info] Frame 93 (t = 0.465):	 total squared error = 0.008387884368773217, marker error: RMS = 0.017006980685196967, max = 0.03136084312754708 (LTTC)
[2026-08-31 22:42:29.530] [info] Frame 94 (t = 0.47):	 total squared error = 0.00843572961134781, marker error: RMS = 0.01705541638241385, max = 0.031624200619958714 (LTTC)
[2026-08-31 22:42:29.539] [info] Frame 95 (t = 0.475):	 total squared error = 0.008507406727518216, marker error: RMS = 0.017127721759563994, max = 0.03198497507584656 (LTTC)
[2026-08-31 22:42:29.554] [info] Frame 96 (t = 0.48):	 total squared error = 0.008606443749093614, marker error: RMS = 0.01722712751396873, max = 0.032296334656378996 (LTTC)
[2026-08-31 22:42:29.564] [info] Frame 97 (t = 0.485):	 total squared error = 0.008674840794136057, marker error: RMS = 0.017295445677319374, max = 0.032596188998583936 (LTTC)
[2026-08-31 22:42:29.580] [info] Frame 98 (t = 0.49):	 total squared error = 0.008760697851360154, marker error: RMS = 0.017380823609865176, max = 0.03288831698657636 (LTTC)
[2026-08-31 22:42:29.590] [info] Frame 99 (t = 0.495):	 total squared error = 0.00882517889618602, marker error: RMS = 0.017444670064566625, max = 0.03315401590249919 (LTTC)
[2026-08-31 22:42:29.604] [info] Frame 100 (t = 0.5):	 total squared error = 0.008905972311788283, marker error: RMS = 0.017524340030652816, max = 0.033428417514213125 (LTTC)
[2026-08-31 22:42:29.611] [info] Frame 101 (t = 0.505):	 total squared error = 0.008975530345307507, marker error: RMS = 0.01759264182520391, max = 0.033793531510396345 (LTTC)
[2026-08-31 22:42:29.623] [info] Frame 102 (t = 0.51):	 total squared error = 0.009046577016910117, marker error: RMS = 0.017662132702977583, max = 0.03391661815345805 (LTTC)
[2026-08-31 22:42:29.632] [info] Frame 103 (t = 0.515):	 total squared error = 0.009135079496006393, marker error: RMS = 0.017748316574864215, max = 0.03416973917251277 (LTTC)
[2026-08-31 22:42:29.646] [info] Frame 104 (t = 0.52):	 total squared error = 0.009229865682235109, marker error: RMS = 0.017840157802606466, max = 0.034394897017583234 (LTTC)
[2026-08-31 22:42:29.657] [info] Frame 105 (t = 0.525):	 total squared error = 0.009301413907479414, marker error: RMS = 0.017909171131091983, max = 0.03461953521308499 (LTTC)
[2026-08-31 22:42:29.672] [info] Frame 106 (t = 0.53):	 total squared error = 0.009393405636203932, marker error: RMS = 0.017997514805645973, max = 0.03484353174652204 (LTTC)
[2026-08-31 22:42:29.681] [info] Frame 107 (t = 0.535):	 total squared error = 0.009469072423337433, marker error: RMS = 0.01806985718636906, max = 0.03507089162428506 (LTTC)
[2026-08-31 22:42:29.691] [info] Frame 108 (t = 0.54):	 total squared error = 0.009532778631766534, marker error: RMS = 0.01813054065778717, max = 0.03516857356126543 (LTTC)
[2026-08-31 22:42:29.703] [info] Frame 109 (t = 0.545):	 total squared error = 0.009629398357481622, marker error: RMS = 0.018222190297093932, max = 0.03537529189540399 (LTTC)
[2026-08-31 22:42:29.712] [info] Frame 110 (t = 0.55):	 total squared error = 0.00972122208919656, marker error: RMS = 0.018308865470036132, max = 0.03566389396108496 (LTTC)
[2026-08-31 22:42:29.722] [info] Frame 111 (t = 0.555):	 total squared error = 0.00979963082915188, marker error: RMS = 0.018382554350620403, max = 0.03575267681685949 (LTTC)
[2026-08-31 22:42:29.730] [info] Frame 112 (t = 0.56):	 total squared error = 0.009895225509039388, marker error: RMS = 0.01847199698802206, max = 0.035974445356774166 (LTTC)
[2026-08-31 22:42:29.746] [info] Frame 113 (t = 0.565):	 total squared error = 0.009992510850397257, marker error: RMS = 0.018562579014481554, max = 0.03617290810227916 (LTTC)
[2026-08-31 22:42:29.758] [info] Frame 114 (t = 0.57):	 total squared error = 0.01005761655183579, marker error: RMS = 0.018622952608445487, max = 0.03629056528956942 (LTTC)
[2026-08-31 22:42:29.769] [info] Frame 115 (t = 0.575):	 total squared error = 0.01014266838956364, marker error: RMS = 0.018701528970836104, max = 0.036503575689501085 (LTTC)
[2026-08-31 22:42:29.784] [info] Frame 116 (t = 0.58):	 total squared error = 0.010248346705127512, marker error: RMS = 0.018798703830159465, max = 0.03666627925492923 (LTTC)
[2026-08-31 22:42:29.803] [info] Frame 117 (t = 0.585):	 total squared error = 0.010334555084500622, marker error: RMS = 0.018877604944246926, max = 0.03683059644564212 (LTTC)
[2026-08-31 22:42:29.814] [info] Frame 118 (t = 0.59):	 total squared error = 0.010406356510568962, marker error: RMS = 0.018943069436466516, max = 0.03692751701800769 (LTTC)
[2026-08-31 22:42:29.826] [info] Frame 119 (t = 0.595):	 total squared error = 0.010468735612628798, marker error: RMS = 0.018999760082540423, max = 0.03705195930041785 (LTTC)
[2026-08-31 22:42:29.836] [info] Frame 120 (t = 0.6):	 total squared error = 0.010536592362888232, marker error: RMS = 0.0190612373977682, max = 0.0371668110885347 (LTTC)
[2026-08-31 22:42:29.851] [info] Frame 121 (t = 0.605):	 total squared error = 0.010654398033711328, marker error: RMS = 0.019167499462507315, max = 0.037450490040299204 (LTTC)
[2026-08-31 22:42:29.861] [info] Frame 122 (t = 0.61):	 total squared error = 0.010711585576191817, marker error: RMS = 0.019218871451484435, max = 0.03758270223430648 (LTTC)
[2026-08-31 22:42:29.876] [info] Frame 123 (t = 0.615):	 total squared error = 0.010787859700281208, marker error: RMS = 0.019287176104309887, max = 0.037693689318018836 (LTTC)
[2026-08-31 22:42:29.886] [info] Frame 124 (t = 0.62):	 total squared error = 0.010867138276140024, marker error: RMS = 0.01935791585046784, max = 0.03785327930945918 (LTTC)
[2026-08-31 22:42:29.897] [info] Frame 125 (t = 0.625):	 total squared error = 0.010932669416090592, marker error: RMS = 0.01941619428608109, max = 0.03793908428507717 (LTTC)
[2026-08-31 22:42:29.908] [info] Frame 126 (t = 0.63):	 total squared error = 0.011012189058698087, marker error: RMS = 0.019486678967861243, max = 0.03810877211548022 (LTTC)
[2026-08-31 22:42:29.924] [info] Frame 127 (t = 0.635):	 total squared error = 0.011112723102022702, marker error: RMS = 0.01957542715614682, max = 0.038370865968488106 (LTTC)
[2026-08-31 22:42:29.934] [info] Frame 128 (t = 0.64):	 total squared error = 0.011173141563361669, marker error: RMS = 0.01962856957509119, max = 0.03849064269810466 (LTTC)
[2026-08-31 22:42:29.956] [info] Frame 129 (t = 0.645):	 total squared error = 0.011261302990844121, marker error: RMS = 0.019705856814351625, max = 0.03866836222018274 (LTTC)
[2026-08-31 22:42:29.971] [info] Frame 130 (t = 0.65):	 total squared error = 0.011340659805254946, marker error: RMS = 0.01977516712101224, max = 0.038831011258847095 (LTTC)
[2026-08-31 22:42:29.983] [info] Frame 131 (t = 0.655):	 total squared error = 0.011401875202423216, marker error: RMS = 0.019828467172940695, max = 0.03895516508581805 (LTTC)
[2026-08-31 22:42:29.994] [info] Frame 132 (t = 0.66):	 total squared error = 0.011473132136842543, marker error: RMS = 0.01989033046729035, max = 0.039093062730944705 (LTTC)
[2026-08-31 22:42:30.007] [info] Frame 133 (t = 0.665):	 total squared error = 0.011560484776589788, marker error: RMS = 0.01996590609236914, max = 0.03929278001909091 (LTTC)
[2026-08-31 22:42:30.020] [info] Frame 134 (t = 0.67):	 total squared error = 0.011628181490685448, marker error: RMS = 0.02002427965098564, max = 0.039447021693762116 (LTTC)
[2026-08-31 22:42:30.031] [info] Frame 135 (t = 0.675):	 total squared error = 0.011705867447997445, marker error: RMS = 0.020091057753515225, max = 0.0396120598816409 (LTTC)
[2026-08-31 22:42:30.047] [info] Frame 136 (t = 0.68):	 total squared error = 0.011795394683218826, marker error: RMS = 0.02016774027245494, max = 0.03981233420629121 (LTTC)
[2026-08-31 22:42:30.058] [info] Frame 137 (t = 0.685):	 total squared error = 0.011861068756892097, marker error: RMS = 0.020223807033476995, max = 0.03992193172585644 (LTTC)
[2026-08-31 22:42:30.069] [info] Frame 138 (t = 0.69):	 total squared error = 0.011918889389988882, marker error: RMS = 0.02027304086371074, max = 0.040074195669049587 (LTTC)
[2026-08-31 22:42:30.080] [info] Frame 139 (t = 0.695):	 total squared error = 0.012009451272580334, marker error: RMS = 0.020349914235674848, max = 0.040269670849420236 (LTTC)
[2026-08-31 22:42:30.093] [info] Frame 140 (t = 0.7):	 total squared error = 0.01210588770814031, marker error: RMS = 0.02043145623123756, max = 0.040496458871393415 (LTTC)
[2026-08-31 22:42:30.107] [info] Frame 141 (t = 0.705):	 total squared error = 0.012177120930748069, marker error: RMS = 0.02049147924748073, max = 0.04064158844244781 (LTTC)
[2026-08-31 22:42:30.116] [info] Frame 142 (t = 0.71):	 total squared error = 0.012235848337289294, marker error: RMS = 0.02054083262027403, max = 0.04075845485906925 (LTTC)
[2026-08-31 22:42:30.126] [info] Frame 143 (t = 0.715):	 total squared error = 0.01229258496882003, marker error: RMS = 0.02058840062520979, max = 0.04083666999215246 (LTTC)
[2026-08-31 22:42:30.135] [info] Frame 144 (t = 0.72):	 total squared error = 0.012357210341980193, marker error: RMS = 0.020642449017681815, max = 0.040975334329483755 (LTTC)
[2026-08-31 22:42:30.148] [info] Frame 145 (t = 0.725):	 total squared error = 0.012438954724559692, marker error: RMS = 0.020710612575698457, max = 0.041170133371693014 (LTTC)
[2026-08-31 22:42:30.159] [info] Frame 146 (t = 0.73):	 total squared error = 0.01252226698354831, marker error: RMS = 0.020779853459000328, max = 0.041383346096902154 (LTTC)
[2026-08-31 22:42:30.169] [info] Frame 147 (t = 0.735):	 total squared error = 0.012587400714485702, marker error: RMS = 0.02083382587283255, max = 0.04153082847569851 (LTTC)
[2026-08-31 22:42:30.177] [info] Frame 148 (t = 0.74):	 total squared error = 0.012657091088629524, marker error: RMS = 0.020891419694441398, max = 0.04160322361271102 (LTTC)
[2026-08-31 22:42:30.188] [info] Frame 149 (t = 0.745):	 total squared error = 0.012711075129928976, marker error: RMS = 0.020935924520182822, max = 0.041806638215592634 (LTTC)
[2026-08-31 22:42:30.196] [info] Frame 150 (t = 0.75):	 total squared error = 0.012785428040897317, marker error: RMS = 0.02099706715225865, max = 0.04189867355692915 (LTTC)
[2026-08-31 22:42:30.207] [info] Frame 151 (t = 0.755):	 total squared error = 0.012839445991980229, marker error: RMS = 0.02104137630871221, max = 0.04204076705045579 (LTTC)
[2026-08-31 22:42:30.217] [info] Frame 152 (t = 0.76):	 total squared error = 0.012908707428480186, marker error: RMS = 0.02109805304670044, max = 0.04220442402572464 (LTTC)
[2026-08-31 22:42:30.227] [info] Frame 153 (t = 0.765):	 total squared error = 0.012974428041048881, marker error: RMS = 0.021151691903509656, max = 0.0423259347064651 (LTTC)
[2026-08-31 22:42:30.235] [info] Frame 154 (t = 0.77):	 total squared error = 0.01303677723122359, marker error: RMS = 0.021202453689514, max = 0.042424671947894205 (LTTC)
[2026-08-31 22:42:30.244] [info] Frame 155 (t = 0.775):	 total squared error = 0.01309294666713059, marker error: RMS = 0.02124808037344144, max = 0.04257703666563808 (LTTC)
[2026-08-31 22:42:30.252] [info] Frame 156 (t = 0.78):	 total squared error = 0.013160169754481055, marker error: RMS = 0.021302557523712285, max = 0.042709485262803264 (LTTC)
[2026-08-31 22:42:30.261] [info] Frame 157 (t = 0.785):	 total squared error = 0.013207483668957921, marker error: RMS = 0.021340817026144446, max = 0.0428750569797046 (LTTC)
[2026-08-31 22:42:30.274] [info] Frame 158 (t = 0.79):	 total squared error = 0.013282235313515148, marker error: RMS = 0.021401124135408005, max = 0.043009142721985694 (LTTC)
[2026-08-31 22:42:30.285] [info] Frame 159 (t = 0.795):	 total squared error = 0.013340475038237935, marker error: RMS = 0.021447992461507772, max = 0.043152710254907474 (LTTC)
[2026-08-31 22:42:30.296] [info] Frame 160 (t = 0.8):	 total squared error = 0.013408838446184634, marker error: RMS = 0.02150287747078535, max = 0.04330526390732793 (LTTC)
[2026-08-31 22:42:30.309] [info] Frame 161 (t = 0.805):	 total squared error = 0.013471881883408922, marker error: RMS = 0.02155336751303684, max = 0.043450068222456596 (LTTC)
[2026-08-31 22:42:30.320] [info] Frame 162 (t = 0.81):	 total squared error = 0.013537389195801271, marker error: RMS = 0.021605705820295418, max = 0.04360596028558034 (LTTC)
[2026-08-31 22:42:30.329] [info] Frame 163 (t = 0.815):	 total squared error = 0.013600310073807756, marker error: RMS = 0.0216558585477844, max = 0.04374419467564043 (LTTC)
[2026-08-31 22:42:30.338] [info] Frame 164 (t = 0.82):	 total squared error = 0.013649510295264176, marker error: RMS = 0.02169499409546389, max = 0.04386043540716696 (LTTC)
[2026-08-31 22:42:30.349] [info] Frame 165 (t = 0.825):	 total squared error = 0.013734004790559843, marker error: RMS = 0.021762039704225116, max = 0.044040779083731364 (LTTC)
[2026-08-31 22:42:30.359] [info] Frame 166 (t = 0.83):	 total squared error = 0.013805983622341597, marker error: RMS = 0.02181899174504633, max = 0.044221552334289066 (LTTC)
[2026-08-31 22:42:30.368] [info] Frame 167 (t = 0.835):	 total squared error = 0.013871703401996147, marker error: RMS = 0.021870861895884046, max = 0.044396266138975606 (LTTC)
[2026-08-31 22:42:30.383] [info] Frame 168 (t = 0.84):	 total squared error = 0.013948796153602845, marker error: RMS = 0.021931551947226426, max = 0.04455767878136309 (LTTC)
[2026-08-31 22:42:30.393] [info] Frame 169 (t = 0.845):	 total squared error = 0.014017052820336698, marker error: RMS = 0.021985146098607748, max = 0.04469080891550182 (LTTC)
[2026-08-31 22:42:30.406] [info] Frame 170 (t = 0.85):	 total squared error = 0.014080452274152912, marker error: RMS = 0.022034809666519828, max = 0.044844739784167816 (LTTC)
[2026-08-31 22:42:30.415] [info] Frame 171 (t = 0.855):	 total squared error = 0.014169904428052943, marker error: RMS = 0.022104691675542347, max = 0.04504447994283983 (LTTC)
[2026-08-31 22:42:30.427] [info] Frame 172 (t = 0.86):	 total squared error = 0.014229883340548314, marker error: RMS = 0.022151425065505388, max = 0.04517524962022343 (LTTC)
[2026-08-31 22:42:30.438] [info] Frame 173 (t = 0.865):	 total squared error = 0.014300675308870246, marker error: RMS = 0.022206457051691726, max = 0.04530555740085348 (LTTC)
[2026-08-31 22:42:30.448] [info] Frame 174 (t = 0.87):	 total squared error = 0.014381560617237568, marker error: RMS = 0.022269168896773398, max = 0.0454789298627408 (LTTC)
[2026-08-31 22:42:30.459] [info] Frame 175 (t = 0.875):	 total squared error = 0.014444971936802602, marker error: RMS = 0.02231820961859172, max = 0.045613866499211134 (LTTC)
[2026-08-31 22:42:30.469] [info] Frame 176 (t = 0.88):	 total squared error = 0.014522910953864597, marker error: RMS = 0.022378338474781427, max = 0.04582200549896932 (LTTC)
[2026-08-31 22:42:30.480] [info] Frame 177 (t = 0.885):	 total squared error = 0.014592941550579283, marker error: RMS = 0.022432228624335526, max = 0.045941716748319594 (LTTC)
[2026-08-31 22:42:30.491] [info] Frame 178 (t = 0.89):	 total squared error = 0.014664383309238782, marker error: RMS = 0.02248707161846004, max = 0.046092143244205325 (LTTC)
[2026-08-31 22:42:30.503] [info] Frame 179 (t = 0.895):	 total squared error = 0.014732374001529273, marker error: RMS = 0.022539141434501395, max = 0.04626852248340054 (LTTC)
[2026-08-31 22:42:30.513] [info] Frame 180 (t = 0.9):	 total squared error = 0.014799626454703934, marker error: RMS = 0.022590527809547276, max = 0.046418398395743056 (LTTC)
[2026-08-31 22:42:30.526] [info] Frame 181 (t = 0.905):	 total squared error = 0.014865773202964215, marker error: RMS = 0.022640955568785776, max = 0.046566148791765474 (LTTC)
[2026-08-31 22:42:30.535] [info] Frame 182 (t = 0.91):	 total squared error = 0.014920607552868207, marker error: RMS = 0.022682674196831232, max = 0.046677900587805694 (LTTC)
[2026-08-31 22:42:30.544] [info] Frame 183 (t = 0.915):	 total squared error = 0.014979251664138611, marker error: RMS = 0.02272720659150736, max = 0.04681077620390674 (LTTC)
[2026-08-31 22:42:30.553] [info] Frame 184 (t = 0.92):	 total squared error = 0.015038094956999088, marker error: RMS = 0.022771802706795304, max = 0.04695690215406355 (LTTC)
[2026-08-31 22:42:30.561] [info] Frame 185 (t = 0.925):	 total squared error = 0.015091089976494469, marker error: RMS = 0.0228118919202807, max = 0.0470831626478075 (LTTC)
[2026-08-31 22:42:30.571] [info] Frame 186 (t = 0.93):	 total squared error = 0.015140366658610389, marker error: RMS = 0.02284910521043657, max = 0.04719756784583392 (LTTC)
[2026-08-31 22:42:30.581] [info] Frame 187 (t = 0.935):	 total squared error = 0.015187819236195568, marker error: RMS = 0.022884883759730985, max = 0.04730071665544792 (LTTC)
[2026-08-31 22:42:30.588] [info] Frame 188 (t = 0.94):	 total squared error = 0.015243083451379183, marker error: RMS = 0.022926481790474032, max = 0.047402429468967305 (LTTC)
[2026-08-31 22:42:30.593] [info] Frame 189 (t = 0.945):	 total squared error = 0.015264182679214597, marker error: RMS = 0.02294234353481503, max = 0.04745058013781239 (LTTC)
[2026-08-31 22:42:30.598] [info] Frame 190 (t = 0.95):	 total squared error = 0.01530321528469684, marker error: RMS = 0.02297165816354252, max = 0.04751753836056402 (LTTC)
[2026-08-31 22:42:30.603] [info] InverseKinematicsTool completed 191 frames in 2 second(s).
[2026-08-31 22:42:30.827] [info] Loaded model AB03_ik from file C:\Users\edgar\Documents\GitHub\WR26\IK\solution\results\Model_ik.osim
[2026-08-31 22:42:31.023] [cout] [info] 
               MODEL: AB03_ik
         coordinates: 42
              forces: 0
           actuators: 0
             muscles: 0
            analyses: 0
              probes: 0
              bodies: 23
              joints: 23
         constraints: 2
             markers: 57
         controllers: 0
  contact geometries: 0
misc modelcomponents: 0
[2026-08-31 22:42:31.023] [info] Running tool .
[2026-08-31 22:42:31.082] [info] Frame 0 (t = 0):	 total squared error = 0.0005616955972832853, marker error: RMS = 0.004401001442788178, max = 0.007821239530146188 (RTH)
[2026-08-31 22:42:31.100] [info] Frame 1 (t = 0.005):	 total squared error = 0.0005685439565754688, marker error: RMS = 0.004427749317637997, max = 0.008146077706950835 (LFM1)
[2026-08-31 22:42:31.115] [info] Frame 2 (t = 0.01):	 total squared error = 0.0005796683665589786, marker error: RMS = 0.0044708572292238, max = 0.008362890719492325 (LFM1)
[2026-08-31 22:42:31.132] [info] Frame 3 (t = 0.015):	 total squared error = 0.0005896417838832166, marker error: RMS = 0.004509154611046046, max = 0.008570208207237785 (LFM1)
[2026-08-31 22:42:31.144] [info] Frame 4 (t = 0.02):	 total squared error = 0.0005987625364163155, marker error: RMS = 0.004543895246851066, max = 0.00859240560647665 (LFM1)
[2026-08-31 22:42:31.161] [info] Frame 5 (t = 0.025):	 total squared error = 0.0006106460055931059, marker error: RMS = 0.00458876441033481, max = 0.008886150124614405 (LFM1)
[2026-08-31 22:42:31.177] [info] Frame 6 (t = 0.03):	 total squared error = 0.0006225925045792709, marker error: RMS = 0.004633433613904231, max = 0.009059917734127449 (LFM1)
[2026-08-31 22:42:31.196] [info] Frame 7 (t = 0.035):	 total squared error = 0.0006348905638861295, marker error: RMS = 0.004678971902569938, max = 0.00926752686525578 (LFM1)
[2026-08-31 22:42:31.210] [info] Frame 8 (t = 0.04):	 total squared error = 0.0006458975796861501, marker error: RMS = 0.004719356983107463, max = 0.009291109799277653 (LFM1)
[2026-08-31 22:42:31.228] [info] Frame 9 (t = 0.045):	 total squared error = 0.0006613103208877654, marker error: RMS = 0.004775332885626261, max = 0.00964718949987555 (LFM1)
[2026-08-31 22:42:31.238] [info] Frame 10 (t = 0.05):	 total squared error = 0.0006744043552538608, marker error: RMS = 0.00482237727629856, max = 0.009667100313677823 (LFM1)
[2026-08-31 22:42:31.248] [info] Frame 11 (t = 0.055):	 total squared error = 0.0006871936737840605, marker error: RMS = 0.0048678879998168305, max = 0.009772908069141214 (LFM1)
[2026-08-31 22:42:31.258] [info] Frame 12 (t = 0.06):	 total squared error = 0.0007057889453872997, marker error: RMS = 0.00493331023157285, max = 0.009964790838918006 (LFM1)
[2026-08-31 22:42:31.271] [info] Frame 13 (t = 0.065):	 total squared error = 0.0007233974665129121, marker error: RMS = 0.004994470965435997, max = 0.010344613734802778 (LFM1)
[2026-08-31 22:42:31.281] [info] Frame 14 (t = 0.07):	 total squared error = 0.0007410878697571616, marker error: RMS = 0.005055171028714785, max = 0.010555002132529351 (LFM1)
[2026-08-31 22:42:31.298] [info] Frame 15 (t = 0.075):	 total squared error = 0.0007620368745268405, marker error: RMS = 0.005126122667706442, max = 0.010937746573679687 (LFM1)
[2026-08-31 22:42:31.307] [info] Frame 16 (t = 0.08):	 total squared error = 0.0007790467293434109, marker error: RMS = 0.005183018456670455, max = 0.01100771546590786 (LFM1)
[2026-08-31 22:42:31.318] [info] Frame 17 (t = 0.085):	 total squared error = 0.0008011623549264376, marker error: RMS = 0.00525607154640342, max = 0.011000622105840286 (LFM1)
[2026-08-31 22:42:31.333] [info] Frame 18 (t = 0.09):	 total squared error = 0.0008282888954257259, marker error: RMS = 0.005344313431037046, max = 0.011669147888081958 (LFM1)
[2026-08-31 22:42:31.344] [info] Frame 19 (t = 0.095):	 total squared error = 0.0008498700182590769, marker error: RMS = 0.005413488958018559, max = 0.011767182923815258 (LFM1)
[2026-08-31 22:42:31.353] [info] Frame 20 (t = 0.1):	 total squared error = 0.0008731000650509036, marker error: RMS = 0.005486975377642836, max = 0.011881372818711081 (LFM1)
[2026-08-31 22:42:31.364] [info] Frame 21 (t = 0.105):	 total squared error = 0.0009060765173489611, marker error: RMS = 0.005589634857449934, max = 0.012258257402340258 (LFM1)
[2026-08-31 22:42:31.374] [info] Frame 22 (t = 0.11):	 total squared error = 0.0009336583160019897, marker error: RMS = 0.005674073875523317, max = 0.012409170123661344 (LFM1)
[2026-08-31 22:42:31.383] [info] Frame 23 (t = 0.115):	 total squared error = 0.0009643817288256508, marker error: RMS = 0.005766675157601502, max = 0.012520413742656524 (LFM1)
[2026-08-31 22:42:31.394] [info] Frame 24 (t = 0.12):	 total squared error = 0.001007200539813159, marker error: RMS = 0.0058933057868233414, max = 0.01322540371661813 (LFM1)
[2026-08-31 22:42:31.404] [info] Frame 25 (t = 0.125):	 total squared error = 0.0010402224044697198, marker error: RMS = 0.00598913500308373, max = 0.013379575863585864 (LFM1)
[2026-08-31 22:42:31.413] [info] Frame 26 (t = 0.13):	 total squared error = 0.0010787786670102852, marker error: RMS = 0.006099119967640004, max = 0.013593063314068426 (LFM1)
[2026-08-31 22:42:31.422] [info] Frame 27 (t = 0.135):	 total squared error = 0.001118588085705549, marker error: RMS = 0.0062106362762090455, max = 0.01375154276616434 (LFM1)
[2026-08-31 22:42:31.432] [info] Frame 28 (t = 0.14):	 total squared error = 0.0011637540261283175, marker error: RMS = 0.006334780909931972, max = 0.014022642417911185 (LFM1)
[2026-08-31 22:42:31.446] [info] Frame 29 (t = 0.145):	 total squared error = 0.0012221062723465593, marker error: RMS = 0.0064916558440938025, max = 0.01481153633985401 (LFM1)
[2026-08-31 22:42:31.457] [info] Frame 30 (t = 0.15):	 total squared error = 0.0012746741908261265, marker error: RMS = 0.0066298025945181974, max = 0.015113971876918144 (LFM1)
[2026-08-31 22:42:31.468] [info] Frame 31 (t = 0.155):	 total squared error = 0.0013301542628946445, marker error: RMS = 0.006772546668401584, max = 0.015476983714203816 (LFM1)
[2026-08-31 22:42:31.480] [info] Frame 32 (t = 0.16):	 total squared error = 0.0013917623265736587, marker error: RMS = 0.00692761173598874, max = 0.015874660326034927 (LFM1)
[2026-08-31 22:42:31.489] [info] Frame 33 (t = 0.165):	 total squared error = 0.0014475844187289836, marker error: RMS = 0.00706517544680264, max = 0.016038593273199536 (LFM1)
[2026-08-31 22:42:31.503] [info] Frame 34 (t = 0.17):	 total squared error = 0.0015286749596503365, marker error: RMS = 0.007260367046032525, max = 0.016758881231044444 (LFM1)
[2026-08-31 22:42:31.513] [info] Frame 35 (t = 0.175):	 total squared error = 0.001597612423909228, marker error: RMS = 0.007422269436168215, max = 0.017113605448278373 (LFM1)
[2026-08-31 22:42:31.524] [info] Frame 36 (t = 0.18):	 total squared error = 0.0016765305487993598, marker error: RMS = 0.007603380710872018, max = 0.01747161515033455 (LFM1)
[2026-08-31 22:42:31.532] [info] Frame 37 (t = 0.185):	 total squared error = 0.0017537952973927084, marker error: RMS = 0.007776612367226065, max = 0.017759440408015224 (LFM1)
[2026-08-31 22:42:31.545] [info] Frame 38 (t = 0.19):	 total squared error = 0.0018539941702707733, marker error: RMS = 0.007995675922497914, max = 0.01844532288049436 (LFM1)
[2026-08-31 22:42:31.558] [info] Frame 39 (t = 0.195):	 total squared error = 0.001946887657905799, marker error: RMS = 0.00819353752473042, max = 0.018932760904097123 (LFM1)
[2026-08-31 22:42:31.574] [info] Frame 40 (t = 0.2):	 total squared error = 0.0020457038279554, marker error: RMS = 0.008398899410566058, max = 0.019401403268652834 (LFM1)
[2026-08-31 22:42:31.587] [info] Frame 41 (t = 0.205):	 total squared error = 0.00214756743343262, marker error: RMS = 0.008605466252836683, max = 0.019837452940130212 (LFM1)
[2026-08-31 22:42:31.599] [info] Frame 42 (t = 0.21):	 total squared error = 0.0022591542026745705, marker error: RMS = 0.008826203547264464, max = 0.020407534183324225 (LFM1)
[2026-08-31 22:42:31.611] [info] Frame 43 (t = 0.215):	 total squared error = 0.0023718204634997696, marker error: RMS = 0.009043611697462182, max = 0.02078084044706825 (LFM1)
[2026-08-31 22:42:31.625] [info] Frame 44 (t = 0.22):	 total squared error = 0.002490318801301193, marker error: RMS = 0.00926677193599984, max = 0.02133149456284795 (LFM1)
[2026-08-31 22:42:31.640] [info] Frame 45 (t = 0.225):	 total squared error = 0.0026177663887590645, marker error: RMS = 0.009500937138458145, max = 0.02194613235622137 (LFM1)
[2026-08-31 22:42:31.652] [info] Frame 46 (t = 0.23):	 total squared error = 0.002745267809652936, marker error: RMS = 0.009729563568290798, max = 0.02245518090198428 (LFM1)
[2026-08-31 22:42:31.667] [info] Frame 47 (t = 0.235):	 total squared error = 0.0028765772040959, marker error: RMS = 0.009959533994249793, max = 0.022946524411194293 (LFM1)
[2026-08-31 22:42:31.679] [info] Frame 48 (t = 0.24):	 total squared error = 0.003004544043553851, marker error: RMS = 0.010178652514900896, max = 0.02331732725996535 (LFM1)
[2026-08-31 22:42:31.691] [info] Frame 49 (t = 0.245):	 total squared error = 0.0031478997291999205, marker error: RMS = 0.010418649937690353, max = 0.02386845588514376 (LFM1)
[2026-08-31 22:42:31.705] [info] Frame 50 (t = 0.25):	 total squared error = 0.0032921826901137112, marker error: RMS = 0.010654742654724414, max = 0.02440668819793946 (LFM1)
[2026-08-31 22:42:31.712] [info] Frame 51 (t = 0.255):	 total squared error = 0.003414179634517414, marker error: RMS = 0.01085036092601248, max = 0.024643168130258346 (LFM1)
[2026-08-31 22:42:31.726] [info] Frame 52 (t = 0.26):	 total squared error = 0.003577272538164534, marker error: RMS = 0.011106494741994408, max = 0.02522327543378171 (LFM1)
[2026-08-31 22:42:31.740] [info] Frame 53 (t = 0.265):	 total squared error = 0.0037335182639578707, marker error: RMS = 0.011346453591408883, max = 0.02585652832561179 (LFM1)
[2026-08-31 22:42:31.749] [info] Frame 54 (t = 0.27):	 total squared error = 0.003857572344083569, marker error: RMS = 0.011533418227172796, max = 0.02599938444906303 (LFM1)
[2026-08-31 22:42:31.765] [info] Frame 55 (t = 0.275):	 total squared error = 0.004028520168899988, marker error: RMS = 0.011786199072761253, max = 0.026732548059054517 (LFM1)
[2026-08-31 22:42:31.779] [info] Frame 56 (t = 0.28):	 total squared error = 0.004177596127668721, marker error: RMS = 0.01200229306779035, max = 0.027146145321445693 (LFM1)
[2026-08-31 22:42:31.790] [info] Frame 57 (t = 0.285):	 total squared error = 0.004318336394916087, marker error: RMS = 0.012202792776607761, max = 0.027439519402899328 (LFM1)
[2026-08-31 22:42:31.801] [info] Frame 58 (t = 0.29):	 total squared error = 0.004469092675489808, marker error: RMS = 0.012413969710870379, max = 0.02771936893757964 (LFM1)
[2026-08-31 22:42:31.814] [info] Frame 59 (t = 0.295):	 total squared error = 0.0046269510933448135, marker error: RMS = 0.012631311796545332, max = 0.028358929640701813 (LFM1)
[2026-08-31 22:42:31.825] [info] Frame 60 (t = 0.3):	 total squared error = 0.004764226942256546, marker error: RMS = 0.01281731983154118, max = 0.0285641052586494 (LFM1)
[2026-08-31 22:42:31.836] [info] Frame 61 (t = 0.305):	 total squared error = 0.0049123130565135835, marker error: RMS = 0.013014995405186285, max = 0.028898625188690578 (LFM1)
[2026-08-31 22:42:31.845] [info] Frame 62 (t = 0.31):	 total squared error = 0.005056559896818563, marker error: RMS = 0.013204701222407644, max = 0.02918186867741206 (LFM1)
[2026-08-31 22:42:31.854] [info] Frame 63 (t = 0.315):	 total squared error = 0.0051706783407402855, marker error: RMS = 0.013352874339593531, max = 0.029326175387407418 (LFM1)
[2026-08-31 22:42:31.869] [info] Frame 64 (t = 0.32):	 total squared error = 0.0053436672903787235, marker error: RMS = 0.013574401987690075, max = 0.0299510974406974 (LFM1)
[2026-08-31 22:42:31.886] [info] Frame 65 (t = 0.325):	 total squared error = 0.005481206883118813, marker error: RMS = 0.013747986539877348, max = 0.030208265844059883 (LFM1)
[2026-08-31 22:42:31.900] [info] Frame 66 (t = 0.33):	 total squared error = 0.0056167226125510466, marker error: RMS = 0.013916899442331512, max = 0.030419271074867932 (LFM1)
[2026-08-31 22:42:31.917] [info] Frame 67 (t = 0.335):	 total squared error = 0.005752895310137412, marker error: RMS = 0.014084590883286811, max = 0.030746160153320306 (LFM1)
[2026-08-31 22:42:31.928] [info] Frame 68 (t = 0.34):	 total squared error = 0.005867831549777422, marker error: RMS = 0.014224592048907489, max = 0.030806135931960195 (LFM1)
[2026-08-31 22:42:31.944] [info] Frame 69 (t = 0.345):	 total squared error = 0.00601741023501162, marker error: RMS = 0.014404752849513702, max = 0.03122846692790645 (LFM1)
[2026-08-31 22:42:31.958] [info] Frame 70 (t = 0.35):	 total squared error = 0.006140752264627825, marker error: RMS = 0.014551634894080274, max = 0.031379211718189776 (LFM1)
[2026-08-31 22:42:31.967] [info] Frame 71 (t = 0.355):	 total squared error = 0.0062416684859376995, marker error: RMS = 0.01467071735774891, max = 0.03140174113637239 (LFM1)
[2026-08-31 22:42:31.980] [info] Frame 72 (t = 0.36):	 total squared error = 0.006394207520127356, marker error: RMS = 0.014848902804151902, max = 0.03170403630324122 (LFM1)
[2026-08-31 22:42:31.993] [info] Frame 73 (t = 0.365):	 total squared error = 0.006504228920228772, marker error: RMS = 0.0149761061651538, max = 0.03173413091681887 (LFM1)
[2026-08-31 22:42:32.007] [info] Frame 74 (t = 0.37):	 total squared error = 0.006630814879741314, marker error: RMS = 0.015121137158183477, max = 0.032088173164064315 (LFM1)
[2026-08-31 22:42:32.016] [info] Frame 75 (t = 0.375):	 total squared error = 0.006732411347377345, marker error: RMS = 0.01523653882700415, max = 0.03208317742726464 (LFM1)
[2026-08-31 22:42:32.028] [info] Frame 76 (t = 0.38):	 total squared error = 0.006868152981456716, marker error: RMS = 0.015389374952529487, max = 0.03226144728868589 (LFM1)
[2026-08-31 22:42:32.042] [info] Frame 77 (t = 0.385):	 total squared error = 0.006978723222606231, marker error: RMS = 0.015512756955671423, max = 0.032370245321852585 (LFM1)
[2026-08-31 22:42:32.056] [info] Frame 78 (t = 0.39):	 total squared error = 0.0070996399164799445, marker error: RMS = 0.015646570535864757, max = 0.03252369148274067 (LFM1)
[2026-08-31 22:42:32.070] [info] Frame 79 (t = 0.395):	 total squared error = 0.007209228668947499, marker error: RMS = 0.015766866906036608, max = 0.03259427044068295 (LFM1)
[2026-08-31 22:42:32.086] [info] Frame 80 (t = 0.4):	 total squared error = 0.007327019830857551, marker error: RMS = 0.015895151972738962, max = 0.03273381777351615 (LFM1)
[2026-08-31 22:42:32.099] [info] Frame 81 (t = 0.405):	 total squared error = 0.0074266330805621205, marker error: RMS = 0.016002837119756374, max = 0.03273897352003348 (LFM1)
[2026-08-31 22:42:32.108] [info] Frame 82 (t = 0.41):	 total squared error = 0.007532755397662799, marker error: RMS = 0.0161167672355936, max = 0.03284946492466655 (LFM1)
[2026-08-31 22:42:32.117] [info] Frame 83 (t = 0.415):	 total squared error = 0.007633478675111305, marker error: RMS = 0.01622416107507704, max = 0.032841008511375086 (LFM1)
[2026-08-31 22:42:32.131] [info] Frame 84 (t = 0.42):	 total squared error = 0.00776455343368639, marker error: RMS = 0.016362861053350507, max = 0.033056587300875746 (LFM1)
[2026-08-31 22:42:32.147] [info] Frame 85 (t = 0.425):	 total squared error = 0.007871700332539809, marker error: RMS = 0.016475373819776373, max = 0.033141169993951176 (LFM1)
[2026-08-31 22:42:32.156] [info] Frame 86 (t = 0.43):	 total squared error = 0.0079733608645818, marker error: RMS = 0.016581419664462617, max = 0.033204517794332825 (LFM1)
[2026-08-31 22:42:32.164] [info] Frame 87 (t = 0.435):	 total squared error = 0.008057498831638593, marker error: RMS = 0.016668676831046985, max = 0.03316866009335185 (LFM1)
[2026-08-31 22:42:32.177] [info] Frame 88 (t = 0.44):	 total squared error = 0.008180956994787885, marker error: RMS = 0.016795891323103794, max = 0.0332856506417859 (LFM1)
[2026-08-31 22:42:32.188] [info] Frame 89 (t = 0.445):	 total squared error = 0.008278713965878192, marker error: RMS = 0.01689594316323034, max = 0.03336715154617234 (LFM1)
[2026-08-31 22:42:32.202] [info] Frame 90 (t = 0.45):	 total squared error = 0.008405806369308537, marker error: RMS = 0.017025140000749537, max = 0.03353524836783753 (LFM1)
[2026-08-31 22:42:32.212] [info] Frame 91 (t = 0.455):	 total squared error = 0.008489319816660724, marker error: RMS = 0.017109505138715998, max = 0.03357325240921632 (LFM1)
[2026-08-31 22:42:32.222] [info] Frame 92 (t = 0.46):	 total squared error = 0.00856733403945232, marker error: RMS = 0.01718794088031642, max = 0.033529269912714973 (LFM1)
[2026-08-31 22:42:32.236] [info] Frame 93 (t = 0.465):	 total squared error = 0.008685747464847172, marker error: RMS = 0.01730631483795993, max = 0.03364458263080991 (LFM1)
[2026-08-31 22:42:32.249] [info] Frame 94 (t = 0.47):	 total squared error = 0.008792232403211853, marker error: RMS = 0.01741207706441022, max = 0.03378765912879761 (LFM1)
[2026-08-31 22:42:32.262] [info] Frame 95 (t = 0.475):	 total squared error = 0.008900717814532446, marker error: RMS = 0.01751916961358028, max = 0.033973180079761814 (LFM1)
[2026-08-31 22:42:32.275] [info] Frame 96 (t = 0.48):	 total squared error = 0.008983213757501681, marker error: RMS = 0.017600170216165213, max = 0.03389571202770673 (LFM1)
[2026-08-31 22:42:32.288] [info] Frame 97 (t = 0.485):	 total squared error = 0.009066547161158164, marker error: RMS = 0.01768161636506448, max = 0.033963452568101314 (LTTC)
[2026-08-31 22:42:32.303] [info] Frame 98 (t = 0.49):	 total squared error = 0.009187262471722949, marker error: RMS = 0.01779893688390807, max = 0.0342791705862359 (LTTC)
[2026-08-31 22:42:32.319] [info] Frame 99 (t = 0.495):	 total squared error = 0.009287094197270418, marker error: RMS = 0.017895380060006644, max = 0.034559142980898315 (LTTC)
[2026-08-31 22:42:32.331] [info] Frame 100 (t = 0.5):	 total squared error = 0.00936639383992829, marker error: RMS = 0.01797161923502058, max = 0.03482871029221407 (LTTC)
[2026-08-31 22:42:32.344] [info] Frame 101 (t = 0.505):	 total squared error = 0.009486535361411409, marker error: RMS = 0.01808651179786159, max = 0.035139655167968055 (LTTC)
[2026-08-31 22:42:32.358] [info] Frame 102 (t = 0.51):	 total squared error = 0.009583855679644891, marker error: RMS = 0.018179047886419147, max = 0.03539282593604358 (LTTC)
[2026-08-31 22:42:32.369] [info] Frame 103 (t = 0.515):	 total squared error = 0.009669967862579247, marker error: RMS = 0.018260535799235093, max = 0.03559241805811328 (LTTC)
[2026-08-31 22:42:32.378] [info] Frame 104 (t = 0.52):	 total squared error = 0.0097607237883028, marker error: RMS = 0.018346026336928358, max = 0.035863849153019316 (LTTC)
[2026-08-31 22:42:32.392] [info] Frame 105 (t = 0.525):	 total squared error = 0.009871932807006267, marker error: RMS = 0.018450243253238272, max = 0.0361367468522664 (LTTC)
[2026-08-31 22:42:32.407] [info] Frame 106 (t = 0.53):	 total squared error = 0.009972655581122718, marker error: RMS = 0.01854412778243097, max = 0.03636490626568149 (LTTC)
[2026-08-31 22:42:32.418] [info] Frame 107 (t = 0.535):	 total squared error = 0.010047566775180686, marker error: RMS = 0.018613646065019522, max = 0.0365607351847961 (LTTC)
[2026-08-31 22:42:32.432] [info] Frame 108 (t = 0.54):	 total squared error = 0.010167582406319983, marker error: RMS = 0.018724483701109167, max = 0.036854001740439804 (LTTC)
[2026-08-31 22:42:32.446] [info] Frame 109 (t = 0.545):	 total squared error = 0.010261374361768546, marker error: RMS = 0.018810648453293635, max = 0.037069219599907645 (LTTC)
[2026-08-31 22:42:32.456] [info] Frame 110 (t = 0.55):	 total squared error = 0.010348652441207416, marker error: RMS = 0.018890476017812945, max = 0.037268997839035936 (LTTC)
[2026-08-31 22:42:32.474] [info] Frame 111 (t = 0.555):	 total squared error = 0.010456363602905472, marker error: RMS = 0.0189885297526995, max = 0.03753971190645576 (LTTC)
[2026-08-31 22:42:32.486] [info] Frame 112 (t = 0.56):	 total squared error = 0.010540870601225402, marker error: RMS = 0.019065106781604436, max = 0.037685995941622016 (LTTC)
[2026-08-31 22:42:32.497] [info] Frame 113 (t = 0.565):	 total squared error = 0.010621847891164287, marker error: RMS = 0.019138197849763693, max = 0.03788154939109097 (LTTC)
[2026-08-31 22:42:32.509] [info] Frame 114 (t = 0.57):	 total squared error = 0.010733774839801402, marker error: RMS = 0.01923876729132362, max = 0.03818579310109133 (LTTC)
[2026-08-31 22:42:32.520] [info] Frame 115 (t = 0.575):	 total squared error = 0.010827851924308025, marker error: RMS = 0.019322893269034108, max = 0.038354212775942524 (LTTC)
[2026-08-31 22:42:32.528] [info] Frame 116 (t = 0.58):	 total squared error = 0.010900939634489487, marker error: RMS = 0.019387998095595375, max = 0.038489055655573035 (LTTC)
[2026-08-31 22:42:32.541] [info] Frame 117 (t = 0.585):	 total squared error = 0.011020727798503258, marker error: RMS = 0.019494232390635757, max = 0.03878552051595701 (LTTC)
[2026-08-31 22:42:32.549] [info] Frame 118 (t = 0.59):	 total squared error = 0.011098926238355504, marker error: RMS = 0.019563271567558733, max = 0.038926676659224564 (LTTC)
[2026-08-31 22:42:32.565] [info] Frame 119 (t = 0.595):	 total squared error = 0.01120652453208191, marker error: RMS = 0.019657870698949507, max = 0.03916585120804092 (LTTC)
[2026-08-31 22:42:32.576] [info] Frame 120 (t = 0.6):	 total squared error = 0.011278336628022379, marker error: RMS = 0.019720754538987056, max = 0.03930685240759521 (LTTC)
[2026-08-31 22:42:32.588] [info] Frame 121 (t = 0.605):	 total squared error = 0.011386174202634582, marker error: RMS = 0.01981481003296705, max = 0.03956840820788904 (LTTC)
[2026-08-31 22:42:32.598] [info] Frame 122 (t = 0.61):	 total squared error = 0.011458296359823254, marker error: RMS = 0.019877466326977195, max = 0.03967287445213008 (LTTC)
[2026-08-31 22:42:32.609] [info] Frame 123 (t = 0.615):	 total squared error = 0.011517519161682897, marker error: RMS = 0.019928768982590953, max = 0.0397279916168415 (LTTC)
[2026-08-31 22:42:32.620] [info] Frame 124 (t = 0.62):	 total squared error = 0.01160368448603308, marker error: RMS = 0.020003176028884014, max = 0.039902385613034816 (LTTC)
[2026-08-31 22:42:32.630] [info] Frame 125 (t = 0.625):	 total squared error = 0.01167871673687314, marker error: RMS = 0.020067744522915494, max = 0.04005657368231089 (LTTC)
[2026-08-31 22:42:32.641] [info] Frame 126 (t = 0.63):	 total squared error = 0.011759655249295193, marker error: RMS = 0.020137163490024413, max = 0.0401914934602937 (LTTC)
[2026-08-31 22:42:32.655] [info] Frame 127 (t = 0.635):	 total squared error = 0.011871808445113593, marker error: RMS = 0.020232960856086214, max = 0.040498291490648396 (LTTC)
[2026-08-31 22:42:32.670] [info] Frame 128 (t = 0.64):	 total squared error = 0.011944585587825988, marker error: RMS = 0.020294882646844058, max = 0.04063691447631725 (LTTC)
[2026-08-31 22:42:32.681] [info] Frame 129 (t = 0.645):	 total squared error = 0.012006552494864646, marker error: RMS = 0.02034745811021752, max = 0.04071654359419809 (LTTC)
[2026-08-31 22:42:32.694] [info] Frame 130 (t = 0.65):	 total squared error = 0.012091584564742694, marker error: RMS = 0.02041938274991874, max = 0.040928449473224576 (LTTC)
[2026-08-31 22:42:32.705] [info] Frame 131 (t = 0.655):	 total squared error = 0.012154190235239792, marker error: RMS = 0.02047217643807607, max = 0.04104069149048591 (LTTC)
[2026-08-31 22:42:32.716] [info] Frame 132 (t = 0.66):	 total squared error = 0.012213474878302471, marker error: RMS = 0.02052204439495152, max = 0.04114438307286372 (LTTC)
[2026-08-31 22:42:32.728] [info] Frame 133 (t = 0.665):	 total squared error = 0.012309954716843648, marker error: RMS = 0.020602941467968587, max = 0.04137164300576833 (LTTC)
[2026-08-31 22:42:32.741] [info] Frame 134 (t = 0.67):	 total squared error = 0.012365118181454925, marker error: RMS = 0.020649052897588577, max = 0.04148397694130942 (LTTC)
[2026-08-31 22:42:32.749] [info] Frame 135 (t = 0.675):	 total squared error = 0.012427010601326555, marker error: RMS = 0.020700666823614523, max = 0.04157906508114562 (LTTC)
[2026-08-31 22:42:32.758] [info] Frame 136 (t = 0.68):	 total squared error = 0.012486669670559001, marker error: RMS = 0.020750296774411987, max = 0.041629804183045016 (LTTC)
[2026-08-31 22:42:32.769] [info] Frame 137 (t = 0.685):	 total squared error = 0.01254381149114006, marker error: RMS = 0.020797721601954762, max = 0.041804027231466055 (LTTC)
[2026-08-31 22:42:32.778] [info] Frame 138 (t = 0.69):	 total squared error = 0.012606734726008002, marker error: RMS = 0.02084981991653645, max = 0.041869142554993174 (LTTC)
[2026-08-31 22:42:32.786] [info] Frame 139 (t = 0.695):	 total squared error = 0.012670461060898766, marker error: RMS = 0.020902450822231817, max = 0.04200425194898708 (LTTC)
[2026-08-31 22:42:32.794] [info] Frame 140 (t = 0.7):	 total squared error = 0.01273325055344118, marker error: RMS = 0.020954178707147535, max = 0.04211881992849164 (LTTC)
[2026-08-31 22:42:32.806] [info] Frame 141 (t = 0.705):	 total squared error = 0.012797529448091911, marker error: RMS = 0.021007001663724434, max = 0.04229265871038276 (LTTC)
[2026-08-31 22:42:32.815] [info] Frame 142 (t = 0.71):	 total squared error = 0.012859511110206164, marker error: RMS = 0.021057811320109126, max = 0.042403845816194045 (LTTC)
[2026-08-31 22:42:32.826] [info] Frame 143 (t = 0.715):	 total squared error = 0.012920930824573823, marker error: RMS = 0.02110803967161346, max = 0.04254418540707121 (LTTC)
[2026-08-31 22:42:32.836] [info] Frame 144 (t = 0.72):	 total squared error = 0.012984038906015686, marker error: RMS = 0.021159524557933296, max = 0.042618451814292975 (LTTC)
[2026-08-31 22:42:32.846] [info] Frame 145 (t = 0.725):	 total squared error = 0.013044145871301451, marker error: RMS = 0.021208444862675657, max = 0.04272952007576 (LTTC)
[2026-08-31 22:42:32.855] [info] Frame 146 (t = 0.73):	 total squared error = 0.01311001437334074, marker error: RMS = 0.0212619251515398, max = 0.042824975274095185 (LTTC)
[2026-08-31 22:42:32.864] [info] Frame 147 (t = 0.735):	 total squared error = 0.013173245474149317, marker error: RMS = 0.02131313782473579, max = 0.04294570069414828 (LTTC)
[2026-08-31 22:42:32.874] [info] Frame 148 (t = 0.74):	 total squared error = 0.013235619925637623, marker error: RMS = 0.021363536390095916, max = 0.043091806640738986 (LTTC)
[2026-08-31 22:42:32.882] [info] Frame 149 (t = 0.745):	 total squared error = 0.013298153640601476, marker error: RMS = 0.021413944570996397, max = 0.043184443809541076 (LTTC)
[2026-08-31 22:42:32.892] [info] Frame 150 (t = 0.75):	 total squared error = 0.013361852148223951, marker error: RMS = 0.021465169981916055, max = 0.043293404039154236 (LTTC)
[2026-08-31 22:42:32.900] [info] Frame 151 (t = 0.755):	 total squared error = 0.013426372130369159, marker error: RMS = 0.02151693168932491, max = 0.043403945134491674 (LTTC)
[2026-08-31 22:42:32.913] [info] Frame 152 (t = 0.76):	 total squared error = 0.013492395405019014, marker error: RMS = 0.021569770837126963, max = 0.04350701089576416 (LTTC)
[2026-08-31 22:42:32.931] [info] Frame 153 (t = 0.765):	 total squared error = 0.013558202128532974, marker error: RMS = 0.02162230818688706, max = 0.04360880811487948 (LTTC)
[2026-08-31 22:42:32.941] [info] Frame 154 (t = 0.77):	 total squared error = 0.013621667730664717, marker error: RMS = 0.021672855842452994, max = 0.04371882788888712 (LTTC)
[2026-08-31 22:42:32.950] [info] Frame 155 (t = 0.775):	 total squared error = 0.01367861661097315, marker error: RMS = 0.02171811305940604, max = 0.04384851869816748 (LTTC)
[2026-08-31 22:42:32.959] [info] Frame 156 (t = 0.78):	 total squared error = 0.013754051831062543, marker error: RMS = 0.021777916552025454, max = 0.043919662819534966 (LTTC)
[2026-08-31 22:42:32.970] [info] Frame 157 (t = 0.785):	 total squared error = 0.013830235562462975, marker error: RMS = 0.021838147232942834, max = 0.0440347734740372 (LTTC)
[2026-08-31 22:42:32.980] [info] Frame 158 (t = 0.79):	 total squared error = 0.01390084951096676, marker error: RMS = 0.021893826488514945, max = 0.04416075888687316 (LTTC)
[2026-08-31 22:42:32.989] [info] Frame 159 (t = 0.795):	 total squared error = 0.01396712253775021, marker error: RMS = 0.021945954412939866, max = 0.04427435177112639 (LTTC)
[2026-08-31 22:42:32.998] [info] Frame 160 (t = 0.8):	 total squared error = 0.014050200407330992, marker error: RMS = 0.02201112603249343, max = 0.04441380949743102 (LTTC)
[2026-08-31 22:42:33.008] [info] Frame 161 (t = 0.805):	 total squared error = 0.014118564381660101, marker error: RMS = 0.022064610752139995, max = 0.044520683824958565 (LTTC)
[2026-08-31 22:42:33.018] [info] Frame 162 (t = 0.81):	 total squared error = 0.014192493217085335, marker error: RMS = 0.022122303628477048, max = 0.044671758560170687 (LTTC)
[2026-08-31 22:42:33.028] [info] Frame 163 (t = 0.815):	 total squared error = 0.014268664612308019, marker error: RMS = 0.02218158961088663, max = 0.044781633006703334 (LTTC)
[2026-08-31 22:42:33.038] [info] Frame 164 (t = 0.82):	 total squared error = 0.01433046719917984, marker error: RMS = 0.022229575824811165, max = 0.04491259805870386 (LTTC)
[2026-08-31 22:42:33.047] [info] Frame 165 (t = 0.825):	 total squared error = 0.014426005929726699, marker error: RMS = 0.02230355308768994, max = 0.045066743326286206 (LTTC)
[2026-08-31 22:42:33.059] [info] Frame 166 (t = 0.83):	 total squared error = 0.01451490193440091, marker error: RMS = 0.02237216707891589, max = 0.045214940506328974 (LTTC)
[2026-08-31 22:42:33.066] [info] Frame 167 (t = 0.835):	 total squared error = 0.01458725293548108, marker error: RMS = 0.022427855936605727, max = 0.04535099404616997 (LTTC)
[2026-08-31 22:42:33.076] [info] Frame 168 (t = 0.84):	 total squared error = 0.014661519751352452, marker error: RMS = 0.022484875952478823, max = 0.04546711637198541 (LTTC)
[2026-08-31 22:42:33.085] [info] Frame 169 (t = 0.845):	 total squared error = 0.014748986590378273, marker error: RMS = 0.022551845700425555, max = 0.04557443414268071 (LTTC)
[2026-08-31 22:42:33.096] [info] Frame 170 (t = 0.85):	 total squared error = 0.014828600821812855, marker error: RMS = 0.022612630603738543, max = 0.04575310700400718 (LTTC)
[2026-08-31 22:42:33.106] [info] Frame 171 (t = 0.855):	 total squared error = 0.014908964423350046, marker error: RMS = 0.022673822383859964, max = 0.04586258223490682 (LTTC)
[2026-08-31 22:42:33.115] [info] Frame 172 (t = 0.86):	 total squared error = 0.014999113799862991, marker error: RMS = 0.022742269470853844, max = 0.0459778364518557 (LTTC)
[2026-08-31 22:42:33.126] [info] Frame 173 (t = 0.865):	 total squared error = 0.015089481742604879, marker error: RMS = 0.02281067637404791, max = 0.04608764132837979 (LTTC)
[2026-08-31 22:42:33.135] [info] Frame 174 (t = 0.87):	 total squared error = 0.015170850177764908, marker error: RMS = 0.02287209576646867, max = 0.046218030601534926 (LTTC)
[2026-08-31 22:42:33.151] [info] Frame 175 (t = 0.875):	 total squared error = 0.01529193589172069, marker error: RMS = 0.02296319085400078, max = 0.04643871424045132 (LTTC)
[2026-08-31 22:42:33.161] [info] Frame 176 (t = 0.88):	 total squared error = 0.015368160776080478, marker error: RMS = 0.02302035139795945, max = 0.046506042652639204 (LTTC)
[2026-08-31 22:42:33.170] [info] Frame 177 (t = 0.885):	 total squared error = 0.015450681514499985, marker error: RMS = 0.023082073589468833, max = 0.046584166434556505 (LTTC)
[2026-08-31 22:42:33.179] [info] Frame 178 (t = 0.89):	 total squared error = 0.01553550870075085, marker error: RMS = 0.023145349350952027, max = 0.04666333671978014 (LTTC)
[2026-08-31 22:42:33.191] [info] Frame 179 (t = 0.895):	 total squared error = 0.015620409667793171, marker error: RMS = 0.02320850740850861, max = 0.04678817961454143 (LTTC)
[2026-08-31 22:42:33.200] [info] Frame 180 (t = 0.9):	 total squared error = 0.015711087370624998, marker error: RMS = 0.023275773531073626, max = 0.04687398417586478 (LTTC)
[2026-08-31 22:42:33.210] [info] Frame 181 (t = 0.905):	 total squared error = 0.015790950757719583, marker error: RMS = 0.023334856831993652, max = 0.046945252423237244 (LTTC)
[2026-08-31 22:42:33.220] [info] Frame 182 (t = 0.91):	 total squared error = 0.01587619731231747, marker error: RMS = 0.023397758006592963, max = 0.04703188000557888 (LTTC)
[2026-08-31 22:42:33.230] [info] Frame 183 (t = 0.915):	 total squared error = 0.015949508988664943, marker error: RMS = 0.023451717817137688, max = 0.04711423002176801 (LTTC)
[2026-08-31 22:42:33.240] [info] Frame 184 (t = 0.92):	 total squared error = 0.016030209454602217, marker error: RMS = 0.023510972826791866, max = 0.047187056661712405 (LTTC)
[2026-08-31 22:42:33.249] [info] Frame 185 (t = 0.925):	 total squared error = 0.016099792576684365, marker error: RMS = 0.023561945192725028, max = 0.047254968822439784 (LTTC)
[2026-08-31 22:42:33.262] [info] Frame 186 (t = 0.93):	 total squared error = 0.016162547294841755, marker error: RMS = 0.023607821099447292, max = 0.047320595117475585 (LTTC)
[2026-08-31 22:42:33.271] [info] Frame 187 (t = 0.935):	 total squared error = 0.016235763188991913, marker error: RMS = 0.02366123206996387, max = 0.047412676804304436 (LTTC)
[2026-08-31 22:42:33.280] [info] Frame 188 (t = 0.94):	 total squared error = 0.016294577338103806, marker error: RMS = 0.023704049805381218, max = 0.04743422118110031 (LTTC)
[2026-08-31 22:42:33.290] [info] Frame 189 (t = 0.945):	 total squared error = 0.01635108702543258, marker error: RMS = 0.02374511712087102, max = 0.04748964812496966 (LTTC)
[2026-08-31 22:42:33.299] [info] Frame 190 (t = 0.95):	 total squared error = 0.016397331184095205, marker error: RMS = 0.02377867139359687, max = 0.047525141974461685 (LTTC)
[2026-08-31 22:42:33.305] [info] Frame 191 (t = 0.955):	 total squared error = 0.016431897949050818, marker error: RMS = 0.02380372178162324, max = 0.04752855502435752 (LTTC)
[2026-08-31 22:42:33.310] [info] Frame 192 (t = 0.96):	 total squared error = 0.016467451604917152, marker error: RMS = 0.023829459892961206, max = 0.04754014424112876 (LTTC)
[2026-08-31 22:42:33.317] [info] Frame 193 (t = 0.965):	 total squared error = 0.016515387466489416, marker error: RMS = 0.023864117824342845, max = 0.04757631021828373 (LTTC)
[2026-08-31 22:42:33.321] [info] InverseKinematicsTool completed 194 frames in 2 second(s).
[2026-08-31 22:42:33.539] [info] Loaded model AB03_ik from file C:\Users\edgar\Documents\GitHub\WR26\IK\solution\results\Model_ik.osim
[2026-08-31 22:42:33.740] [cout] [info] 
               MODEL: AB03_ik
         coordinates: 42
              forces: 0
           actuators: 0
             muscles: 0
            analyses: 0
              probes: 0
              bodies: 23
              joints: 23
         constraints: 2
             markers: 57
         controllers: 0
  contact geometries: 0
misc modelcomponents: 0
[2026-08-31 22:42:33.740] [info] Running tool .
[2026-08-31 22:42:33.816] [info] Frame 0 (t = 0):	 total squared error = 0.0004660726886272252, marker error: RMS = 0.004008924047874748, max = 0.008106804833903407 (RTH)
[2026-08-31 22:42:33.828] [info] Frame 1 (t = 0.005):	 total squared error = 0.00047480864517803926, marker error: RMS = 0.004046320785935169, max = 0.00793356677913102 (RTH)
[2026-08-31 22:42:33.848] [info] Frame 2 (t = 0.01):	 total squared error = 0.00047686935469501684, marker error: RMS = 0.0040550919658563, max = 0.008023414184321754 (RTH)
[2026-08-31 22:42:33.859] [info] Frame 3 (t = 0.015):	 total squared error = 0.0004896891185814306, marker error: RMS = 0.004109237359318849, max = 0.007766309100500787 (RTH)
[2026-08-31 22:42:33.876] [info] Frame 4 (t = 0.02):	 total squared error = 0.00048737754500880755, marker error: RMS = 0.004099527075368941, max = 0.007965193831199596 (RTH)
[2026-08-31 22:42:33.895] [info] Frame 5 (t = 0.025):	 total squared error = 0.0004939824681375698, marker error: RMS = 0.004127211917461997, max = 0.007923978209337428 (RTH)
[2026-08-31 22:42:33.912] [info] Frame 6 (t = 0.03):	 total squared error = 0.000501181102516438, marker error: RMS = 0.0041571753611467305, max = 0.007857987041874634 (RTH)
[2026-08-31 22:42:33.930] [info] Frame 7 (t = 0.035):	 total squared error = 0.0005095405844329678, marker error: RMS = 0.004191701919321932, max = 0.007863162279492065 (RTH)
[2026-08-31 22:42:33.949] [info] Frame 8 (t = 0.04):	 total squared error = 0.0005165716833658479, marker error: RMS = 0.00422052326942855, max = 0.007804171300558226 (RTH)
[2026-08-31 22:42:33.963] [info] Frame 9 (t = 0.045):	 total squared error = 0.0005289418641475836, marker error: RMS = 0.004270758085607138, max = 0.007560667193769345 (RTH)
[2026-08-31 22:42:33.982] [info] Frame 10 (t = 0.05):	 total squared error = 0.0005375019122746256, marker error: RMS = 0.004305176964902259, max = 0.0077849605416895696 (LFM1)
[2026-08-31 22:42:33.994] [info] Frame 11 (t = 0.055):	 total squared error = 0.0005510371747983055, marker error: RMS = 0.004359045983881879, max = 0.007757769916358661 (LFM1)
[2026-08-31 22:42:34.015] [info] Frame 12 (t = 0.06):	 total squared error = 0.0005602347820401171, marker error: RMS = 0.004395274821897265, max = 0.00811143418130478 (LFM1)
[2026-08-31 22:42:34.029] [info] Frame 13 (t = 0.065):	 total squared error = 0.0005753106566791231, marker error: RMS = 0.004454020487848777, max = 0.00825923844988456 (LFM1)
[2026-08-31 22:42:34.049] [info] Frame 14 (t = 0.07):	 total squared error = 0.0005905467446200415, marker error: RMS = 0.0045126135275433184, max = 0.008556954735369403 (LFM1)
[2026-08-31 22:42:34.068] [info] Frame 15 (t = 0.075):	 total squared error = 0.0006064448638940874, marker error: RMS = 0.004572952203819411, max = 0.008768570440089253 (LFM1)
[2026-08-31 22:42:34.083] [info] Frame 16 (t = 0.08):	 total squared error = 0.0006249730176827085, marker error: RMS = 0.004642283243534031, max = 0.00899443606382345 (LFM1)
[2026-08-31 22:42:34.099] [info] Frame 17 (t = 0.085):	 total squared error = 0.0006450382131672524, marker error: RMS = 0.004716216386656503, max = 0.009252186873350483 (LFM1)
[2026-08-31 22:42:34.113] [info] Frame 18 (t = 0.09):	 total squared error = 0.0006659455928390471, marker error: RMS = 0.004792039350045128, max = 0.009355260004354729 (LFM1)
[2026-08-31 22:42:34.128] [info] Frame 19 (t = 0.095):	 total squared error = 0.0006913451492415601, marker error: RMS = 0.004882569805428427, max = 0.009722180666366376 (LFM1)
[2026-08-31 22:42:34.142] [info] Frame 20 (t = 0.1):	 total squared error = 0.000716926892175541, marker error: RMS = 0.0049720837655424085, max = 0.009947076758001324 (LFM1)
[2026-08-31 22:42:34.157] [info] Frame 21 (t = 0.105):	 total squared error = 0.0007455301014527884, marker error: RMS = 0.005070299254763448, max = 0.010309533691862835 (LFM1)
[2026-08-31 22:42:34.170] [info] Frame 22 (t = 0.11):	 total squared error = 0.000773732558167369, marker error: RMS = 0.0051653105463518945, max = 0.010472216548916738 (LFM1)
[2026-08-31 22:42:34.181] [info] Frame 23 (t = 0.115):	 total squared error = 0.0008047043619221712, marker error: RMS = 0.005267677502768969, max = 0.010640800979347219 (LFM1)
[2026-08-31 22:42:34.196] [info] Frame 24 (t = 0.12):	 total squared error = 0.000842681829617331, marker error: RMS = 0.005390546737088507, max = 0.011135012411459061 (LFM1)
[2026-08-31 22:42:34.210] [info] Frame 25 (t = 0.125):	 total squared error = 0.0008782572787263748, marker error: RMS = 0.005503156707671092, max = 0.011305152040956933 (LFM1)
[2026-08-31 22:42:34.224] [info] Frame 26 (t = 0.13):	 total squared error = 0.0009194148169153567, marker error: RMS = 0.005630626892627304, max = 0.01171473656884641 (LFM1)
[2026-08-31 22:42:34.238] [info] Frame 27 (t = 0.135):	 total squared error = 0.0009653696004506354, marker error: RMS = 0.005769627969989995, max = 0.012179146621168917 (LFM1)
[2026-08-31 22:42:34.247] [info] Frame 28 (t = 0.14):	 total squared error = 0.0010058274719064169, marker error: RMS = 0.005889287387095953, max = 0.012326669608151208 (LFM1)
[2026-08-31 22:42:34.261] [info] Frame 29 (t = 0.145):	 total squared error = 0.0010585785287102732, marker error: RMS = 0.00604174708892727, max = 0.01286850919990878 (LFM1)
[2026-08-31 22:42:34.274] [info] Frame 30 (t = 0.15):	 total squared error = 0.0011112581715820617, marker error: RMS = 0.006190254219006935, max = 0.013303110248661796 (LFM1)
[2026-08-31 22:42:34.295] [info] Frame 31 (t = 0.155):	 total squared error = 0.0011665214005576467, marker error: RMS = 0.00634230840319975, max = 0.013723243076998678 (LFM1)
[2026-08-31 22:42:34.308] [info] Frame 32 (t = 0.16):	 total squared error = 0.0012197419190296678, marker error: RMS = 0.006485373248583062, max = 0.013958951491118192 (LFM1)
[2026-08-31 22:42:34.321] [info] Frame 33 (t = 0.165):	 total squared error = 0.0012810615815701495, marker error: RMS = 0.006646392803282273, max = 0.014411910691479188 (LFM1)
[2026-08-31 22:42:34.329] [info] Frame 34 (t = 0.17):	 total squared error = 0.0013402975570289569, marker error: RMS = 0.0067983201703751455, max = 0.014697264556947653 (LFM1)
[2026-08-31 22:42:34.338] [info] Frame 35 (t = 0.175):	 total squared error = 0.0013985401249186696, marker error: RMS = 0.006944459773727517, max = 0.014954246416583087 (LFM1)
[2026-08-31 22:42:34.349] [info] Frame 36 (t = 0.18):	 total squared error = 0.0014780489314478603, marker error: RMS = 0.007139131917305131, max = 0.015558810966318953 (LFM1)
[2026-08-31 22:42:34.357] [info] Frame 37 (t = 0.185):	 total squared error = 0.0015410624842504101, marker error: RMS = 0.0072897246630999205, max = 0.015825236683851468 (LFM1)
[2026-08-31 22:42:34.366] [info] Frame 38 (t = 0.19):	 total squared error = 0.0016084694746316378, marker error: RMS = 0.007447446853954063, max = 0.016120383978892972 (LFM1)
[2026-08-31 22:42:34.380] [info] Frame 39 (t = 0.195):	 total squared error = 0.001698650871057446, marker error: RMS = 0.0076533762463045114, max = 0.016869181183702096 (LFM1)
[2026-08-31 22:42:34.394] [info] Frame 40 (t = 0.2):	 total squared error = 0.001780146400330109, marker error: RMS = 0.007834817077129033, max = 0.01736181787787473 (LFM1)
[2026-08-31 22:42:34.409] [info] Frame 41 (t = 0.205):	 total squared error = 0.0018605826132704621, marker error: RMS = 0.008009870232860037, max = 0.017770071154578376 (LFM1)
[2026-08-31 22:42:34.423] [info] Frame 42 (t = 0.21):	 total squared error = 0.0019451951735433748, marker error: RMS = 0.00818997531372511, max = 0.018173300742302594 (LFM1)
[2026-08-31 22:42:34.432] [info] Frame 43 (t = 0.215):	 total squared error = 0.002022002523790767, marker error: RMS = 0.00835010329027745, max = 0.018429512285686584 (LFM1)
[2026-08-31 22:42:34.441] [info] Frame 44 (t = 0.22):	 total squared error = 0.002102044178382413, marker error: RMS = 0.008513770140964967, max = 0.018670817383821408 (LFM1)
[2026-08-31 22:42:34.448] [info] Frame 45 (t = 0.225):	 total squared error = 0.002187933445336726, marker error: RMS = 0.008685964590860374, max = 0.018947333358290862 (LFM1)
[2026-08-31 22:42:34.457] [info] Frame 46 (t = 0.23):	 total squared error = 0.002277088655598486, marker error: RMS = 0.008861168008164234, max = 0.019216187077921602 (LFM1)
[2026-08-31 22:42:34.472] [info] Frame 47 (t = 0.235):	 total squared error = 0.0024136615581638464, marker error: RMS = 0.009123031782373753, max = 0.020304319874272066 (LFM1)
[2026-08-31 22:42:34.485] [info] Frame 48 (t = 0.24):	 total squared error = 0.0025084996076545543, marker error: RMS = 0.009300536891537321, max = 0.020596897047827304 (LFM1)
[2026-08-31 22:42:34.498] [info] Frame 49 (t = 0.245):	 total squared error = 0.002615213685176406, marker error: RMS = 0.009496303609692683, max = 0.02106968565843505 (LFM1)
[2026-08-31 22:42:34.510] [info] Frame 50 (t = 0.25):	 total squared error = 0.0027179938649243194, marker error: RMS = 0.009681111835770759, max = 0.021420170331599906 (LFM1)
[2026-08-31 22:42:34.522] [info] Frame 51 (t = 0.255):	 total squared error = 0.002833154625343965, marker error: RMS = 0.009884077452186743, max = 0.021875975851973355 (LFM1)
[2026-08-31 22:42:34.536] [info] Frame 52 (t = 0.26):	 total squared error = 0.0029444186973920567, marker error: RMS = 0.010076292930458888, max = 0.02228339061526217 (LFM1)
[2026-08-31 22:42:34.552] [info] Frame 53 (t = 0.265):	 total squared error = 0.003059150559734789, marker error: RMS = 0.010270732706856038, max = 0.022671604314303158 (LFM1)
[2026-08-31 22:42:34.560] [info] Frame 54 (t = 0.27):	 total squared error = 0.0031633659839020063, marker error: RMS = 0.010444213022137825, max = 0.02288951066427009 (LFM1)
[2026-08-31 22:42:34.575] [info] Frame 55 (t = 0.275):	 total squared error = 0.003297168062960739, marker error: RMS = 0.01066280687468933, max = 0.023402428615627323 (LFM1)
[2026-08-31 22:42:34.584] [info] Frame 56 (t = 0.28):	 total squared error = 0.003405012313919255, marker error: RMS = 0.01083578413043346, max = 0.023636197483975836 (LFM1)
[2026-08-31 22:42:34.600] [info] Frame 57 (t = 0.285):	 total squared error = 0.0035416377798129124, marker error: RMS = 0.01105103799121168, max = 0.024110406253271748 (LFM1)
[2026-08-31 22:42:34.617] [info] Frame 58 (t = 0.29):	 total squared error = 0.003664161683458283, marker error: RMS = 0.011240569508609065, max = 0.02441403695162716 (LFM1)
[2026-08-31 22:42:34.633] [info] Frame 59 (t = 0.295):	 total squared error = 0.0037928150794976695, marker error: RMS = 0.011436202467568943, max = 0.024764675762885033 (LFM1)
[2026-08-31 22:42:34.644] [info] Frame 60 (t = 0.3):	 total squared error = 0.003911463039206212, marker error: RMS = 0.011613700350650388, max = 0.024930692365101408 (LFM1)
[2026-08-31 22:42:34.661] [info] Frame 61 (t = 0.305):	 total squared error = 0.004051893804723717, marker error: RMS = 0.0118203416204844, max = 0.025426404828539074 (LFM1)
[2026-08-31 22:42:34.675] [info] Frame 62 (t = 0.31):	 total squared error = 0.004177982135849195, marker error: RMS = 0.012002847558477164, max = 0.025571402294869542 (LFM1)
[2026-08-31 22:42:34.688] [info] Frame 63 (t = 0.315):	 total squared error = 0.004324011576283484, marker error: RMS = 0.012210808632439177, max = 0.025957257554432723 (LFM1)
[2026-08-31 22:42:34.702] [info] Frame 64 (t = 0.32):	 total squared error = 0.004443973126587394, marker error: RMS = 0.012379032782933593, max = 0.0261453055187082 (LFM1)
[2026-08-31 22:42:34.714] [info] Frame 65 (t = 0.325):	 total squared error = 0.004577456586707963, marker error: RMS = 0.012563571569268695, max = 0.02644186376271736 (LFM1)
[2026-08-31 22:42:34.728] [info] Frame 66 (t = 0.33):	 total squared error = 0.004717773379600491, marker error: RMS = 0.012754679167892817, max = 0.026762319341576406 (LFM1)
[2026-08-31 22:42:34.744] [info] Frame 67 (t = 0.335):	 total squared error = 0.004842695276171168, marker error: RMS = 0.012922441421100132, max = 0.02692515651751257 (LFM1)
[2026-08-31 22:42:34.755] [info] Frame 68 (t = 0.34):	 total squared error = 0.004964642535462843, marker error: RMS = 0.013084134292660478, max = 0.027036774013146483 (LFM1)
[2026-08-31 22:42:34.767] [info] Frame 69 (t = 0.345):	 total squared error = 0.005104446713957285, marker error: RMS = 0.013267079706158456, max = 0.027347564280700117 (LFM1)
[2026-08-31 22:42:34.779] [info] Frame 70 (t = 0.35):	 total squared error = 0.005230230698439262, marker error: RMS = 0.013429548864530117, max = 0.027526759250110985 (LFM1)
[2026-08-31 22:42:34.792] [info] Frame 71 (t = 0.355):	 total squared error = 0.005365456605340367, marker error: RMS = 0.01360204929456355, max = 0.027783211433131682 (LFM1)
[2026-08-31 22:42:34.803] [info] Frame 72 (t = 0.36):	 total squared error = 0.005491740064637948, marker error: RMS = 0.013761189885198189, max = 0.027965886532779923 (LFM1)
[2026-08-31 22:42:34.814] [info] Frame 73 (t = 0.365):	 total squared error = 0.0056253453615287075, marker error: RMS = 0.013927577903555614, max = 0.02815351235358641 (LFM1)
[2026-08-31 22:42:34.823] [info] Frame 74 (t = 0.37):	 total squared error = 0.005723401892932348, marker error: RMS = 0.014048440695080162, max = 0.028263484418343244 (LFM1)
[2026-08-31 22:42:34.839] [info] Frame 75 (t = 0.375):	 total squared error = 0.005872865349047945, marker error: RMS = 0.014230692121011985, max = 0.02855431851378064 (LFM1)
[2026-08-31 22:42:34.848] [info] Frame 76 (t = 0.38):	 total squared error = 0.005978161538009202, marker error: RMS = 0.014357698329142528, max = 0.028649373480963428 (LFM1)
[2026-08-31 22:42:34.860] [info] Frame 77 (t = 0.385):	 total squared error = 0.006086849052996199, marker error: RMS = 0.014487627364583939, max = 0.02869864968425067 (LFM1)
[2026-08-31 22:42:34.877] [info] Frame 78 (t = 0.39):	 total squared error = 0.006245037831174078, marker error: RMS = 0.014674676558938223, max = 0.029133797029929888 (LFM1)
[2026-08-31 22:42:34.890] [info] Frame 79 (t = 0.395):	 total squared error = 0.006334670599306385, marker error: RMS = 0.014779611538110924, max = 0.02921496334255047 (LFM1)
[2026-08-31 22:42:34.904] [info] Frame 80 (t = 0.4):	 total squared error = 0.006483259579033544, marker error: RMS = 0.014951945530234108, max = 0.029467898907414695 (LFM1)
[2026-08-31 22:42:34.916] [info] Frame 81 (t = 0.405):	 total squared error = 0.0066076105530279245, marker error: RMS = 0.015094656000041326, max = 0.029716004677754766 (LFM1)
[2026-08-31 22:42:34.927] [info] Frame 82 (t = 0.41):	 total squared error = 0.006722004069010465, marker error: RMS = 0.015224757592782275, max = 0.02985783347659112 (LFM1)
[2026-08-31 22:42:34.936] [info] Frame 83 (t = 0.415):	 total squared error = 0.0068215556608265705, marker error: RMS = 0.015337081119622526, max = 0.02992117491721094 (LFM1)
[2026-08-31 22:42:34.949] [info] Frame 84 (t = 0.42):	 total squared error = 0.0069448418458515826, marker error: RMS = 0.015475054281952129, max = 0.030186667043212472 (LFM1)
[2026-08-31 22:42:34.964] [info] Frame 85 (t = 0.425):	 total squared error = 0.007075400658285193, marker error: RMS = 0.015619837804673804, max = 0.03051336851162716 (LFM1)
[2026-08-31 22:42:34.978] [info] Frame 86 (t = 0.43):	 total squared error = 0.007186269620600988, marker error: RMS = 0.01574174071411351, max = 0.03066991495138591 (LFM1)
[2026-08-31 22:42:34.992] [info] Frame 87 (t = 0.435):	 total squared error = 0.0073103092791697, marker error: RMS = 0.01587701578748968, max = 0.030979484892964256 (LFM1)
[2026-08-31 22:42:35.007] [info] Frame 88 (t = 0.44):	 total squared error = 0.007427810354793096, marker error: RMS = 0.016004105459056107, max = 0.03123566705145013 (LFM1)
[2026-08-31 22:42:35.015] [info] Frame 89 (t = 0.445):	 total squared error = 0.007539353189953955, marker error: RMS = 0.01612382387045048, max = 0.0314167493123053 (LFM1)
[2026-08-31 22:42:35.030] [info] Frame 90 (t = 0.45):	 total squared error = 0.007655859123904884, marker error: RMS = 0.016247927320234317, max = 0.031689591676807204 (LFM1)
[2026-08-31 22:42:35.040] [info] Frame 91 (t = 0.455):	 total squared error = 0.007767944900414357, marker error: RMS = 0.01636643421701274, max = 0.03188523091899006 (LFM1)
[2026-08-31 22:42:35.056] [info] Frame 92 (t = 0.46):	 total squared error = 0.007885470883911757, marker error: RMS = 0.016489778321748458, max = 0.03218853598422006 (LFM1)
[2026-08-31 22:42:35.072] [info] Frame 93 (t = 0.465):	 total squared error = 0.008002820659430162, marker error: RMS = 0.016612023750398344, max = 0.03246393928691187 (LFM1)
[2026-08-31 22:42:35.082] [info] Frame 94 (t = 0.47):	 total squared error = 0.008106730231375047, marker error: RMS = 0.016719522175336034, max = 0.03263746176220322 (LFM1)
[2026-08-31 22:42:35.098] [info] Frame 95 (t = 0.475):	 total squared error = 0.008228608018214767, marker error: RMS = 0.016844735203510066, max = 0.03292471570882381 (LFM1)
[2026-08-31 22:42:35.115] [info] Frame 96 (t = 0.48):	 total squared error = 0.008348793147150669, marker error: RMS = 0.016967304407809285, max = 0.03325057109019177 (LFM1)
[2026-08-31 22:42:35.127] [info] Frame 97 (t = 0.485):	 total squared error = 0.008446648989056395, marker error: RMS = 0.017066451249258704, max = 0.033407747115374066 (LFM1)
[2026-08-31 22:42:35.144] [info] Frame 98 (t = 0.49):	 total squared error = 0.008567801463211833, marker error: RMS = 0.01718840975093174, max = 0.033725834111313746 (LFM1)
[2026-08-31 22:42:35.155] [info] Frame 99 (t = 0.495):	 total squared error = 0.008677403238419515, marker error: RMS = 0.017297999922673456, max = 0.03394478650409176 (LFM1)
[2026-08-31 22:42:35.171] [info] Frame 100 (t = 0.5):	 total squared error = 0.008777797994351745, marker error: RMS = 0.01739777829093143, max = 0.034085603705485475 (LFM1)
[2026-08-31 22:42:35.188] [info] Frame 101 (t = 0.505):	 total squared error = 0.008894564061692123, marker error: RMS = 0.017513112389737878, max = 0.03435920068452652 (LFM1)
[2026-08-31 22:42:35.199] [info] Frame 102 (t = 0.51):	 total squared error = 0.009001196602540354, marker error: RMS = 0.017617777661861067, max = 0.03459529296577935 (LFM1)
[2026-08-31 22:42:35.209] [info] Frame 103 (t = 0.515):	 total squared error = 0.009085361890219695, marker error: RMS = 0.017699953136719276, max = 0.03468427309686771 (LFM1)
[2026-08-31 22:42:35.220] [info] Frame 104 (t = 0.52):	 total squared error = 0.009183417125706824, marker error: RMS = 0.017795211604778854, max = 0.03485794281185906 (LFM1)
[2026-08-31 22:42:35.230] [info] Frame 105 (t = 0.525):	 total squared error = 0.009296022545931744, marker error: RMS = 0.017903980048688983, max = 0.035076150964134016 (LFM1)
[2026-08-31 22:42:35.246] [info] Frame 106 (t = 0.53):	 total squared error = 0.0094332564687612, marker error: RMS = 0.018035650967440895, max = 0.03535374525442782 (LFM1)
[2026-08-31 22:42:35.262] [info] Frame 107 (t = 0.535):	 total squared error = 0.009531481439962339, marker error: RMS = 0.01812930704113659, max = 0.03548914432502436 (LFM1)
[2026-08-31 22:42:35.273] [info] Frame 108 (t = 0.54):	 total squared error = 0.009625045045129921, marker error: RMS = 0.018218070836520536, max = 0.035617284392844305 (LFM1)
[2026-08-31 22:42:35.288] [info] Frame 109 (t = 0.545):	 total squared error = 0.00974396834448928, marker error: RMS = 0.018330273004804505, max = 0.03581750636624898 (LFM1)
[2026-08-31 22:42:35.299] [info] Frame 110 (t = 0.55):	 total squared error = 0.00983901684845114, marker error: RMS = 0.018419458272436767, max = 0.035971916556820034 (LFM1)
[2026-08-31 22:42:35.312] [info] Frame 111 (t = 0.555):	 total squared error = 0.00994005071266499, marker error: RMS = 0.018513788629079708, max = 0.03607065950715314 (LFM1)
[2026-08-31 22:42:35.336] [info] Frame 112 (t = 0.56):	 total squared error = 0.010043718284323119, marker error: RMS = 0.018610080957710027, max = 0.03616887136799346 (LFM1)
[2026-08-31 22:42:35.351] [info] Frame 113 (t = 0.565):	 total squared error = 0.01012937288344918, marker error: RMS = 0.018689267511567628, max = 0.03625562529323082 (LFM1)
[2026-08-31 22:42:35.364] [info] Frame 114 (t = 0.57):	 total squared error = 0.01022079159664466, marker error: RMS = 0.01877341443476575, max = 0.036351711886388284 (LFM1)
[2026-08-31 22:42:35.381] [info] Frame 115 (t = 0.575):	 total squared error = 0.010348984540181025, marker error: RMS = 0.018890779122850154, max = 0.036532472866697425 (LFM1)
[2026-08-31 22:42:35.392] [info] Frame 116 (t = 0.58):	 total squared error = 0.010434503716230527, marker error: RMS = 0.018968670827800942, max = 0.03659227447829803 (LFM1)
[2026-08-31 22:42:35.406] [info] Frame 117 (t = 0.585):	 total squared error = 0.010542179522111719, marker error: RMS = 0.019066290457164337, max = 0.036691299397881585 (LFM1)
[2026-08-31 22:42:35.415] [info] Frame 118 (t = 0.59):	 total squared error = 0.010633378856335625, marker error: RMS = 0.01914858314407012, max = 0.03676673418942452 (LFM1)
[2026-08-31 22:42:35.428] [info] Frame 119 (t = 0.595):	 total squared error = 0.010746950930611576, marker error: RMS = 0.019250571805758784, max = 0.03689799854711794 (LFM1)
[2026-08-31 22:42:35.438] [info] Frame 120 (t = 0.6):	 total squared error = 0.010829191291443628, marker error: RMS = 0.019324088318989983, max = 0.03701983563987562 (LTTC)
[2026-08-31 22:42:35.449] [info] Frame 121 (t = 0.605):	 total squared error = 0.010926391164391572, marker error: RMS = 0.01941061846302046, max = 0.037230888454236985 (LTTC)
[2026-08-31 22:42:35.458] [info] Frame 122 (t = 0.61):	 total squared error = 0.011020765318476679, marker error: RMS = 0.01949426557458114, max = 0.03737805325039764 (LTTC)
[2026-08-31 22:42:35.471] [info] Frame 123 (t = 0.615):	 total squared error = 0.01113392060227448, marker error: RMS = 0.01959408830821568, max = 0.03763935050089164 (LTTC)
[2026-08-31 22:42:35.481] [info] Frame 124 (t = 0.62):	 total squared error = 0.01121261899860147, marker error: RMS = 0.01966321526186736, max = 0.037766533588433265 (LTTC)
[2026-08-31 22:42:35.493] [info] Frame 125 (t = 0.625):	 total squared error = 0.011319822480892472, marker error: RMS = 0.01975699132554528, max = 0.03800329855445762 (LTTC)
[2026-08-31 22:42:35.501] [info] Frame 126 (t = 0.63):	 total squared error = 0.011393301754553177, marker error: RMS = 0.019821010930195695, max = 0.038159620703961415 (LTTC)
[2026-08-31 22:42:35.515] [info] Frame 127 (t = 0.635):	 total squared error = 0.011516738963727062, marker error: RMS = 0.019928093982709227, max = 0.038431825706641956 (LTTC)
[2026-08-31 22:42:35.523] [info] Frame 128 (t = 0.64):	 total squared error = 0.01159450223654986, marker error: RMS = 0.01999525998705681, max = 0.038579828438932595 (LTTC)
[2026-08-31 22:42:35.536] [info] Frame 129 (t = 0.645):	 total squared error = 0.01169531514915639, marker error: RMS = 0.020082000131492254, max = 0.038797954147837745 (LTTC)
[2026-08-31 22:42:35.544] [info] Frame 130 (t = 0.65):	 total squared error = 0.01177524368716301, marker error: RMS = 0.020150505843879993, max = 0.03895612251922624 (LTTC)
[2026-08-31 22:42:35.552] [info] Frame 131 (t = 0.655):	 total squared error = 0.01183863376646492, marker error: RMS = 0.02020467150358441, max = 0.039022884339645014 (LTTC)
[2026-08-31 22:42:35.565] [info] Frame 132 (t = 0.66):	 total squared error = 0.011962674013931496, marker error: RMS = 0.02031024373266841, max = 0.039387144326145374 (LTTC)
[2026-08-31 22:42:35.574] [info] Frame 133 (t = 0.665):	 total squared error = 0.012026512610222287, marker error: RMS = 0.020364364251971516, max = 0.03949561089972102 (LTTC)
[2026-08-31 22:42:35.582] [info] Frame 134 (t = 0.67):	 total squared error = 0.01209883292112244, marker error: RMS = 0.020425502079780528, max = 0.03961217444984387 (LTTC)
[2026-08-31 22:42:35.592] [info] Frame 135 (t = 0.675):	 total squared error = 0.012165381078555658, marker error: RMS = 0.020481599040615455, max = 0.03974532718232037 (LTTC)
[2026-08-31 22:42:35.604] [info] Frame 136 (t = 0.68):	 total squared error = 0.012291838630368288, marker error: RMS = 0.020587775608245255, max = 0.04015848383223864 (LTTC)
[2026-08-31 22:42:35.614] [info] Frame 137 (t = 0.685):	 total squared error = 0.01236092196450521, marker error: RMS = 0.020645548876966534, max = 0.040303423054903864 (LTTC)
[2026-08-31 22:42:35.624] [info] Frame 138 (t = 0.69):	 total squared error = 0.012419706271196016, marker error: RMS = 0.02069458222553714, max = 0.040408615640663226 (LTTC)
[2026-08-31 22:42:35.637] [info] Frame 139 (t = 0.695):	 total squared error = 0.012540705964788642, marker error: RMS = 0.020795146951076104, max = 0.04073060733124013 (LTTC)
[2026-08-31 22:42:35.648] [info] Frame 140 (t = 0.7):	 total squared error = 0.012600122984753978, marker error: RMS = 0.02084435174032225, max = 0.04084331949857399 (LTTC)
[2026-08-31 22:42:35.658] [info] Frame 141 (t = 0.705):	 total squared error = 0.012662618149432297, marker error: RMS = 0.02089598059802023, max = 0.04099868820410899 (LTTC)
[2026-08-31 22:42:35.669] [info] Frame 142 (t = 0.71):	 total squared error = 0.012738652239111858, marker error: RMS = 0.020958622815304494, max = 0.04113572376566268 (LTTC)
[2026-08-31 22:42:35.677] [info] Frame 143 (t = 0.715):	 total squared error = 0.012794359663338748, marker error: RMS = 0.021004399919473973, max = 0.04129688940809455 (LTTC)
[2026-08-31 22:42:35.686] [info] Frame 144 (t = 0.72):	 total squared error = 0.012869138186127569, marker error: RMS = 0.021065692149287118, max = 0.04143326481681767 (LTTC)
[2026-08-31 22:42:35.694] [info] Frame 145 (t = 0.725):	 total squared error = 0.0129499752593449, marker error: RMS = 0.021131750306396607, max = 0.04161892869275896 (LTTC)
[2026-08-31 22:42:35.705] [info] Frame 146 (t = 0.73):	 total squared error = 0.013016391264096932, marker error: RMS = 0.021185869773797536, max = 0.04185784114904333 (LTTC)
[2026-08-31 22:42:35.715] [info] Frame 147 (t = 0.735):	 total squared error = 0.013099766637804997, marker error: RMS = 0.021253613597663645, max = 0.04207509937672544 (LTTC)
[2026-08-31 22:42:35.724] [info] Frame 148 (t = 0.74):	 total squared error = 0.013183473135172718, marker error: RMS = 0.021321409941711347, max = 0.04222617161963103 (LTTC)
[2026-08-31 22:42:35.734] [info] Frame 149 (t = 0.745):	 total squared error = 0.013231520427972206, marker error: RMS = 0.021360227646317113, max = 0.042423092238103303 (LTTC)
[2026-08-31 22:42:35.746] [info] Frame 150 (t = 0.75):	 total squared error = 0.013313438330679802, marker error: RMS = 0.02142624746352634, max = 0.042563770696002395 (LTTC)
[2026-08-31 22:42:35.756] [info] Frame 151 (t = 0.755):	 total squared error = 0.013375535973166576, marker error: RMS = 0.021476158371204434, max = 0.0426881274904221 (LTTC)
[2026-08-31 22:42:35.766] [info] Frame 152 (t = 0.76):	 total squared error = 0.013442839851963104, marker error: RMS = 0.021530123125329106, max = 0.04290776794143645 (LTTC)
[2026-08-31 22:42:35.775] [info] Frame 153 (t = 0.765):	 total squared error = 0.013521190128214835, marker error: RMS = 0.0215927750753738, max = 0.04292258894124059 (LTTC)
[2026-08-31 22:42:35.784] [info] Frame 154 (t = 0.77):	 total squared error = 0.013579723865494471, marker error: RMS = 0.02163946256702011, max = 0.04317794809506792 (LTTC)
[2026-08-31 22:42:35.794] [info] Frame 155 (t = 0.775):	 total squared error = 0.013654845165268919, marker error: RMS = 0.02169923339283808, max = 0.043343123182646784 (LTTC)
[2026-08-31 22:42:35.803] [info] Frame 156 (t = 0.78):	 total squared error = 0.013715140832288395, marker error: RMS = 0.02174708924818596, max = 0.04350140354600527 (LTTC)
[2026-08-31 22:42:35.813] [info] Frame 157 (t = 0.785):	 total squared error = 0.013786727013737862, marker error: RMS = 0.021803769852575133, max = 0.043661723117531755 (LTTC)
[2026-08-31 22:42:35.823] [info] Frame 158 (t = 0.79):	 total squared error = 0.01385368628114972, marker error: RMS = 0.021856653907669527, max = 0.043829112882258305 (LTTC)
[2026-08-31 22:42:35.833] [info] Frame 159 (t = 0.795):	 total squared error = 0.013921525091825959, marker error: RMS = 0.021910102450087014, max = 0.04397301865694192 (LTTC)
[2026-08-31 22:42:35.845] [info] Frame 160 (t = 0.8):	 total squared error = 0.01398267521789812, marker error: RMS = 0.02195816965073091, max = 0.044141832516621696 (LTTC)
[2026-08-31 22:42:35.856] [info] Frame 161 (t = 0.805):	 total squared error = 0.014054716101380052, marker error: RMS = 0.022014662904668986, max = 0.04429005369486351 (LTTC)
[2026-08-31 22:42:35.870] [info] Frame 162 (t = 0.81):	 total squared error = 0.014145319155670251, marker error: RMS = 0.022085507149658005, max = 0.044557979609685244 (LTTC)
[2026-08-31 22:42:35.881] [info] Frame 163 (t = 0.815):	 total squared error = 0.014195674923336786, marker error: RMS = 0.02212478320434348, max = 0.04465867670948794 (LTTC)
[2026-08-31 22:42:35.892] [info] Frame 164 (t = 0.82):	 total squared error = 0.014251873093797376, marker error: RMS = 0.022168534001735803, max = 0.044802398152074555 (LTTC)
[2026-08-31 22:42:35.902] [info] Frame 165 (t = 0.825):	 total squared error = 0.01429880971989996, marker error: RMS = 0.022205008537140476, max = 0.044876129507960945 (LTTC)
[2026-08-31 22:42:35.915] [info] Frame 166 (t = 0.83):	 total squared error = 0.014380842660781906, marker error: RMS = 0.02226861302896655, max = 0.045072670185507216 (LTTC)
[2026-08-31 22:42:35.925] [info] Frame 167 (t = 0.835):	 total squared error = 0.01443096706607485, marker error: RMS = 0.022307387879412978, max = 0.04521590603040894 (LTTC)
[2026-08-31 22:42:35.934] [info] Frame 168 (t = 0.84):	 total squared error = 0.014498296047382838, marker error: RMS = 0.022359365890230458, max = 0.04536217865751927 (LTTC)
[2026-08-31 22:42:35.944] [info] Frame 169 (t = 0.845):	 total squared error = 0.014563228355431997, marker error: RMS = 0.02240937946749853, max = 0.045511570845962725 (LTTC)
[2026-08-31 22:42:35.954] [info] Frame 170 (t = 0.85):	 total squared error = 0.0146244683017989, marker error: RMS = 0.02245644696756053, max = 0.04561113371545825 (LTTC)
[2026-08-31 22:42:35.971] [info] Frame 171 (t = 0.855):	 total squared error = 0.014714390467923983, marker error: RMS = 0.022525380679491287, max = 0.04590868760307783 (LTTC)
[2026-08-31 22:42:35.981] [info] Frame 172 (t = 0.86):	 total squared error = 0.014773347504038664, marker error: RMS = 0.022570462467599844, max = 0.04600468427173776 (LTTC)
[2026-08-31 22:42:35.991] [info] Frame 173 (t = 0.865):	 total squared error = 0.014830048574282184, marker error: RMS = 0.022613734439938825, max = 0.04613739188636964 (LTTC)
[2026-08-31 22:42:36.005] [info] Frame 174 (t = 0.87):	 total squared error = 0.014920532512314576, marker error: RMS = 0.022682617157512838, max = 0.04636786959480199 (LTTC)
[2026-08-31 22:42:36.014] [info] Frame 175 (t = 0.875):	 total squared error = 0.014973504811320601, marker error: RMS = 0.022722846479138643, max = 0.04644243215518505 (LTTC)
[2026-08-31 22:42:36.024] [info] Frame 176 (t = 0.88):	 total squared error = 0.015033101124724413, marker error: RMS = 0.0227680213765775, max = 0.04655682761805205 (LTTC)
[2026-08-31 22:42:36.032] [info] Frame 177 (t = 0.885):	 total squared error = 0.01508856333714915, marker error: RMS = 0.022809982189556873, max = 0.04666934763310788 (LTTC)
[2026-08-31 22:42:36.046] [info] Frame 178 (t = 0.89):	 total squared error = 0.0151922778572302, marker error: RMS = 0.02288824262037864, max = 0.046955670719068136 (LTTC)
[2026-08-31 22:42:36.056] [info] Frame 179 (t = 0.895):	 total squared error = 0.015237452367149247, marker error: RMS = 0.02292224666062783, max = 0.047016492486216414 (LTTC)
[2026-08-31 22:42:36.066] [info] Frame 180 (t = 0.9):	 total squared error = 0.015293761730674229, marker error: RMS = 0.022964561701917595, max = 0.0471206018580169 (LTTC)
[2026-08-31 22:42:36.078] [info] Frame 181 (t = 0.905):	 total squared error = 0.015362395115198532, marker error: RMS = 0.023016032729231438, max = 0.04727603114937 (LTTC)
[2026-08-31 22:42:36.087] [info] Frame 182 (t = 0.91):	 total squared error = 0.015433507188237352, marker error: RMS = 0.023069241492573337, max = 0.047394496935154205 (LTTC)
[2026-08-31 22:42:36.097] [info] Frame 183 (t = 0.915):	 total squared error = 0.015486119272642084, marker error: RMS = 0.023108529006618465, max = 0.04751555342330423 (LTTC)
[2026-08-31 22:42:36.106] [info] Frame 184 (t = 0.92):	 total squared error = 0.015536772291204731, marker error: RMS = 0.02314629060264802, max = 0.04762878038385163 (LTTC)
[2026-08-31 22:42:36.114] [info] Frame 185 (t = 0.925):	 total squared error = 0.015593803508683977, marker error: RMS = 0.023188733522303735, max = 0.04772530776217885 (LTTC)
[2026-08-31 22:42:36.126] [info] Frame 186 (t = 0.93):	 total squared error = 0.01564732194570245, marker error: RMS = 0.023228491679699686, max = 0.04782978004145437 (LTTC)
[2026-08-31 22:42:36.137] [info] Frame 187 (t = 0.935):	 total squared error = 0.015697206779672276, marker error: RMS = 0.023265489300732366, max = 0.047934574214141705 (LTTC)
[2026-08-31 22:42:36.146] [info] Frame 188 (t = 0.94):	 total squared error = 0.01574360622959423, marker error: RMS = 0.023299849214840077, max = 0.04803383396917151 (LTTC)
[2026-08-31 22:42:36.155] [info] Frame 189 (t = 0.945):	 total squared error = 0.015784672661943694, marker error: RMS = 0.023330217686691294, max = 0.048132725611453826 (LTTC)
[2026-08-31 22:42:36.161] [info] Frame 190 (t = 0.95):	 total squared error = 0.015815190861704912, marker error: RMS = 0.023352760201404615, max = 0.04818286476714968 (LTTC)
[2026-08-31 22:42:36.164] [info] InverseKinematicsTool completed 191 frames in 2 second(s).
